{"type":"FeatureCollection","features":[{"type":"Feature","geometry":{"type":"Polygon","coordinates":[[[124.76825064200011,8.4821720020000271],[124.76801776900004,8.4823297550000234],[124.76776236100011,8.4827278910000246],[124.76770977700005,8.4831786120000743],[124.76755953600002,8.483253732000037],[124.76743183200006,8.4834640690000356],[124.76739427200005,8.4838622050000367],[124.76711632800004,8.4840950780000526],[124.7665078550001,8.4843429740000715],[124.76659799900006,8.4847561350000547],[124.76653039100006,8.4853570960000297],[124.76624493400004,8.485439728000074],[124.76592191800012,8.4857702570000697],[124.76541861300007,8.4859204970000519],[124.76442702700001,8.4858378650000645],[124.76371338600006,8.4857402090000278],[124.76291711200008,8.4858904490000668],[124.76263165600005,8.4863712180000448],[124.76248141500002,8.4867768670000601],[124.76186543000006,8.4870022270000618],[124.7616025100001,8.4872726600000306],[124.76049073200011,8.4875506040000346],[124.76016771500008,8.4877985000000535],[124.7600024510001,8.4881140050000567],[124.75994235500002,8.4885572140000249],[124.75970197100003,8.4887525260000416],[124.75929632200007,8.4891206150000471],[124.75900335300003,8.4895187510000483],[124.75881555300009,8.4897366000000716],[124.75883057700003,8.4900220560000434],[124.75914302700005,8.4903909550000662],[124.75936705100003,8.4906334640000409],[124.75930488900008,8.4907900520000226],[124.75872482700004,8.4912410840000234],[124.75816738100002,8.4912215980000383],[124.75783666500001,8.4912531610000315],[124.75777168200011,8.4914281180000444],[124.75775720800004,8.4917310400000474],[124.75766244200008,8.4919713360000628],[124.75701590000006,8.4925217630000702],[124.7566365560001,8.4929082990000211],[124.75645627100005,8.4931352420000508],[124.75623832500003,8.4932223950000321],[124.75547869200011,8.4943913050000219],[124.75523873900011,8.4947826570000302],[124.75420906900001,8.4952090590000466],[124.75393210400011,8.4953597080000236],[124.75160630400001,8.4949525020000465],[124.74977061300001,8.4955203560000427],[124.74951010900008,8.4962636860000771],[124.74910331000001,8.4969432880000682],[124.7478357650001,8.4973192410000706],[124.74786257400001,8.4978007320000302],[124.74747189300001,8.4983116440000686],[124.74705126600008,8.498244259000046],[124.7468436370001,8.4982829100000572],[124.74683464200007,8.4982762430000207],[124.74676246200011,8.4982393540000203],[124.74675499600005,8.4982368960000372],[124.74674503900007,8.498229517000027],[124.74671765500011,8.4982024550000688],[124.74671018900005,8.4981999960000394],[124.74669774300003,8.4981926180000755],[124.74668778800003,8.498190161000025],[124.74667783300004,8.4981852420000337],[124.74666040800003,8.4981729430000428],[124.74665293900011,8.498163102000035],[124.74664795800004,8.4981532590000484],[124.74663551500009,8.4981508030000441],[124.74661311900002,8.4981508110000732],[124.74659072200006,8.4981508200000349],[124.74658077000004,8.4981532850000576],[124.74655588500002,8.4981532950000656],[124.7465484170001,8.4981459140000766],[124.74654840400001,8.4981139190000476],[124.74655337800004,8.4981065340000441],[124.74656332900008,8.4980991470000617],[124.74656332400002,8.4980868410000312],[124.74655336300009,8.4980696170000556],[124.74654838300012,8.4980622350000203],[124.74650856800008,8.4980622510000217],[124.74649861300009,8.4980597930000386],[124.74648865600011,8.4980524140000284],[124.74648367500004,8.4980425710000418],[124.74648367000009,8.4980302660000575],[124.74648864300002,8.4980204190000563],[124.74649610500012,8.4980105710000657],[124.74649858900011,8.4980007260000434],[124.74649858300006,8.4979859590000615],[124.74649609100004,8.4979761150000286],[124.74647368900003,8.4979613570000652],[124.74646124500009,8.4979589010000609],[124.7464512900001,8.4979539820000696],[124.74644382100007,8.49794660200007],[124.74643884000011,8.4979367590000265],[124.74643634800009,8.4979269160000399],[124.74642389900009,8.4979096920000643],[124.74641891800002,8.4978998500000671],[124.74640896200003,8.4978949310000758],[124.74639900500006,8.4978875520000656],[124.74638905000006,8.4978850940000257],[124.74637909400008,8.4978801760000238],[124.7463691370001,8.4978727960000242],[124.74633677400004,8.4978408140000283],[124.74629693400004,8.4977793000000474],[124.74628199600011,8.4977620780000507],[124.74627701600002,8.497752235000064],[124.74626954900009,8.4977497770000241],[124.74625710400005,8.4977423980000708],[124.74624715000004,8.4977424020000285],[124.7461726460001,8.4978320200000326],[124.74612036600001,8.4977754340000615],[124.74609297900008,8.4977409880000323],[124.74607057700007,8.4977262300000689],[124.74604568300003,8.4977016280000726],[124.7460158340001,8.4977336350000314],[124.7459610630001,8.4976721270000439],[124.74597847200005,8.4976475090000463],[124.74593117500001,8.4976056880000215],[124.74571458800006,8.4973768850000511],[124.74569467100002,8.4973522820000653],[124.74569217700002,8.4973399770000242],[124.74569216900011,8.4973202880000258],[124.74571455400007,8.4972907450000434],[124.74574689300005,8.4972627760000705],[124.74574937700004,8.4972529310000482],[124.74576181200007,8.4972332370000458],[124.7457966390001,8.4972036890000595],[124.74582898000006,8.4971815270000661],[124.74583644100005,8.4971716790000755],[124.74583643100004,8.4971470680000607],[124.74582896200002,8.4971372260000635],[124.74582895800006,8.4971273810000412],[124.7458239770001,8.497117539000044],[124.74581401100011,8.4970855480000296],[124.74580404900007,8.4970658620000563],[124.74579160000008,8.4970486390000701],[124.74578661900011,8.4970387960000267],[124.74577168300004,8.4970240350000381],[124.74575176400003,8.4969969710000441],[124.74571691200003,8.49696252800004],[124.74570197200001,8.4969379220000292],[124.74568205300011,8.4969108570000458],[124.7456347530001,8.4968616530000531],[124.74561483900004,8.4968444330000352],[124.74560488300006,8.4968395140000439],[124.74559244200009,8.4968419800000561],[124.74558497900011,8.496849366000049],[124.74557503300002,8.496869059000062],[124.74555014800001,8.4968690690000699],[124.74554019200002,8.4968616900000598],[124.74553272300011,8.4968543090000708],[124.74552276300005,8.4968370850000383],[124.7455227590001,8.4968272400000728],[124.74550284000009,8.4968001750000326],[124.74549288300011,8.4967903350000711],[124.74548790200004,8.4967804920000276],[124.7454729640001,8.4967632700000308],[124.74545553900009,8.4967485100000317],[124.74542815300003,8.4967140640000594],[124.74541819500007,8.4967042230000516],[124.74540333000004,8.4966986400000337],[124.74539605200005,8.4967082550000441],[124.74539120400004,8.4967178680000757],[124.74538634900011,8.4967202740000403],[124.74531347700008,8.4967107330000431],[124.74530859900005,8.496689118000063],[124.74530857900004,8.4966675000000578],[124.74530128600009,8.4966603000000305],[124.74527699400005,8.4966555180000682],[124.74520892100008,8.4965835180000227],[124.74525017400003,8.4965450460000511],[124.7450667280001,8.4963413400000718],[124.74505179200003,8.4963290400000346],[124.74504432300012,8.4963191990000269],[124.74503685600007,8.4963142790000461],[124.74502689800011,8.4963044390000277],[124.74501694200001,8.4962995200000364],[124.74499951700011,8.4962847600000373],[124.74496715400005,8.4962503160000438],[124.74493479200009,8.4962207950000561],[124.74492483200004,8.4962035710000237],[124.74491487500006,8.4961961910000241],[124.7449098940001,8.4961863490000269],[124.7448924680001,8.4961691270000301],[124.7448700650001,8.4961519080000585],[124.74486010900011,8.4961469900000566],[124.74484268300012,8.4961297680000598],[124.74483023400012,8.4961125450000736],[124.7448177870001,8.496100244000047],[124.74478791800004,8.496080566000046],[124.74477547400011,8.4960756490000335],[124.74474311400002,8.4960510500000623],[124.74473564600009,8.4960436690000734],[124.74471324500007,8.4960313720000613],[124.74469333400009,8.4960239960000763],[124.74464106400001,8.4959920220000527],[124.74462115000006,8.4959748010000453],[124.74460870500002,8.4959674220000352],[124.74459127800003,8.4959477400000765],[124.74458132100006,8.4959403600000769],[124.74454895500003,8.4959009940000669],[124.74453401900007,8.4958862330000215],[124.74452903700001,8.4958739290000267],[124.74451907900004,8.4958640880000758],[124.74449667100009,8.4958321020000653],[124.74447426400002,8.4958050380000714],[124.7444667960001,8.4958001180000338],[124.7444493700001,8.4957828970000264],[124.74442696800008,8.495768139000063],[124.74440456800005,8.4957583030000592],[124.7443846540001,8.4957410820000518],[124.74430465100011,8.4956578800000671],[124.74428971600003,8.4956480420000275],[124.74428722400012,8.4956381980000515],[124.74426481900002,8.495616056000074],[124.74423743900002,8.4955963780000729],[124.74423245900005,8.4955889960000377],[124.74422001300002,8.4955791560000762],[124.74421005700003,8.4955742380000743],[124.74416524900005,8.4955348770000683],[124.74415280400001,8.4955274980000581],[124.7441453350001,8.4955176560000609],[124.74411297500001,8.4954905960000247],[124.74409803500009,8.4954684520000683],[124.74409056700006,8.4954610710000225],[124.74407562900001,8.4954413880000743],[124.7440631820001,8.4954290870000477],[124.74405820200002,8.4954217050000693],[124.74403081900005,8.4953971040000624],[124.74402583800008,8.4953872610000758],[124.74401837100004,8.4953823420000276],[124.74399596400008,8.4953552780000336],[124.74379744500004,8.4952012090000721],[124.74376507800002,8.4951569200000563],[124.74375512000006,8.4951470790000485],[124.74374267500002,8.4951397010000278],[124.74368541800004,8.4950831160000462],[124.74367297200001,8.4950732760000278],[124.74367048200008,8.4950683550000576],[124.74365554600001,8.4950560550000205],[124.74365056700003,8.4950486730000421],[124.74364060900007,8.4950388330000237],[124.74363065300008,8.4950339140000324],[124.74361322600009,8.4950142320000737],[124.74358335800002,8.494997015000024],[124.74357340200004,8.4949896350000245],[124.74355349000007,8.4949797980000312],[124.74352362100001,8.4949601210000765],[124.74349872800008,8.4949379800000315],[124.74348628300004,8.4949306010000214],[124.74346885800003,8.4949158410000223],[124.74344645300005,8.4948912380000365],[124.74344147200009,8.4948813950000499],[124.74343151400001,8.4948715550000315],[124.74342404100003,8.4948518680000689],[124.74341159000005,8.4948297230000662],[124.74337673600007,8.4947878970000374],[124.74335184200004,8.4947632950000411],[124.74333441800002,8.4947509960000502],[124.74332197400008,8.4947460780000483],[124.74331450500006,8.4947386980000488],[124.74329210400003,8.4947239390000391],[124.74327467900002,8.49470917900004],[124.74324729800003,8.4946895000000495],[124.74323236700002,8.4946870450000347],[124.74318010100001,8.4946649140000545],[124.74316765500009,8.4946575360000338],[124.74315520700009,8.4946427740000559],[124.74314773300011,8.4946206260000281],[124.74315519600009,8.4946132400000351],[124.74315519200002,8.4946033950000697],[124.7431278140001,8.4945911000000365],[124.74312035100002,8.4945960250000212],[124.74311288900003,8.4946058730000686],[124.7431079160001,8.4946157190000235],[124.74310045400011,8.4946231050000733],[124.74308801300003,8.4946255710000287],[124.74307805700005,8.4946206530000268],[124.74306311800001,8.4945985080000241],[124.74306560100001,8.494586201000061],[124.74308052200001,8.4945615840000528],[124.74308051800006,8.4945517400000767],[124.74305562300003,8.4945246760000259],[124.74304566300009,8.4945074520000503],[124.74302823500011,8.4944853080000371],[124.74301579000007,8.4944779300000732],[124.74300832200004,8.4944705490000274],[124.74298094100004,8.494450870000037],[124.7429585430001,8.494445957000039],[124.74294610100003,8.4944459610000536],[124.74293614500004,8.4944410430000516],[124.74292120900009,8.4944262810000737],[124.74291125200011,8.4944189020000636],[124.74290627200003,8.4944115200000283],[124.74287640300008,8.4943918420000273],[124.7428564920001,8.494382005000034],[124.74283906700009,8.4943672450000349],[124.74283159700008,8.4943574030000377],[124.74282661600012,8.4943450990000429],[124.74282661300003,8.494337716000075],[124.74282163100008,8.4943254120000233],[124.74279424600002,8.4942934270000592],[124.74278180300007,8.4942934320000631],[124.74275941700012,8.4943180520000396],[124.7427494640001,8.4943205170000624],[124.74273951000009,8.494320521000077],[124.74271710500011,8.4942983790000426],[124.74270964100003,8.4943008430000759],[124.7426996910001,8.4943106910000665],[124.74269222700002,8.4943156160000513],[124.74268227500011,8.494318081000074],[124.74267231900001,8.4943131630000721],[124.74266982600011,8.4943033190000392],[124.74266981200003,8.4942664020000507],[124.74266483100007,8.494256559000064],[124.74264740600006,8.4942417980000755],[124.74264399600008,8.4942056810000395],[124.74263901400002,8.4941933770000446],[124.74262905800003,8.4941859970000451],[124.74259173100006,8.4941860110000675],[124.74258177600007,8.4941835540000739],[124.74256684000011,8.4941687930000285],[124.74255937000009,8.494156490000023],[124.74255936600002,8.4941466450000576],[124.74255438500006,8.4941368020000709],[124.74253696100004,8.4941245030000232],[124.74250211700007,8.4941097500000637],[124.74248220400011,8.4940949900000646],[124.74247473200012,8.4940777650000427],[124.74245232400006,8.4940482400000406],[124.74243489900005,8.4940310180000438],[124.74242494300006,8.4940261000000419],[124.7424100070001,8.4940113390000533],[124.74234031100002,8.4939621420000435],[124.74231541800009,8.4939400010000554],[124.74229550500002,8.4939252420000457],[124.74228803900007,8.4939227840000626],[124.74225321300003,8.4939547920000678],[124.74212128500005,8.4938490120000552],[124.7421163030001,8.4938367090000497],[124.74211131800007,8.4938145600000325],[124.74210633700011,8.4938047170000459],[124.74208891400008,8.4937948800000527],[124.74204661100009,8.493794896000054],[124.74201425300009,8.4937752190000424],[124.7419918490001,8.4937530770000649],[124.74195451000003,8.4937210960000584],[124.74193459700007,8.4937063370000487],[124.74191219200009,8.4936841950000712],[124.74190472300006,8.493674353000074],[124.74187236500006,8.4936522150000542],[124.74186489700003,8.4936448340000652],[124.74185494100004,8.4936399160000633],[124.74184498400007,8.4936325360000637],[124.74183004800011,8.4936177750000752],[124.74182506800003,8.4936103930000399],[124.74178523800003,8.4935710300000551],[124.74171305300001,8.4935193730000265],[124.74169562800012,8.4935046130000273],[124.74166078200005,8.4934824750000644],[124.74164833500004,8.4934701740000378],[124.74162842100009,8.4934554150000281],[124.74162593100004,8.4934504930000685],[124.74160850800001,8.493440655000029],[124.74155374500003,8.4933963750000316],[124.74152138700003,8.4933742370000687],[124.74151640700006,8.4933668550000334],[124.74149898400003,8.4933570170000507],[124.74149151600011,8.4933496360000618],[124.74147409300008,8.4933397980000223],[124.74143924900011,8.4933250440000734],[124.74142680400007,8.4933176660000527],[124.74141684900007,8.4933152080000696],[124.74137951400007,8.4932930720000286],[124.74136707000002,8.4932881540000267],[124.74135462300001,8.4932758530000569],[124.74131556100008,8.493243011000061],[124.74129316200003,8.4932356360000654],[124.74125334000007,8.4932159610000326],[124.7412160020001,8.493188903000032],[124.74119608800004,8.4931716820000247],[124.74119110900006,8.4931643010000357],[124.74118115300007,8.4931593820000444],[124.74116124000011,8.4931446230000347],[124.74110150500007,8.4931126500000573],[124.74104176500009,8.4930683720000388],[124.74101687100006,8.4930437700000425],[124.74099944700004,8.493029009000054],[124.74093970900003,8.4929896530000519],[124.74093472900006,8.4929822720000629],[124.74092477400006,8.4929773530000716],[124.74090734800006,8.4929601320000643],[124.74089988200001,8.4929576730000349],[124.74086503100011,8.4929232300000308],[124.7408575610001,8.492913389000023],[124.74085507000007,8.4929060060000552],[124.74078785300003,8.4928297360000329],[124.74074802700011,8.4928002170000241],[124.74074304600003,8.4927903740000374],[124.74072562300012,8.4927780750000466],[124.74072313200008,8.4927731540000764],[124.74069326300003,8.4927510150000671],[124.74067085700005,8.4927264120000245],[124.74066338700004,8.492714109000076],[124.74063600400007,8.4926870460000714],[124.74062604800008,8.4926796670000613],[124.74061111000003,8.4926599830000669],[124.74059119600008,8.4926427630000489],[124.74055137200003,8.4926206270000648],[124.74054390400011,8.4926132470000653],[124.74053394800001,8.4926083280000739],[124.74052399200002,8.4926009480000744],[124.74051154800009,8.4925960310000619],[124.74049661200002,8.4925837310000247],[124.74048167900003,8.4925763530000609],[124.74044433800009,8.4925369880000403],[124.74043935800012,8.4925296070000513],[124.7404219340001,8.492517307000071],[124.74041197600002,8.492505005000055],[124.7403870820001,8.4924804030000587],[124.74035970200009,8.4924607240000682],[124.74034227600009,8.4924435030000609],[124.7403099170001,8.4924189030000434],[124.74027506600009,8.4923844600000393],[124.74027008600001,8.4923770790000503],[124.74026012800005,8.4923672380000426],[124.74024021500009,8.4923524780000434],[124.74023274600006,8.4923426360000462],[124.74022527900001,8.4923377170000549],[124.74021532000006,8.4923254150000389],[124.74019789500005,8.4923081930000421],[124.74018544600005,8.4922909700000559],[124.74017797900001,8.4922860500000752],[124.74016055300001,8.4922688290000679],[124.74012072800008,8.4922417710000673],[124.74009832800004,8.492231934000074],[124.74008837300005,8.4922294770000235],[124.74007841900004,8.492229481000038],[124.74006846300006,8.4922221010000385],[124.74005602000011,8.4922196440000448],[124.74002615100005,8.4921999660000438],[124.74000872900001,8.4921925890000693],[124.73999877200004,8.4921852090000698],[124.73997637200011,8.4921729120000577],[124.73994443900006,8.4921313040000541],[124.73993448200008,8.4921239240000546],[124.73991954600001,8.492109163000066],[124.73990958900004,8.4921017830000665],[124.73989963400004,8.4920968640000751],[124.73989216600012,8.4920894840000756],[124.73987972100008,8.4920821050000654],[124.73980256300001,8.4920402940000486],[124.73975029200005,8.4920033960000296],[124.73973286800003,8.4919886360000305],[124.73972788800006,8.4919812540000521],[124.73971544300002,8.4919738760000314],[124.7397079750001,8.4919664950000424],[124.73968556800003,8.4919369700000402],[124.73967809800001,8.4919246670000348],[124.73966814100004,8.491914826000027],[124.73963080600004,8.4918926890000535],[124.73962333800011,8.4918853090000539],[124.73957107000001,8.4918557940000596],[124.73955115700005,8.4918410350000499],[124.73953373400002,8.4918311970000673],[124.73951631000011,8.4918188980000764],[124.73949888800007,8.4918115210000451],[124.73945159900006,8.491786927000021],[124.73942920100001,8.4917820130000337],[124.73939933500003,8.4917672570000491],[124.73939186600012,8.4917598760000601],[124.73937693300002,8.4917524980000394],[124.7393694650001,8.4917451180000398],[124.73936199700006,8.4917377370000509],[124.73935452800004,8.4917278950000536],[124.73934954700007,8.4917180530000564],[124.73933461000001,8.4917008300000703],[124.73931967400006,8.4916860690000249],[124.73930971800007,8.4916786890000253],[124.73927985000012,8.4916614720000325],[124.73926989600011,8.4916614760000471],[124.7392599420001,8.491659018000064],[124.73924998600012,8.491654100000062],[124.73924252100005,8.4916541030000303],[124.73923007700012,8.4916491850000284],[124.73921265200011,8.4916344240000399],[124.73920020700007,8.491627046000076],[124.73917531400002,8.4916049040000416],[124.73916535900003,8.4915999860000397],[124.73913797900002,8.4915803070000493],[124.73912802300003,8.491575388000058],[124.73911806800004,8.4915729310000643],[124.73911060100011,8.4915680110000267],[124.73909815800005,8.4915655550000224],[124.73908073600012,8.491558178000048],[124.73905833900005,8.4915532640000606],[124.73902847400007,8.4915434300000356],[124.73901603200011,8.4915434350000396],[124.73881955500008,8.4918339230000583],[124.73875504700004,8.4917871850000211],[124.73895149300006,8.4914204010000276],[124.73893406400009,8.4913933350000548],[124.73892410600001,8.4913810330000388],[124.73891912500005,8.4913711900000521],[124.73890170000004,8.4913539690000448],[124.73887929800003,8.4913392100000351],[124.73884943300004,8.4913269160000482],[124.73883947700006,8.4913219970000569],[124.73882952000008,8.4913146170000573],[124.73881707600003,8.4913097000000448],[124.7388046320001,8.4913023210000347],[124.73878223400004,8.4912974070000473],[124.73876232600003,8.4912974140000301],[124.73874241800002,8.4912949600000616],[124.73870757700001,8.4912875900000699],[124.73868269200011,8.4912851380000234],[124.73865034000005,8.4912777660000529],[124.73863789800009,8.4912777710000569],[124.73862545500003,8.4912753140000632],[124.7386130110001,8.4912703960000613],[124.73860305700009,8.4912704000000758],[124.7385931020001,8.4912679430000253],[124.7385831470001,8.491263024000034],[124.73853882800006,8.491228101000047],[124.7385064660001,8.4911936570000535],[124.73846913000011,8.4911690590000717],[124.73844673000008,8.4911567620000596],[124.73838699900011,8.4911346330000583],[124.73836708800002,8.4911247960000651],[124.73835713400001,8.4911223390000714],[124.7383347330001,8.4911100410000699],[124.73831233500005,8.4911026660000744],[124.73830486800011,8.4910977460000368],[124.73828744600007,8.4910903690000623],[124.7382774890001,8.4910829900000522],[124.73827002300004,8.4910805310000228],[124.73825757700001,8.4910706910000613],[124.73824513300008,8.4910657740000488],[124.73821526400002,8.4910436340000501],[124.73820530900002,8.4910411770000565],[124.7381928640001,8.4910337980000463],[124.73818042100004,8.4910288800000444],[124.73814557100002,8.4909968980000485],[124.73813312100003,8.4909772140000541],[124.73812316400006,8.4909673730000463],[124.73811320800007,8.490962454000055],[124.7381032510001,8.4909526130000472],[124.73809329500011,8.4909476950000453],[124.73808333900001,8.4909403150000458],[124.7380758700001,8.4909304730000486],[124.73806590900006,8.4909107870000753],[124.73806589800006,8.4908837150000522],[124.73807336200002,8.4908787900000675],[124.73808082300002,8.4908664810000687],[124.73808579600006,8.4908566350000569],[124.73808828000006,8.4908467890000452],[124.73808578800003,8.4908369460000586],[124.73807831800002,8.4908246430000531],[124.73805093800001,8.4908049640000627],[124.73804098300002,8.4908000450000713],[124.73799369000005,8.4907656060000249],[124.73790160200008,8.4907238010000583],[124.73788667000008,8.4907188840000458],[124.73784186600005,8.4906869060000645],[124.73781199400003,8.4906573830000411],[124.73778710400006,8.4906426250000209],[124.73775724000006,8.4906352530000504],[124.73774728400008,8.4906278730000508],[124.73770745400009,8.4905885090000766],[124.73769749600001,8.4905762070000605],[124.73768256200003,8.4905663680000316],[124.73762681400001,8.4905431070000645],[124.73761934600009,8.4905381880000732],[124.73760938900011,8.4905283470000654],[124.73756209800001,8.4904988300000355],[124.7375496520001,8.490488990000074],[124.73753720700006,8.4904816110000638],[124.73752973900002,8.4904742310000643],[124.7375123170001,8.4904643920000353],[124.73750484900006,8.4904570120000358],[124.73747249400003,8.4904422570000406],[124.73746004800012,8.4904324170000223],[124.73744760400007,8.4904274990000204],[124.73744013600003,8.4904201180000314],[124.73739782900009,8.4904102890000672],[124.7373779190001,8.4904029130000254],[124.73736547600004,8.4904004570000211],[124.73735552000005,8.4903955380000298],[124.73734556700003,8.4903955420000443],[124.73731072400005,8.4903832490000468],[124.73729579300004,8.4903807930000426],[124.73728334900011,8.4903758750000407],[124.73727090700004,8.4903758800000446],[124.73724850700012,8.4903660430000514],[124.73722610900006,8.4903586680000558],[124.73717882000005,8.4903340740000317],[124.73717135200002,8.4903266930000427],[124.73714646300004,8.490314397000077],[124.73713152900007,8.490304558000048],[124.73712157200009,8.4902971780000485],[124.73709667900005,8.4902725750000627],[124.73708672300006,8.4902651960000526],[124.73706432400002,8.4902578200000676],[124.73705685900006,8.4902578230000358],[124.73704441400002,8.4902504440000257],[124.73702201500009,8.4902406080000219],[124.73701205800012,8.4902332280000223],[124.73697472600008,8.4902184750000629],[124.73695050200001,8.4901987940000367],[124.73696044200005,8.4901618740000231],[124.73692311100001,8.4901495810000256],[124.7369106650001,8.4901397410000641],[124.73687831100005,8.4901274470000203],[124.73684595600002,8.4901102310000738],[124.73683102300004,8.4901053140000613],[124.73679368800003,8.4900807160000227],[124.73678124500009,8.4900782600000753],[124.73669663900012,8.4900782910000316],[124.73668419500007,8.4900733730000297],[124.73666925800001,8.4900561500000435],[124.73666427700005,8.4900463070000569],[124.73666178400003,8.4900340020000726],[124.7366518230001,8.490014317000032],[124.73663937900005,8.49000939900003],[124.73661200600009,8.490009409000038],[124.73659210300002,8.4900192610000431],[124.73657966100006,8.4900192650000577],[124.73655477800003,8.4900241970000252],[124.73651994000011,8.4900242090000688],[124.73650749600006,8.4900168300000587],[124.7365025150001,8.4900069880000615],[124.73648509000009,8.4899897660000647],[124.73648011000012,8.4899823840000295],[124.73647263600003,8.4899602360000586],[124.73646765600006,8.4899503940000614],[124.73646018700003,8.4899405520000641],[124.73644276200002,8.4899257910000756],[124.73643529600008,8.4899233320000462],[124.73642285100004,8.4899159530000361],[124.73641538600009,8.4899159560000612],[124.73640294200004,8.4899110380000593],[124.73635815000011,8.4899110550000501],[124.73634073700009,8.4899258280000254],[124.7363258150001,8.4899479840000254],[124.73631835100002,8.4899529090000669],[124.73630591100004,8.4899578350000411],[124.73628600500001,8.4899627650000298],[124.7362685920001,8.4899775380000619],[124.73625615100002,8.4899824650000255],[124.73623375600005,8.4899824730000546],[124.73622380100005,8.4899800150000715],[124.73620637700003,8.4899677160000238],[124.73619144400004,8.4899603380000599],[124.73609307400011,8.4899006830000303],[124.73607067600005,8.4898933080000347],[124.73603831800006,8.4898711690000255],[124.73601840800006,8.4898637930000405],[124.73601094100002,8.4898588730000597],[124.73599849800007,8.4898564170000554],[124.73594125300008,8.4898244430000318],[124.73590889800005,8.4898096880000367],[124.7358964550001,8.489807231000043],[124.73588649900012,8.4897998510000434],[124.73587405600006,8.4897973940000497],[124.73586409900008,8.4897900150000396],[124.73584916600009,8.4897826370000757],[124.73582676800004,8.4897752610000339],[124.73572977600008,8.4899278870000217],[124.73513991800007,8.4896475300000702],[124.73513990800006,8.4896204570000577],[124.73513492400002,8.4896007700000382],[124.7351249620001,8.4895786230000567],[124.73512495800003,8.4895687780000344],[124.73512246500002,8.4895564740000395],[124.73511499600011,8.4895441710000341],[124.73509756900012,8.4895244880000291],[124.73509010300006,8.4895220290000566],[124.73508014700008,8.489514649000057],[124.7350428200001,8.4895146630000227],[124.73501544500004,8.4895072890000733],[124.73499055700006,8.4894974530000695],[124.73494576200005,8.489487625000038],[124.73493580600007,8.4894827060000466],[124.73488852100002,8.4894679560000554],[124.73487856500003,8.4894630370000641],[124.73487108300003,8.4894187390000297],[124.73487108100005,8.4894113560000619],[124.73488599700011,8.4893719720000718],[124.7348859870001,8.4893473600000675],[124.73489592500005,8.4893030560000398],[124.73490089800009,8.4892932090000386],[124.7349008860001,8.4892612140000665],[124.73489590000008,8.4892366040000411],[124.73489589700011,8.4892292210000733],[124.73489091700003,8.4892193780000298],[124.73488344200007,8.4891947690000507],[124.73488454100004,8.4891348290000224],[124.73487457800002,8.4891102210000327],[124.73483225300004,8.48905116800006],[124.73482727300006,8.4890413260000628],[124.73481980000008,8.489019178000035],[124.7348073500001,8.4889994930000512],[124.73480485400012,8.488977344000034],[124.73479987200005,8.4889650400000392],[124.73479737900004,8.4889527350000549],[124.73475506500006,8.4889207550000378],[124.73455375000003,8.4887466620000396],[124.73468940300006,8.4883133760000646],[124.73500280500002,8.4873543280000376],[124.73517148300004,8.4866559010000628],[124.73520341900007,8.4864276930000528],[124.73511569800007,8.4861575920000405],[124.73508564300005,8.4856856980000543],[124.73520465900003,8.4852466320000417],[124.73545630700005,8.4849716060000446],[124.73574849500005,8.4846596320000458],[124.73594444000003,8.4842701610000404],[124.73613716900002,8.4836847640000315],[124.73625446100004,8.4832468690000269],[124.7363392530001,8.4822459370000729],[124.73703783300004,8.4818039420000559],[124.7374897090001,8.4819425380000553],[124.73780811300003,8.4821657020000316],[124.73822383300001,8.4824095820000593],[124.73882751600001,8.4826001290000477],[124.73892253700001,8.4825746260000301],[124.73954498300009,8.4823948950000272],[124.74016053800005,8.4820912210000756],[124.74080071600008,8.4820583910000664],[124.74110605900012,8.4821535240000685],[124.7415475900001,8.4822553690000291],[124.74204193800006,8.4822076690000472],[124.74216354100008,8.4816031810000254],[124.74223701200003,8.4808601100000374],[124.74268841900005,8.4803266290000465],[124.74288539700001,8.4797356960000343],[124.74268106600005,8.4790351480000368],[124.74246681900001,8.4787754290000521],[124.74243609400003,8.4783024010000645],[124.7427289850001,8.4777249870000446],[124.74333150400003,8.4776998820000244],[124.74386707600002,8.4778839850000622],[124.74418918700007,8.4780484200000501],[124.74472064400004,8.4786120290000326],[124.74515579700005,8.4789132880000579],[124.74543964400004,8.4788758080000548],[124.74564952800006,8.4785785550000696],[124.74610026000005,8.4779126100000326],[124.7469736490001,8.4773303510000346],[124.7469215110001,8.4764781080000375],[124.74651519100007,8.4756890020000242],[124.74626622200003,8.4749520540000276],[124.74612679900008,8.4741852290000566],[124.74619038300011,8.4737359300000321],[124.74616663400002,8.4734283620000497],[124.7463006050001,8.473099965000074],[124.74660482000002,8.4730200530000275],[124.74703890000001,8.4729767310000739],[124.74753014700002,8.4723515070000417],[124.74761065500002,8.4715361970000345],[124.74759100500012,8.4706833300000426],[124.74662862000002,8.4696997720000695],[124.74667046200011,8.4693315670000402],[124.74694661600006,8.4691558320000695],[124.74752403000002,8.468896414000028],[124.74813491700002,8.4682604220000712],[124.74861191100001,8.4683106320000547],[124.74896338100007,8.4686202600000229],[124.74897174900002,8.469373408000024],[124.74871607800003,8.4709585880000304],[124.7487260370001,8.4718648360000657],[124.74897500600002,8.4719146300000716],[124.74953979300005,8.4715923080000266],[124.7497318720001,8.4714366090000226],[124.75033935700003,8.4706598250000411],[124.75060824400009,8.4704108560000577],[124.75105638800005,8.4703909390000263],[124.75149457400005,8.4708590010000648],[124.75191284200002,8.4714664850000645],[124.75199251200002,8.4720938880000745],[124.75273942000001,8.4723926510000638],[124.7532871520001,8.4722532280000564],[124.75391455400006,8.472163599000055],[124.7545884860001,8.4717186520000496],[124.75525898800004,8.4713071450000257],[124.75585651400002,8.470759413000053],[124.75599593600009,8.4704008970000473],[124.75618515300005,8.4699228770000445],[124.76066193500003,8.4744074710000632],[124.76460837000002,8.4784964500000228],[124.76527576800004,8.4791354490000685],[124.76825064200011,8.4821720020000271]]]},"properties":{"brgy_name":"Agusan","city_name":"Cagayan de Oro City","prov_name":"Misamis Oriental"}},{"type":"Feature","geometry":{"type":"Polygon","coordinates":[[[124.65264765900008,8.4903613550000614],[124.65103981000004,8.4911022960000651],[124.65038275400002,8.4914817100000732],[124.65000596200002,8.4908822260000534],[124.64976918000002,8.4905900420000648],[124.64918209200005,8.4899852970000325],[124.64878449900004,8.4895726740000441],[124.64987824100001,8.4890415710000298],[124.64979142600009,8.4888902000000712],[124.65154820500004,8.4882641760000297],[124.65178296400006,8.4887180430000626],[124.65198250900005,8.4891484340000716],[124.65247066900008,8.490020611000034],[124.65264765900008,8.4903613550000614]]]},"properties":{"brgy_name":"Barangay 23 (Pob.)","city_name":"Cagayan de Oro City","prov_name":"Misamis Oriental"}},{"type":"Feature","geometry":{"type":"Polygon","coordinates":[[[124.64418438300004,8.4828444600000239],[124.64227350700003,8.4839428650000741],[124.64061154600006,8.4841801810000561],[124.64042737200009,8.4842059210000684],[124.64016395800002,8.4842999970000506],[124.64000402800002,8.4829452960000253],[124.64003225100009,8.4824843220000616],[124.64004165900008,8.481957494000028],[124.64044714400006,8.4819637900000657],[124.64124480100008,8.4819211670000527],[124.64196768000011,8.4817387960000588],[124.64355369900011,8.4812021840000398],[124.64370356500001,8.4815768480000315],[124.64389089700012,8.482138844000076],[124.64418438300004,8.4828444600000239]]]},"properties":{"brgy_name":"Barangay 13 (Pob.)","city_name":"Cagayan de Oro City","prov_name":"Misamis Oriental"}},{"type":"Feature","geometry":{"type":"Polygon","coordinates":[[[124.64546536500006,8.487145268000063],[124.64307850200009,8.4879045650000648],[124.64126112400004,8.4884928820000596],[124.64122671900009,8.4885038530000543],[124.64070492100007,8.486545402000047],[124.64109866500007,8.4864757290000625],[124.64265315600005,8.4862418460000413],[124.64408300300011,8.4852592480000339],[124.64486340200006,8.4863187390000689],[124.64489529200011,8.4863625090000596],[124.64536477900003,8.4870071560000611],[124.64546536500006,8.487145268000063]]]},"properties":{"brgy_name":"Barangay 17 (Pob.)","city_name":"Cagayan de Oro City","prov_name":"Misamis Oriental"}},{"type":"Feature","geometry":{"type":"Polygon","coordinates":[[[124.65042253500008,8.4859291920000715],[124.64824948500006,8.4863850330000332],[124.6482260250001,8.4863368100000685],[124.64770622300011,8.4855670170000508],[124.64736278100008,8.4849176000000739],[124.64704431700011,8.484324382000068],[124.64834753800005,8.4836287990000301],[124.64931040200008,8.4831839390000709],[124.64889937200007,8.4825099720000594],[124.64939200300012,8.4821684550000214],[124.6500055250001,8.4817906710000557],[124.65045886600001,8.4815368000000717],[124.65082347500004,8.481441625000059],[124.65136554800006,8.4813312850000671],[124.65153479600008,8.4827487320000614],[124.65166884100006,8.4833890210000504],[124.65109354300012,8.4834650110000211],[124.65035006400001,8.4835828790000392],[124.64960054000005,8.4837279490000697],[124.6501040710001,8.4846803130000694],[124.65042253500008,8.4859291920000715]]]},"properties":{"brgy_name":"Barangay 27 (Pob.)","city_name":"Cagayan de Oro City","prov_name":"Misamis Oriental"}},{"type":"Feature","geometry":{"type":"Polygon","coordinates":[[[124.59456750800007,8.4778002770000285],[124.59154664500011,8.4802455470000382],[124.59102874000007,8.4810806090000597],[124.5883872930001,8.4859238110000206],[124.58719930400002,8.4857109970000693],[124.58274556600009,8.4856082620000279],[124.57883658800006,8.4824150130000362],[124.57525794600008,8.4823599570000283],[124.57432837600004,8.4798762830000669],[124.57354937300011,8.4784413890000678],[124.57304637200002,8.4780694180000751],[124.57237437300012,8.4778824340000369],[124.57181737200006,8.477371473000062],[124.57089437400009,8.4774584700000446],[124.57052837500009,8.4773884760000442],[124.57045937300006,8.4769725070000277],[124.56937637300007,8.4762285640000528],[124.56912437200003,8.4758115950000388],[124.56949037100003,8.4757435990000545],[124.56960537000009,8.4756756030000702],[124.56939937000004,8.4754206220000583],[124.56917036900006,8.4750966470000435],[124.5693843680001,8.4749366580000469],[124.56947536700011,8.4747976670000753],[124.56942936600001,8.4745446860000584],[124.56971236400011,8.4741077160000486],[124.57024636100004,8.4736017510000465],[124.5702693610001,8.4734177640000325],[124.57033735800007,8.4727028160000373],[124.56990235600006,8.4718928760000267],[124.56971935600006,8.4717308880000246],[124.5692163540001,8.4710589380000556],[124.56885035100004,8.4698800250000659],[124.56875835000005,8.4696490420000714],[124.56836935000001,8.4694630570000413],[124.56822435400011,8.4705229810000446],[124.56794235700011,8.4710519430000204],[124.56761435800001,8.4711429380000709],[124.56715635500007,8.4701720100000557],[124.56716435300007,8.4697110430000748],[124.56714135200002,8.4692950730000689],[124.56665235300011,8.469384069000057],[124.56594335000011,8.4682051560000673],[124.56585135000012,8.4679731730000753],[124.56599634700001,8.4673972140000728],[124.5665073450001,8.4671232320000627],[124.56669833900003,8.4654863500000488],[124.56625634000011,8.4655753450000475],[124.56514934200004,8.4654773560000649],[124.56486734200007,8.4652003770000306],[124.56552333600007,8.4640954550000629],[124.56529433500009,8.4637244820000319],[124.56490533400006,8.4631925220000426],[124.56467633400007,8.4628915450000477],[124.56428733000007,8.461735630000021],[124.56415032900009,8.4612726640000346],[124.56350932700002,8.4605317190000733],[124.56308932800005,8.4605527190000771],[124.56253233000007,8.4606187170000453],[124.56205232900004,8.460132753000039],[124.56133532900003,8.4598057800000674],[124.56102933000011,8.4598507770000424],[124.56036632900009,8.4592468230000577],[124.55987732900007,8.4589668450000204],[124.55914532800011,8.4584098880000624],[124.56859979300009,8.4568891950000307],[124.57519253900011,8.4499849810000569],[124.5767789790001,8.4491670460000705],[124.5768191840001,8.4498907350000536],[124.57702020900001,8.451043276000064],[124.57714082400003,8.4515123340000287],[124.5773954550001,8.451967990000071],[124.57776555300006,8.4522933100000728],[124.57827283000006,8.4528116140000407],[124.57882421700003,8.4532747790000258],[124.57926532600004,8.4537158890000228],[124.57975054700012,8.4541349430000423],[124.58036810100009,8.4547414690000551],[124.58072098800005,8.4552377180000349],[124.58107387600012,8.4556236880000597],[124.58140470800004,8.4561419920000276],[124.58174656800009,8.4566713240000695],[124.58182376200011,8.4574101830000359],[124.58185684600005,8.4580608190000248],[124.58181273500009,8.4586783730000548],[124.58168040200007,8.4591966770000226],[124.58118415300009,8.4594503150000264],[124.58072098800005,8.4596157310000422],[124.58014754600003,8.4597701200000301],[124.57977260200005,8.4598914250000234],[124.57908888200006,8.4600237580000339],[124.57861469000011,8.4601450630000272],[124.57811844100002,8.4602222570000549],[124.57763322000005,8.4602994510000258],[124.57710388900011,8.4603656180000257],[124.57662969600005,8.4604428120000534],[124.57614447500009,8.4605751450000639],[124.57568131000005,8.46068542200004],[124.57515197900011,8.4608177550000505],[124.57453442500002,8.4609831710000662],[124.57353090000004,8.4612588650000475],[124.5729354020001,8.4615455860000566],[124.57251634800002,8.4619646400000761],[124.57239504300003,8.4625380830000267],[124.57238401500001,8.4631997470000329],[124.57239504300003,8.4636959960000695],[124.57275895800001,8.4642143000000374],[124.57344267800011,8.4643466320000584],[124.57422564800004,8.4644348540000465],[124.57494245100008,8.4644458820000636],[124.57611139200003,8.4645671870000569],[124.57694950000007,8.4646995200000674],[124.57755602600002,8.465295018000063],[124.57771041500007,8.4658684610000705],[124.57742369300001,8.4666955420000249],[124.57694950000007,8.4672359010000378],[124.57642016900002,8.4677983160000281],[124.57597905900002,8.4684158690000686],[124.57573644900003,8.4691767840000693],[124.57595700400009,8.4696178930000769],[124.5763981130001,8.4700369470000396],[124.57708183300008,8.4704229180000539],[124.57768835900004,8.4706655290000299],[124.57823974600001,8.4710294440000666],[124.57878010600007,8.4716028870000741],[124.57915504900006,8.4721983850000697],[124.57959615900006,8.4724851060000219],[124.58036810100009,8.4724079120000511],[124.58082023800011,8.4722645510000234],[124.58141573600005,8.471966802000054],[124.58193404000008,8.471591859000057],[124.58223178900005,8.4710956110000666],[124.58232001100009,8.4705111400000419],[124.58227590000001,8.4699818090000463],[124.58240823300002,8.4694083660000388],[124.58283831500012,8.4689341730000365],[124.58349997900007,8.4690554780000298],[124.58380875600005,8.469441449000044],[124.58405136600004,8.469860504000053],[124.58420575500008,8.4705331960000763],[124.58441528200001,8.4711066380000375],[124.58470200300007,8.471415415000024],[124.58538572300006,8.471591859000057],[124.58601436900005,8.4716369400000531],[124.58631814800003,8.4717845340000508],[124.58679087300004,8.4720613560000402],[124.58707621200006,8.4727086920000261],[124.58771252600002,8.4730707420000613],[124.58828018400004,8.4728133160000425],[124.58869602600009,8.4725294870000312],[124.58912507000002,8.4723974740000472],[124.58940889900009,8.4726945040000601],[124.58928348600011,8.4732291590000273],[124.58872242900009,8.4736053970000285],[124.58821417700005,8.4739420310000355],[124.5879633510001,8.4743908770000758],[124.58763991800004,8.4749387330000445],[124.5872042740001,8.4753083710000396],[124.58677523000006,8.4754865890000701],[124.5864914010001,8.4757110120000334],[124.58641219300011,8.4760410460000344],[124.58658381000009,8.4763512770000489],[124.58690064300004,8.4764172840000356],[124.58732308600008,8.4763380760000473],[124.58781813600001,8.4761796600000707],[124.58845180100002,8.4761796600000707],[124.58887424400007,8.4764568880000297],[124.5893626940001,8.4766747100000543],[124.58990394900002,8.4767803210000352],[124.59061022100002,8.4767935220000368],[124.59128349000002,8.4764700890000313],[124.59172573500007,8.4758826290000684],[124.59197656100002,8.4752819680000471],[124.59250461500005,8.4751433540000676],[124.5929468600001,8.4753611760000354],[124.59315148100006,8.475777019000077],[124.59350791700001,8.4762060620000739],[124.59407557500003,8.4767077140000424],[124.59429999800011,8.4772621700000741],[124.59456750800007,8.4778002770000285]]]},"properties":{"brgy_name":"Baikingon","city_name":"Cagayan de Oro City","prov_name":"Misamis Oriental"}},{"type":"Feature","geometry":{"type":"Polygon","coordinates":[[[124.6537185200001,8.4786550920000536],[124.65241881100008,8.4788205090000588],[124.65231844900006,8.4778170060000662],[124.65223613700005,8.4768912940000405],[124.65286913300008,8.4768467170000577],[124.65351104400008,8.4767575630000351],[124.65359809300003,8.4776216540000746],[124.6537185200001,8.4786550920000536]]]},"properties":{"brgy_name":"Barangay 34 (Pob.)","city_name":"Cagayan de Oro City","prov_name":"Misamis Oriental"}},{"type":"Feature","geometry":{"type":"Polygon","coordinates":[[[124.78888945500012,8.442748745000074],[124.78490704900003,8.4501775340000336],[124.78458327600003,8.4532533760000206],[124.78221788500002,8.4572745610000766],[124.78262850400006,8.4576389810000592],[124.78299948500012,8.4579154480000511],[124.78328143900001,8.4581680450000363],[124.78383182900006,8.4587240580000298],[124.78412599300009,8.4589351980000629],[124.78435637200005,8.4591284990000304],[124.78445771000008,8.4589976190000584],[124.78468478200011,8.4591519510000239],[124.78486344900011,8.4593441670000402],[124.78505211900006,8.4595049800000766],[124.78428790200007,8.4604899540000247],[124.7852708260001,8.4613941520000253],[124.78599490400006,8.4620790240000474],[124.78860504900001,8.4613714310000319],[124.78877436800008,8.4612842280000677],[124.78798763600003,8.4627618720000441],[124.78743798800008,8.4636819330000321],[124.78696003500011,8.4651157950000311],[124.7867679090001,8.4657205500000714],[124.78528791500003,8.4664875000000279],[124.78423492000002,8.4673314420000452],[124.78360192300011,8.467699418000052],[124.78273192800009,8.4686733510000636],[124.78232793200004,8.4695842860000425],[124.78214493500002,8.4703022350000765],[124.78144994100012,8.4716371410000306],[124.78152694300002,8.4723230910000211],[124.78131294600007,8.472882051000056],[124.78178594600001,8.4732310240000288],[124.78238894700007,8.4738749750000579],[124.78190794900001,8.4741909540000506],[124.78073295400009,8.474717920000046],[124.78064195600007,8.4754328690000307],[124.78102295700012,8.4758318390000227],[124.78126695800006,8.4763278020000712],[124.78064196100001,8.476741774000061],[124.77945096300004,8.4764877970000612],[124.77821496400009,8.4760978290000253],[124.77765096600001,8.4763488130000724],[124.77679597000008,8.4771617580000225],[124.77550697800007,8.4785866590000296],[124.77388998300012,8.4790846290000559],[124.77325598500011,8.4794066080000334],[124.77141799100002,8.4798195840000403],[124.77082299400001,8.4804625400000759],[124.77010610900004,8.4804817990000743],[124.76976055600005,8.4806696000000557],[124.76952768400008,8.4811954410000681],[124.76948261200005,8.4816536740000288],[124.76910701100007,8.4819992260000276],[124.76861121800005,8.4819616660000747],[124.76825064200011,8.4821720020000271],[124.76527576800004,8.4791354490000685],[124.76460837000002,8.4784964500000228],[124.76066193500003,8.4744074710000632],[124.75618515300005,8.4699228770000445],[124.75570713200011,8.4694448560000524],[124.75524298500011,8.4692474070000685],[124.75452203900011,8.4688672470000483],[124.75382703700006,8.4687341450000417],[124.75318756400009,8.4687377830000514],[124.75280913100005,8.4683792680000352],[124.7527991720001,8.4678116180000416],[124.75363570900004,8.4669651230000227],[124.75438261600004,8.4666066080000633],[124.75509964700007,8.4665866900000424],[124.75617519400009,8.4663875150000649],[124.75743995800008,8.4659592880000218],[124.75794396700007,8.4658176450000724],[124.75811715400005,8.4652820920000522],[124.75848592400007,8.4649621410000577],[124.75909311300006,8.4648737820000406],[124.76265892000004,8.4552853910000749],[124.76334586600001,8.4404524620000529],[124.76968224900008,8.4252470790000302],[124.77101278400005,8.4219807720000404],[124.79184968700008,8.425546736000058],[124.79180212500012,8.4257250950000753],[124.79193886600001,8.4261472100000674],[124.79248193800004,8.4271141380000358],[124.79287563600008,8.4276908690000596],[124.79370353500008,8.4285721800000601],[124.79378365400009,8.4287502230000655],[124.79376584900001,8.4290083850000315],[124.79367682800012,8.4292220360000556],[124.79357890500012,8.429328862000034],[124.79326733000005,8.4294980020000594],[124.79019609500006,8.4304060200000208],[124.78978659600011,8.4312250160000417],[124.78961745600009,8.4322754670000677],[124.78872168800001,8.4380628820000538],[124.78872168800001,8.4406469920000404],[124.78888945500012,8.442748745000074]]]},"properties":{"brgy_name":"Balubal","city_name":"Cagayan de Oro City","prov_name":"Misamis Oriental"}},{"type":"Feature","geometry":{"type":"Polygon","coordinates":[[[124.63674421100006,8.4674829560000262],[124.63479910700005,8.4676205390000518],[124.63395009800001,8.4675842570000555],[124.63328975800005,8.4675189480000768],[124.63276003500005,8.4672504580000236],[124.63244435900003,8.4670328520000453],[124.63233141600006,8.4667533050000543],[124.63192349600001,8.4668472340000562],[124.63160243600009,8.4671396280000408],[124.63129857600006,8.4675352200000589],[124.63114467500009,8.4681819980000341],[124.6310802270001,8.46874321100006],[124.63066269600006,8.4682191680000756],[124.63037298100005,8.4678570240000681],[124.63009260500007,8.4671782870000243],[124.63017783500004,8.4665646340000649],[124.63026306500001,8.4660532560000661],[124.63027495900008,8.4659264180000378],[124.63030568000011,8.465661199000067],[124.63006775000008,8.4656079650000606],[124.62983290600005,8.4655502840000736],[124.62959806100002,8.4655132030000573],[124.62931377500001,8.465451402000042],[124.62861941300002,8.4653105380000397],[124.62651597600006,8.4649129970000558],[124.62515517700001,8.4646547820000251],[124.62497493300009,8.4630325890000222],[124.62556372900008,8.4612061200000426],[124.62567187500008,8.4601006250000523],[124.6253594530001,8.4591273090000527],[124.6250981500001,8.4582082530000662],[124.62491485200007,8.4575651980000544],[124.62466560900009,8.4569928140000457],[124.62454234800009,8.456700028000057],[124.62430856800006,8.4558338610000305],[124.62424727500002,8.4556107260000317],[124.62411321100001,8.4550087520000261],[124.62405463100004,8.4547399770000311],[124.62368919500011,8.4534916910000675],[124.62352096800009,8.4529629760000375],[124.62324721500011,8.4517808520000699],[124.62315173600007,8.4513700800000606],[124.62284105300012,8.4499682700000562],[124.62282511600006,8.4498963600000252],[124.62259094300009,8.4489414700000225],[124.62200889400003,8.446524226000065],[124.62174365200008,8.4457192310000551],[124.62141186500003,8.4441199630000483],[124.62128779700004,8.4435173890000215],[124.62121589600008,8.4432977620000429],[124.62102962900008,8.4424781880000523],[124.62084336200007,8.4419938950000528],[124.62082925700008,8.4419347270000458],[124.62073530300006,8.4414410110000517],[124.62037148600007,8.4396158880000485],[124.62022247300001,8.4388521940000487],[124.61998653500007,8.4378960250000432],[124.61954570300009,8.4361637430000656],[124.61904133600001,8.4344891420000749],[124.61935322800002,8.4327053900000237],[124.61983392900004,8.4298363260000428],[124.61999538300006,8.4287648570000329],[124.62049442300008,8.4281483960000401],[124.62119895100011,8.4280309750000697],[124.62224106400004,8.4279722640000614],[124.62354737500004,8.427986942000075],[124.62479497600009,8.4277667770000448],[124.62670307000008,8.4267980520000378],[124.62682141200003,8.4267044400000373],[124.62690671000007,8.426575021000076],[124.62696406700002,8.4263264780000213],[124.62693791300001,8.4260935240000663],[124.62660081200011,8.4255587900000251],[124.62620373100003,8.4250411150000559],[124.62567772800003,8.4243261050000342],[124.62561496900003,8.4241420120000612],[124.62565370100003,8.4239969400000518],[124.62571119900008,8.4238533200000347],[124.6258952930001,8.4236190190000571],[124.62604257600003,8.423466225000027],[124.6262090890001,8.4232843040000489],[124.62629344200002,8.4231968970000253],[124.62643920500011,8.4231253140000604],[124.62661698900001,8.4230674780000641],[124.62681405800004,8.4230263000000605],[124.62746556400009,8.4229424710000558],[124.6278659300001,8.4228868290000491],[124.62827177300005,8.4227403910000476],[124.62851444100011,8.4226190570000767],[124.62870690900002,8.4225182400000449],[124.62894491500003,8.4223896070000706],[124.62938449300009,8.4221550580000439],[124.62996150900005,8.4218663600000241],[124.63022027800002,8.4226189100000397],[124.63087379500007,8.4235415220000505],[124.63197580400004,8.4241309690000321],[124.63356839300002,8.4251988910000364],[124.63647191400003,8.4280005340000343],[124.63891698500004,8.4306748300000436],[124.63891698500004,8.4329670840000404],[124.63764351100008,8.4335783520000405],[124.63652285300009,8.4350301130000389],[124.6363955060001,8.4368893850000291],[124.6366247310001,8.4387741270000447],[124.63743811200004,8.4402049260000354],[124.63950511600001,8.4424227590000669],[124.64034511800003,8.443447681000066],[124.64097012200011,8.4449165730000573],[124.64039421500001,8.4463130960000399],[124.63945514800002,8.4478533320000224],[124.63899339300008,8.4486308190000727],[124.63759257200002,8.449649599000054],[124.63603893300001,8.4501335190000759],[124.63308447200006,8.4498024160000682],[124.63252414400006,8.4502353970000286],[124.63256862900005,8.4512204140000335],[124.63346998200007,8.4529480080000212],[124.63416268900005,8.4548258280000255],[124.6343880280001,8.4573629720000554],[124.63397586200006,8.4600764480000521],[124.63399577200005,8.4611853790000282],[124.63432146800005,8.4620842550000361],[124.63529245600012,8.463516051000056],[124.63652676300001,8.4657213470000556],[124.63674421100006,8.4674829560000262]]]},"properties":{"brgy_name":"Balulang","city_name":"Cagayan de Oro City","prov_name":"Misamis Oriental"}},{"type":"Feature","geometry":{"type":"Polygon","coordinates":[[[124.65006125400009,8.4772354430000405],[124.64855522100004,8.4776313950000599],[124.64847851700006,8.4776671330000681],[124.64950267800009,8.4755597160000207],[124.65008246500008,8.4755455750000692],[124.65006125400009,8.4772354430000405]]]},"properties":{"brgy_name":"Barangay 39 (Pob.)","city_name":"Cagayan de Oro City","prov_name":"Misamis Oriental"}},{"type":"Feature","geometry":{"type":"Polygon","coordinates":[[[124.64477784700011,8.4756269750000683],[124.64398231300004,8.4757530120000411],[124.64320290300009,8.475862462000066],[124.64249148300007,8.4759536690000346],[124.64178503900007,8.4760797010000601],[124.6404915490001,8.4762339250000309],[124.64024940600007,8.4762651820000769],[124.64029653400007,8.4760253040000748],[124.64037229300004,8.4757879240000307],[124.64056926800004,8.4753232640000533],[124.6407005850001,8.474868706000052],[124.64086725700008,8.4742878820000556],[124.64168929700008,8.4741516210000327],[124.64378052300003,8.4742537040000343],[124.64458765500001,8.4741942440000457],[124.64465474300005,8.4748017520000758],[124.64473379000003,8.4753389730000208],[124.64477784700011,8.4756269750000683]]]},"properties":{"brgy_name":"Barangay 1 (Pob.)","city_name":"Cagayan de Oro City","prov_name":"Misamis Oriental"}},{"type":"Feature","geometry":{"type":"Polygon","coordinates":[[[124.64355369900011,8.4812021840000398],[124.64196768000011,8.4817387960000588],[124.64124480100008,8.4819211670000527],[124.64044714400006,8.4819637900000657],[124.64004165900008,8.481957494000028],[124.64001343600012,8.4814024430000359],[124.63997483900005,8.4807734390000746],[124.64013584500003,8.4807331870000553],[124.64052630100002,8.4807459930000277],[124.64176731000009,8.4804592410000623],[124.64313532500012,8.4799970160000271],[124.64335387900007,8.4806152110000426],[124.64355369900011,8.4812021840000398]]]},"properties":{"brgy_name":"Barangay 10 (Pob.)","city_name":"Cagayan de Oro City","prov_name":"Misamis Oriental"}},{"type":"Feature","geometry":{"type":"Polygon","coordinates":[[[124.64503362100004,8.4806901440000502],[124.64403451800001,8.4810210970000526],[124.64355369900011,8.4812021840000398],[124.64335387900007,8.4806152110000426],[124.64313532500012,8.4799970160000271],[124.64296672600005,8.4795661520000749],[124.64339758900007,8.4794475090000674],[124.64376947500011,8.4793158360000689],[124.64453406900009,8.4790790900000275],[124.64463398000009,8.4795099530000471],[124.64485253400005,8.4800344820000646],[124.64503362100004,8.4806901440000502]]]},"properties":{"brgy_name":"Barangay 11 (Pob.)","city_name":"Cagayan de Oro City","prov_name":"Misamis Oriental"}},{"type":"Feature","geometry":{"type":"Polygon","coordinates":[[[124.64686322900002,8.4792351990000725],[124.64563308300001,8.4798096840000312],[124.64485253400005,8.4800344820000646],[124.64463398000009,8.4795099530000471],[124.64453406900009,8.4790790900000275],[124.6453895520001,8.4788293140000519],[124.64643236600011,8.4785233380000591],[124.64686322900002,8.4792351990000725]]]},"properties":{"brgy_name":"Barangay 12 (Pob.)","city_name":"Cagayan de Oro City","prov_name":"Misamis Oriental"}},{"type":"Feature","geometry":{"type":"Polygon","coordinates":[[[124.64597028100002,8.4826758620000646],[124.64512728700004,8.4831129690000466],[124.64446538100003,8.4834876330000384],[124.64418438300004,8.4828444600000239],[124.64389089700012,8.482138844000076],[124.64370356500001,8.4815768480000315],[124.64355369900011,8.4812021840000398],[124.64403451800001,8.4810210970000526],[124.64503362100004,8.4806901440000502],[124.64525841900002,8.4814519600000722],[124.64561435000007,8.4820764000000395],[124.64597028100002,8.4826758620000646]]]},"properties":{"brgy_name":"Barangay 14 (Pob.)","city_name":"Cagayan de Oro City","prov_name":"Misamis Oriental"}},{"type":"Feature","geometry":{"type":"Polygon","coordinates":[[[124.64408300300011,8.4852592480000339],[124.64265315600005,8.4862418460000413],[124.64109866500007,8.4864757290000625],[124.64070492100007,8.486545402000047],[124.64041315000009,8.4853254620000484],[124.64016395800002,8.4842999970000506],[124.64042737200009,8.4842059210000684],[124.64061154600006,8.4841801810000561],[124.64227350700003,8.4839428650000741],[124.64418438300004,8.4828444600000239],[124.64446538100003,8.4834876330000384],[124.64492746600001,8.484049629000026],[124.64528339700007,8.4845054700000446],[124.64408300300011,8.4852592480000339]]]},"properties":{"brgy_name":"Barangay 15 (Pob.)","city_name":"Cagayan de Oro City","prov_name":"Misamis Oriental"}},{"type":"Feature","geometry":{"type":"Polygon","coordinates":[[[124.64662594200001,8.4836936980000246],[124.64587661500002,8.484143295000024],[124.64528339700007,8.4845054700000446],[124.64492746600001,8.484049629000026],[124.64446538100003,8.4834876330000384],[124.64512728700004,8.4831129690000466],[124.64597028100002,8.4826758620000646],[124.64627625600008,8.4831941470000629],[124.64662594200001,8.4836936980000246]]]},"properties":{"brgy_name":"Barangay 16 (Pob.)","city_name":"Cagayan de Oro City","prov_name":"Misamis Oriental"}},{"type":"Feature","geometry":{"type":"Polygon","coordinates":[[[124.64615248100006,8.4869343830000616],[124.64546536500006,8.487145268000063],[124.64536477900003,8.4870071560000611],[124.64489529200011,8.4863625090000596],[124.64486340200006,8.4863187390000689],[124.64408300300011,8.4852592480000339],[124.64528339700007,8.4845054700000446],[124.64575797100008,8.4850237550000429],[124.64620708500001,8.4855880080000361],[124.64650749800012,8.4859217580000745],[124.64670386400007,8.486139832000049],[124.64705884400007,8.4865976570000612],[124.64710051600002,8.4866472980000367],[124.64615248100006,8.4869343830000616]]]},"properties":{"brgy_name":"Barangay 18 (Pob.)","city_name":"Cagayan de Oro City","prov_name":"Misamis Oriental"}},{"type":"Feature","geometry":{"type":"Polygon","coordinates":[[[124.64736278100008,8.4849176000000739],[124.64671336400011,8.4852672860000666],[124.64620708500001,8.4855880080000361],[124.64575797100008,8.4850237550000429],[124.64528339700007,8.4845054700000446],[124.64587661500002,8.484143295000024],[124.64662594200001,8.4836936980000246],[124.64704431700011,8.484324382000068],[124.64736278100008,8.4849176000000739]]]},"properties":{"brgy_name":"Barangay 19 (Pob.)","city_name":"Cagayan de Oro City","prov_name":"Misamis Oriental"}},{"type":"Feature","geometry":{"type":"Polygon","coordinates":[[[124.64196924200007,8.4767420830000333],[124.64196137800002,8.4767187080000213],[124.64161793700009,8.4768311070000664],[124.64080030500008,8.4770743340000649],[124.64013462000003,8.4771910510000339],[124.64024940600007,8.4762651820000769],[124.6404915490001,8.4762339250000309],[124.64178503900007,8.4760797010000601],[124.64249148300007,8.4759536690000346],[124.64320290300009,8.475862462000066],[124.64398231300004,8.4757530120000411],[124.64477784700011,8.4756269750000683],[124.64485877800007,8.4759881130000281],[124.64399705100004,8.476200423000023],[124.6432664570001,8.4763939990000381],[124.64266075100011,8.4765438650000533],[124.64196924200007,8.4767420830000333]]]},"properties":{"brgy_name":"Barangay 2 (Pob.)","city_name":"Cagayan de Oro City","prov_name":"Misamis Oriental"}},{"type":"Feature","geometry":{"type":"Polygon","coordinates":[[[124.64824948500006,8.4863850330000332],[124.64761255700012,8.486534898000059],[124.64710051600002,8.4866472980000367],[124.64705884400007,8.4865976570000612],[124.64670386400007,8.486139832000049],[124.64650749800012,8.4859217580000745],[124.64620708500001,8.4855880080000361],[124.64671336400011,8.4852672860000666],[124.64736278100008,8.4849176000000739],[124.64770622300011,8.4855670170000508],[124.6482260250001,8.4863368100000685],[124.64824948500006,8.4863850330000332]]]},"properties":{"brgy_name":"Barangay 20 (Pob.)","city_name":"Cagayan de Oro City","prov_name":"Misamis Oriental"}},{"type":"Feature","geometry":{"type":"Polygon","coordinates":[[[124.65149714500001,8.4921219380000252],[124.65104837600006,8.4922127990000718],[124.65057697900011,8.4919319580000661],[124.65038275400002,8.4914817100000732],[124.65103981000004,8.4911022960000651],[124.65264765900008,8.4903613550000614],[124.6530897880001,8.4909678150000332],[124.65370904700001,8.4919870860000515],[124.6530866280001,8.4919836670000564],[124.65224533600008,8.4919665670000768],[124.65150659000005,8.4921199490000276],[124.65149714500001,8.4921219380000252]]]},"properties":{"brgy_name":"Barangay 21 (Pob.)","city_name":"Cagayan de Oro City","prov_name":"Misamis Oriental"}},{"type":"Feature","geometry":{"type":"Polygon","coordinates":[[[124.65563368200003,8.4907957870000246],[124.65543455600005,8.490923055000053],[124.65498255600005,8.4912313960000461],[124.65452705200005,8.4915817840000614],[124.65424323700006,8.4918971330000659],[124.65398292600003,8.4922744120000289],[124.65370904700001,8.4919870860000515],[124.6530897880001,8.4909678150000332],[124.65264765900008,8.4903613550000614],[124.65247066900008,8.490020611000034],[124.65198250900005,8.4891484340000716],[124.65178296400006,8.4887180430000626],[124.65154820500004,8.4882641760000297],[124.65129188300011,8.4877208470000483],[124.65201453100008,8.4873492990000727],[124.65267448000009,8.4870311760000732],[124.65324300800012,8.4870842380000227],[124.65387217900002,8.487106979000032],[124.65388438600007,8.4871949460000451],[124.65435144200001,8.4870700350000448],[124.65475007600003,8.4869788230000722],[124.65486727600012,8.4872525740000242],[124.65496000200005,8.4874760210000204],[124.65506822500004,8.4876944430000663],[124.65508769500002,8.4877471610000725],[124.65529324500005,8.4883595820000437],[124.65546038200011,8.4887914350000528],[124.65550722100011,8.4889109840000287],[124.65611613200008,8.4905099300000302],[124.65563368200003,8.4907957870000246]]]},"properties":{"brgy_name":"Barangay 22 (Pob.)","city_name":"Cagayan de Oro City","prov_name":"Misamis Oriental"}},{"type":"Feature","geometry":{"type":"Polygon","coordinates":[[[124.65543160100003,8.484881615000063],[124.65522218100011,8.4849188630000754],[124.65411466400008,8.4851403380000647],[124.65364929700002,8.4852357870000219],[124.65212727700009,8.4855644490000373],[124.65042253500008,8.4859291920000715],[124.6501040710001,8.4846803130000694],[124.64960054000005,8.4837279490000697],[124.65035006400001,8.4835828790000392],[124.65109354300012,8.4834650110000211],[124.65166884100006,8.4833890210000504],[124.65169172800006,8.4834060060000525],[124.65172566600006,8.4834202380000647],[124.65182748100005,8.483460745000059],[124.65195497400009,8.4835117060000584],[124.65212416800011,8.483580077000056],[124.65220956100006,8.4836118250000254],[124.65234640900007,8.4836676590000479],[124.65247887800001,8.4837223990000439],[124.65255660700007,8.4837475790000667],[124.65261572600002,8.4837618110000221],[124.65267494400007,8.4837754350000409],[124.65276790100006,8.4837902750000467],[124.65290171300012,8.4837658780000424],[124.65333874900011,8.4836844380000684],[124.65321835800012,8.4830897590000518],[124.6536266490001,8.4830194090000646],[124.65445087100011,8.4828171530000418],[124.65498845000002,8.4825603630000614],[124.65564444200004,8.4828224380000279],[124.6559643170001,8.4829035620000468],[124.65653208600008,8.48311889200005],[124.65737672100011,8.4831048330000272],[124.65710459200011,8.4835081680000712],[124.65674499200009,8.4840767240000332],[124.6563803250001,8.4846488900000736],[124.65543160100003,8.484881615000063]]]},"properties":{"brgy_name":"Barangay 24 (Pob.)","city_name":"Cagayan de Oro City","prov_name":"Misamis Oriental"}},{"type":"Feature","geometry":{"type":"Polygon","coordinates":[[[124.65154820500004,8.4882641760000297],[124.64979142600009,8.4888902000000712],[124.64987824100001,8.4890415710000298],[124.64878449900004,8.4895726740000441],[124.64869572300006,8.4895549190000565],[124.64803102200005,8.4890508820000719],[124.64752742700011,8.4884576440000501],[124.64737473200012,8.4885428690000708],[124.64709775000006,8.4882268260000728],[124.64717942400011,8.4881060900000307],[124.64700897300008,8.4878965780000613],[124.64678880800011,8.487633800000026],[124.64694150300011,8.4875450240000418],[124.64683497200008,8.4874029810000593],[124.64666097000008,8.4874100840000324],[124.64652247900005,8.4872964500000307],[124.64632142100004,8.4873517050000373],[124.64619809500005,8.4870454410000207],[124.64615248100006,8.4869343830000616],[124.64710051600002,8.4866472980000367],[124.64761255700012,8.486534898000059],[124.64824948500006,8.4863850330000332],[124.65042253500008,8.4859291920000715],[124.65078132600001,8.4866795540000339],[124.65129188300011,8.4877208470000483],[124.65154820500004,8.4882641760000297]]]},"properties":{"brgy_name":"Barangay 25 (Pob.)","city_name":"Cagayan de Oro City","prov_name":"Misamis Oriental"}},{"type":"Feature","geometry":{"type":"Polygon","coordinates":[[[124.65475007600003,8.4869788230000722],[124.65435144200001,8.4870700350000448],[124.65388438600007,8.4871949460000451],[124.65387217900002,8.487106979000032],[124.65324300800012,8.4870842380000227],[124.65267448000009,8.4870311760000732],[124.65201453100008,8.4873492990000727],[124.65129188300011,8.4877208470000483],[124.65078132600001,8.4866795540000339],[124.65042253500008,8.4859291920000715],[124.65212727700009,8.4855644490000373],[124.65364929700002,8.4852357870000219],[124.65411466400008,8.4851403380000647],[124.65522218100011,8.4849188630000754],[124.65543160100003,8.484881615000063],[124.65537085500011,8.4851621460000501],[124.65505042300003,8.485785207000049],[124.65480565000007,8.4863014570000246],[124.65460516900009,8.4866538580000679],[124.65475007600003,8.4869788230000722]]]},"properties":{"brgy_name":"Barangay 26 (Pob.)","city_name":"Cagayan de Oro City","prov_name":"Misamis Oriental"}},{"type":"Feature","geometry":{"type":"Polygon","coordinates":[[[124.65321835800012,8.4830897590000518],[124.65333874900011,8.4836844380000684],[124.65290171300012,8.4837658780000424],[124.65276790100006,8.4837902750000467],[124.65267494400007,8.4837754350000409],[124.65261572600002,8.4837618110000221],[124.65255660700007,8.4837475790000667],[124.65247887800001,8.4837223990000439],[124.65234640900007,8.4836676590000479],[124.65220956100006,8.4836118250000254],[124.65212416800011,8.483580077000056],[124.65195497400009,8.4835117060000584],[124.65182748100005,8.483460745000059],[124.65172566600006,8.4834202380000647],[124.65169172800006,8.4834060060000525],[124.65166884100006,8.4833890210000504],[124.65153479600008,8.4827487320000614],[124.65136554800006,8.4813312850000671],[124.65127488000007,8.4803127790000303],[124.65114880800002,8.479648715000053],[124.65179526400004,8.4795459120000487],[124.65254114300001,8.4794272770000703],[124.65268304800009,8.4801612700000533],[124.65292771300005,8.4815754300000208],[124.65312344400002,8.4825345150000544],[124.65321835800012,8.4830897590000518]]]},"properties":{"brgy_name":"Barangay 28 (Pob.)","city_name":"Cagayan de Oro City","prov_name":"Misamis Oriental"}},{"type":"Feature","geometry":{"type":"Polygon","coordinates":[[[124.64889937200007,8.4825099720000594],[124.64931040200008,8.4831839390000709],[124.64834753800005,8.4836287990000301],[124.64704431700011,8.484324382000068],[124.64662594200001,8.4836936980000246],[124.64627625600008,8.4831941470000629],[124.64597028100002,8.4826758620000646],[124.64561435000007,8.4820764000000395],[124.64525841900002,8.4814519600000722],[124.64503362100004,8.4806901440000502],[124.64485253400005,8.4800344820000646],[124.64563308300001,8.4798096840000312],[124.64686322900002,8.4792351990000725],[124.64773487800005,8.4789193970000269],[124.64808009400008,8.4787947990000703],[124.64836015300011,8.4786942070000464],[124.64846780700009,8.478617841000073],[124.64866967900002,8.4788983540000231],[124.64891620500009,8.4791922970000542],[124.64925902300001,8.4795995220000577],[124.64974560900009,8.4802704670000253],[124.64806824700008,8.4810955480000416],[124.6485880780001,8.4819840960000761],[124.64889937200007,8.4825099720000594]]]},"properties":{"brgy_name":"Barangay 29 (Pob.)","city_name":"Cagayan de Oro City","prov_name":"Misamis Oriental"}},{"type":"Feature","geometry":{"type":"Polygon","coordinates":[[[124.64604521300009,8.4773181700000464],[124.64514196100004,8.4775029060000406],[124.64509606500008,8.477249481000058],[124.64498366600003,8.4766562640000416],[124.64485877800007,8.4759881130000281],[124.64477784700011,8.4756269750000683],[124.64473379000003,8.4753389730000208],[124.64465474300005,8.4748017520000758],[124.64538931200002,8.4747728480000433],[124.64551852400007,8.4747675430000413],[124.64558312800011,8.4754386070000578],[124.64567055000009,8.4757820480000419],[124.64579543700006,8.4764002440000468],[124.64597028100002,8.4770059500000343],[124.64604521300009,8.4773181700000464]]]},"properties":{"brgy_name":"Barangay 3 (Pob.)","city_name":"Cagayan de Oro City","prov_name":"Misamis Oriental"}},{"type":"Feature","geometry":{"type":"Polygon","coordinates":[[[124.65136554800006,8.4813312850000671],[124.65082347500004,8.481441625000059],[124.65045886600001,8.4815368000000717],[124.6500055250001,8.4817906710000557],[124.64939200300012,8.4821684550000214],[124.64889937200007,8.4825099720000594],[124.6485880780001,8.4819840960000761],[124.64806824700008,8.4810955480000416],[124.64974560900009,8.4802704670000253],[124.65051316300003,8.4799255580000477],[124.65114880800002,8.479648715000053],[124.65127488000007,8.4803127790000303],[124.65136554800006,8.4813312850000671]]]},"properties":{"brgy_name":"Barangay 30 (Pob.)","city_name":"Cagayan de Oro City","prov_name":"Misamis Oriental"}},{"type":"Feature","geometry":{"type":"Polygon","coordinates":[[[124.65737672100011,8.4831048330000272],[124.65653208600008,8.48311889200005],[124.6559643170001,8.4829035620000468],[124.65564444200004,8.4828224380000279],[124.65498845000002,8.4825603630000614],[124.65445087100011,8.4828171530000418],[124.6536266490001,8.4830194090000646],[124.65321835800012,8.4830897590000518],[124.65312344400002,8.4825345150000544],[124.65292771300005,8.4815754300000208],[124.65268304800009,8.4801612700000533],[124.65254114300001,8.4794272770000703],[124.65241881100008,8.4788205090000588],[124.6537185200001,8.4786550920000536],[124.65440713700002,8.4785287650000214],[124.65449356500005,8.478512232000071],[124.65572324300001,8.4782319230000667],[124.65585181000006,8.4782029780000698],[124.65643016200011,8.4781098920000204],[124.65641021700003,8.478149730000041],[124.65641314300001,8.4783164940000688],[124.65643069700002,8.4784481500000766],[124.65661501500006,8.4788723750000372],[124.65681688800009,8.4792995260000339],[124.65693099000009,8.4794750670000667],[124.65766826300012,8.4798788120000381],[124.65811004200009,8.4801245700000436],[124.65839968600005,8.4803088890000708],[124.65849330800006,8.4804171390000533],[124.6583909090001,8.4811631900000748],[124.65833532000011,8.4815406040000312],[124.6582416980001,8.4821286670000404],[124.65818025900012,8.4826523660000248],[124.65771214900008,8.4827489130000231],[124.65757390100009,8.4827472710000507],[124.65737672100011,8.4831048330000272]]]},"properties":{"brgy_name":"Barangay 31 (Pob.)","city_name":"Cagayan de Oro City","prov_name":"Misamis Oriental"}},{"type":"Feature","geometry":{"type":"Polygon","coordinates":[[[124.65114880800002,8.479648715000053],[124.65051316300003,8.4799255580000477],[124.64974560900009,8.4802704670000253],[124.64925902300001,8.4795995220000577],[124.64891620500009,8.4791922970000542],[124.64866967900002,8.4788983540000231],[124.64846780700009,8.478617841000073],[124.64836015300011,8.4786942070000464],[124.64808009400008,8.4787947990000703],[124.64773487800005,8.4789193970000269],[124.64686322900002,8.4792351990000725],[124.64643236600011,8.4785233380000591],[124.64791886900002,8.4779283590000318],[124.64847851700006,8.4776671330000681],[124.64855522100004,8.4776313950000599],[124.65006125400009,8.4772354430000405],[124.65030421200004,8.4779624600000716],[124.65061515800005,8.4789201820000244],[124.65103564800006,8.478952075000052],[124.65114880800002,8.479648715000053]]]},"properties":{"brgy_name":"Barangay 32 (Pob.)","city_name":"Cagayan de Oro City","prov_name":"Misamis Oriental"}},{"type":"Feature","geometry":{"type":"Polygon","coordinates":[[[124.65254114300001,8.4794272770000703],[124.65179526400004,8.4795459120000487],[124.65114880800002,8.479648715000053],[124.65103564800006,8.478952075000052],[124.65061515800005,8.4789201820000244],[124.65030421200004,8.4779624600000716],[124.65006125400009,8.4772354430000405],[124.65074709900011,8.4770586780000485],[124.65078185800007,8.4770549490000349],[124.65151848300002,8.4769719120000673],[124.65151853000009,8.4769719060000739],[124.65223613700005,8.4768912940000405],[124.65231844900006,8.4778170060000662],[124.65241881100008,8.4788205090000588],[124.65254114300001,8.4794272770000703]]]},"properties":{"brgy_name":"Barangay 33 (Pob.)","city_name":"Cagayan de Oro City","prov_name":"Misamis Oriental"}},{"type":"Feature","geometry":{"type":"Polygon","coordinates":[[[124.65643016200011,8.4781098920000204],[124.65585181000006,8.4782029780000698],[124.65572324300001,8.4782319230000667],[124.65449356500005,8.478512232000071],[124.65440713700002,8.4785287650000214],[124.6537185200001,8.4786550920000536],[124.65359809300003,8.4776216540000746],[124.65351104400008,8.4767575630000351],[124.65413651800009,8.4766766350000466],[124.65419862500005,8.4774349820000339],[124.65592240500007,8.4770051000000421],[124.65624052700002,8.4769501970000647],[124.65624345300012,8.4771871780000652],[124.65630781800007,8.4772690970000326],[124.65634000000011,8.4773978280000506],[124.6562844120001,8.4775967750000518],[124.65632537200008,8.4777547620000746],[124.65633707500001,8.4777927960000738],[124.65638973700004,8.4778834920000463],[124.65644825100003,8.4780239250000591],[124.65643016200011,8.4781098920000204]]]},"properties":{"brgy_name":"Barangay 35 (Pob.)","city_name":"Cagayan de Oro City","prov_name":"Misamis Oriental"}},{"type":"Feature","geometry":{"type":"Polygon","coordinates":[[[124.65624052700002,8.4769501970000647],[124.65592240500007,8.4770051000000421],[124.65419862500005,8.4774349820000339],[124.65413651800009,8.4766766350000466],[124.65402511600007,8.4757762310000544],[124.65402291600003,8.4753213190000452],[124.65411651000011,8.4752981650000265],[124.65445139000008,8.475215497000022],[124.65525506400002,8.4749930480000444],[124.65573911600006,8.4748414880000382],[124.65579874800005,8.4750280190000353],[124.65614690500001,8.4752562230000308],[124.65641606800011,8.4754697980000628],[124.65649213600011,8.475624860000039],[124.65643069700002,8.4759525370000688],[124.65634877700006,8.4763358030000404],[124.65630157300006,8.4764276920000725],[124.65629318900005,8.4765435260000572],[124.65624052700002,8.4769501970000647]]]},"properties":{"brgy_name":"Barangay 36 (Pob.)","city_name":"Cagayan de Oro City","prov_name":"Misamis Oriental"}},{"type":"Feature","geometry":{"type":"Polygon","coordinates":[[[124.65351104400008,8.4767575630000351],[124.65286913300008,8.4768467170000577],[124.65223613700005,8.4768912940000405],[124.65211945200008,8.4756145870000523],[124.65275849700004,8.4755437280000478],[124.65340280000009,8.4754737320000686],[124.6538169910001,8.4753707940000709],[124.65402291600003,8.4753213190000452],[124.65402511600007,8.4757762310000544],[124.65413651800009,8.4766766350000466],[124.65351104400008,8.4767575630000351]]]},"properties":{"brgy_name":"Barangay 37 (Pob.)","city_name":"Cagayan de Oro City","prov_name":"Misamis Oriental"}},{"type":"Feature","geometry":{"type":"Polygon","coordinates":[[[124.65223613700005,8.4768912940000405],[124.65151853000009,8.4769719060000739],[124.65151848300002,8.4769719120000673],[124.65078185800007,8.4770549490000349],[124.65074709900011,8.4770586780000485],[124.65006125400009,8.4772354430000405],[124.65008246500008,8.4755455750000692],[124.65066773500007,8.4755444770000281],[124.65140284000006,8.4755811300000232],[124.65211945200008,8.4756145870000523],[124.65223613700005,8.4768912940000405]]]},"properties":{"brgy_name":"Barangay 38 (Pob.)","city_name":"Cagayan de Oro City","prov_name":"Misamis Oriental"}},{"type":"Feature","geometry":{"type":"Polygon","coordinates":[[[124.64498366600003,8.4766562640000416],[124.6441156950001,8.4769185280000556],[124.6434100780001,8.4771870380000678],[124.64288554900008,8.477368125000055],[124.64226735400007,8.4775679460000219],[124.64196924200007,8.4767420830000333],[124.64266075100011,8.4765438650000533],[124.6432664570001,8.4763939990000381],[124.64399705100004,8.476200423000023],[124.64485877800007,8.4759881130000281],[124.64498366600003,8.4766562640000416]]]},"properties":{"brgy_name":"Barangay 4 (Pob.)","city_name":"Cagayan de Oro City","prov_name":"Misamis Oriental"}},{"type":"Feature","geometry":{"type":"Polygon","coordinates":[[[124.64847851700006,8.4776671330000681],[124.64791886900002,8.4779283590000318],[124.64643236600011,8.4785233380000591],[124.64611390200002,8.4777552780000747],[124.64604521300009,8.4773181700000464],[124.64597028100002,8.4770059500000343],[124.64579543700006,8.4764002440000468],[124.64567055000009,8.4757820480000419],[124.64558312800011,8.4754386070000578],[124.64551852400007,8.4747675430000413],[124.64584351100007,8.4747675430000413],[124.64653624700009,8.4747618410000314],[124.64656791300001,8.4743073920000711],[124.64701465600001,8.4742329350000318],[124.64705665700001,8.4740592010000455],[124.64747916400006,8.474007509000046],[124.64806765500009,8.4740451720000465],[124.6486490850001,8.4742193660000567],[124.6488779980001,8.47427301700003],[124.64940235300003,8.4743959130000235],[124.64998705900007,8.4741395190000617],[124.65024029000006,8.4745513590000314],[124.64979311100001,8.4747466540000573],[124.64940470700003,8.4755493560000446],[124.64950267800009,8.4755597160000207],[124.64847851700006,8.4776671330000681]]]},"properties":{"brgy_name":"Barangay 40 (Pob.)","city_name":"Cagayan de Oro City","prov_name":"Misamis Oriental"}},{"type":"Feature","geometry":{"type":"Polygon","coordinates":[[[124.64420311600009,8.4777365440000381],[124.64352247700003,8.4779301210000426],[124.64304790300002,8.4780674970000405],[124.64250744600008,8.4782372250000435],[124.64239848600005,8.4779738310000425],[124.64226735400007,8.4775679460000219],[124.64288554900008,8.477368125000055],[124.6434100780001,8.4771870380000678],[124.6441156950001,8.4769185280000556],[124.64498366600003,8.4766562640000416],[124.64509606500008,8.477249481000058],[124.64514196100004,8.4775029060000406],[124.64420311600009,8.4777365440000381]]]},"properties":{"brgy_name":"Barangay 5 (Pob.)","city_name":"Cagayan de Oro City","prov_name":"Misamis Oriental"}},{"type":"Feature","geometry":{"type":"Polygon","coordinates":[[[124.64250744600008,8.4782372250000435],[124.64166185200008,8.4784344510000551],[124.64095861900012,8.4784321780000482],[124.64024709700004,8.4784919250000712],[124.64013462000003,8.4784841440000491],[124.64013462000003,8.4771910510000339],[124.64080030500008,8.4770743340000649],[124.64161793700009,8.4768311070000664],[124.64196137800002,8.4767187080000213],[124.64196924200007,8.4767420830000333],[124.64226735400007,8.4775679460000219],[124.64239848600005,8.4779738310000425],[124.64250744600008,8.4782372250000435]]]},"properties":{"brgy_name":"Barangay 6 (Pob.)","city_name":"Cagayan de Oro City","prov_name":"Misamis Oriental"}},{"type":"Feature","geometry":{"type":"Polygon","coordinates":[[[124.64313532500012,8.4799970160000271],[124.64176731000009,8.4804592410000623],[124.64052630100002,8.4807459930000277],[124.64013584500003,8.4807331870000553],[124.63997483900005,8.4807734390000746],[124.63998542800005,8.4803589720000332],[124.63999691400011,8.4794615210000757],[124.64013462000003,8.4784841440000491],[124.64024709700004,8.4784919250000712],[124.64095861900012,8.4784321780000482],[124.64166185200008,8.4784344510000551],[124.64250744600008,8.4782372250000435],[124.64266075100011,8.4786107600000378],[124.64282934900007,8.4791665110000736],[124.64296672600005,8.4795661520000749],[124.64313532500012,8.4799970160000271]]]},"properties":{"brgy_name":"Barangay 7 (Pob.)","city_name":"Cagayan de Oro City","prov_name":"Misamis Oriental"}},{"type":"Feature","geometry":{"type":"Polygon","coordinates":[[[124.64453406900009,8.4790790900000275],[124.64376947500011,8.4793158360000689],[124.64339758900007,8.4794475090000674],[124.64296672600005,8.4795661520000749],[124.64282934900007,8.4791665110000736],[124.64266075100011,8.4786107600000378],[124.64250744600008,8.4782372250000435],[124.64304790300002,8.4780674970000405],[124.64352247700003,8.4779301210000426],[124.64420311600009,8.4777365440000381],[124.64429678200008,8.4781798960000287],[124.64442791500005,8.4786607150000464],[124.64453406900009,8.4790790900000275]]]},"properties":{"brgy_name":"Barangay 8 (Pob.)","city_name":"Cagayan de Oro City","prov_name":"Misamis Oriental"}},{"type":"Feature","geometry":{"type":"Polygon","coordinates":[[[124.64643236600011,8.4785233380000591],[124.6453895520001,8.4788293140000519],[124.64453406900009,8.4790790900000275],[124.64442791500005,8.4786607150000464],[124.64429678200008,8.4781798960000287],[124.64420311600009,8.4777365440000381],[124.64514196100004,8.4775029060000406],[124.64604521300009,8.4773181700000464],[124.64611390200002,8.4777552780000747],[124.64643236600011,8.4785233380000591]]]},"properties":{"brgy_name":"Barangay 9 (Pob.)","city_name":"Cagayan de Oro City","prov_name":"Misamis Oriental"}},{"type":"Feature","geometry":{"type":"Polygon","coordinates":[[[124.62413023800002,8.5180799550000756],[124.62410618400008,8.5180799560000651],[124.62407731900009,8.5180894730000318],[124.62405086000001,8.5180894750000675],[124.62404020800011,8.5180919070000414],[124.6240411870001,8.5180627170000207],[124.62411566600008,8.5180472290000466],[124.62407069700009,8.5163727230000745],[124.6241356270001,8.5147494550000715],[124.62415660600004,8.5141672760000233],[124.6242135440001,8.5125872620000678],[124.62434340600009,8.5109250350000707],[124.62433691300009,8.5101328800000715],[124.62437399500004,8.5077522060000206],[124.62560578900002,8.5077806320000491],[124.62631643900011,8.5077237800000489],[124.62718817000007,8.5076858790000642],[124.62818308100009,8.5075911260000225],[124.63035750500001,8.5074444230000381],[124.63130376700008,8.5072728700000653],[124.63198269000009,8.5072500130000321],[124.63203006700007,8.5067572960000462],[124.6321090240001,8.5065525490000482],[124.63226695000003,8.5064256590000582],[124.63300602600009,8.5057813360000409],[124.63366183300002,8.5050573300000565],[124.63395439700002,8.5051888340000232],[124.6342093940001,8.5053454710000551],[124.63446809100003,8.5055542230000469],[124.6346615330001,8.5057476640000687],[124.6347604020001,8.5058336380000696],[124.63509570100007,8.5061452930000314],[124.63531063500011,8.5063817210000252],[124.63552342100002,8.5066117010000539],[124.63574983300009,8.5068122570000355],[124.63612523800009,8.5071060510000507],[124.63672060700003,8.5075552650000645],[124.6368796590001,8.5073919140000385],[124.63713543100005,8.5070824080000307],[124.63769241300008,8.5064605440000491],[124.6383690670001,8.5056771080000431],[124.63877253600003,8.5061711420000279],[124.63877695800011,8.5061765800000444],[124.63889018700002,8.5063275530000624],[124.63906946700001,8.5066672410000592],[124.63925818200005,8.5073371800000359],[124.63951282700009,8.5072503900000243],[124.63948753000011,8.5071163750000665],[124.63994536300004,8.5070238460000382],[124.64075712800002,8.5068051540000624],[124.64147778200004,8.5066098220000299],[124.64302840200003,8.5063090820000298],[124.6430117860001,8.5074389740000242],[124.64297855400002,8.5076632910000285],[124.64306543800001,8.508899141000029],[124.64311691900002,8.5098054340000431],[124.64311979000001,8.509873227000071],[124.64308655800005,8.510197240000025],[124.64311926200003,8.5103348030000348],[124.6433844500001,8.5113766940000346],[124.64341653500003,8.5115671520000546],[124.64353349800001,8.5115311630000292],[124.64358748100005,8.5115254380000351],[124.64360384000008,8.5115630620000502],[124.64362079500006,8.5115576470000747],[124.64363054100011,8.5115762840000571],[124.64360412000008,8.5115835320000315],[124.64359047300002,8.5115743910000674],[124.64279909100003,8.5118671970000719],[124.64263243700009,8.5119226970000454],[124.64261979000003,8.5119277030000262],[124.64258690700001,8.5119527240000252],[124.64257931900011,8.511955227000044],[124.64255402300012,8.5119602340000711],[124.64254137500006,8.5119602350000605],[124.64251102000003,8.511972748000062],[124.64247813600002,8.5119827590000341],[124.64230865000002,8.5119827810000288],[124.64227323600005,8.5119902900000284],[124.6422605890001,8.5119952950000766],[124.64224541100009,8.5119952970000554],[124.64222264500006,8.5120028050000656],[124.64218723100009,8.5120103150000546],[124.64217711300012,8.5120153200000459],[124.64217205400007,8.5120153210000353],[124.64214169900004,8.5120228300000349],[124.64211893400011,8.512030338000045],[124.64208351900004,8.5120328440000321],[124.64204304600003,8.5120403540000211],[124.64203039800009,8.5120403560000568],[124.6420126910001,8.512042860000065],[124.64199498400001,8.5120478650000564],[124.64192921500012,8.5120578810000325],[124.64188621300002,8.5120678930000508],[124.64187356500008,8.5120728980000422],[124.64182550400005,8.5120854130000225],[124.64182044500001,8.5120904170000244],[124.6418052680001,8.5120979240000452],[124.64172685400001,8.5121279550000395],[124.64169397100011,8.5121429690000241],[124.64163579300009,8.5121754990000227],[124.6416256760001,8.5121830060000434],[124.64155485000003,8.5122105340000758],[124.64154473200006,8.5122180400000502],[124.64152702600006,8.5122255480000604],[124.64151943700006,8.5122255490000498],[124.6414992010001,8.5122355580000431],[124.64145872900008,8.512248072000034],[124.64144608200002,8.5122530770000253],[124.64143343400008,8.512260584000046],[124.6414233160001,8.5122630870000648],[124.64139802200009,8.5122806020000326],[124.6413803160001,8.5122906110000258],[124.64137525700005,8.5122956150000277],[124.6413626100001,8.5123006200000759],[124.64134743300008,8.5123106290000692],[124.64127914000005,8.5123631750000754],[124.64125637500001,8.5123731840000687],[124.64123866900002,8.5123881970000639],[124.64120578600011,8.5124032120000379],[124.64119566800002,8.5124057150000567],[124.64117796100004,8.51241572400005],[124.64113748900002,8.5124282380000409],[124.6411147230001,8.5124307420000491],[124.64109701600012,8.5124357480000299],[124.64104054200004,8.5124725890000263],[124.64103295400002,8.5124775930000283],[124.64102536700011,8.512492605000034],[124.64101524900002,8.5125001110000653],[124.64101019100008,8.5125101190000692],[124.64099754500012,8.5125226290000455],[124.64096719100007,8.5125376430000301],[124.64093936800009,8.5125576610000735],[124.64092925000011,8.5125676690000205],[124.64089890000002,8.5126102030000652],[124.64087866700004,8.5126402260000305],[124.6408736090001,8.5126502340000343],[124.64085843300006,8.512670250000042],[124.64083820100007,8.512705277000066],[124.64083567300008,8.5127177860000529],[124.64083061400004,8.5127252920000274],[124.64082302800011,8.5127478080000287],[124.64081291200011,8.5127653220000639],[124.64080532600008,8.5127878390000546],[124.64080279600012,8.5127903410000272],[124.64079774100003,8.5128203620000704],[124.64079268300009,8.5128303700000743],[124.64079269700005,8.5129454510000642],[124.64080028900003,8.5129679660000761],[124.64080534900006,8.5129779720000442],[124.64081293900006,8.5129879780000692],[124.64082305800002,8.5129904790000523],[124.64086858700011,8.5129579510000326],[124.64088123500005,8.5129529460000413],[124.64089135300003,8.5129454390000205],[124.64091411800007,8.5129329270000653],[124.64092423600005,8.5129354280000484],[124.64093182700003,8.5129454340000734],[124.64093183000011,8.5129704520000473],[124.64092677300005,8.5129904660000761],[124.64092677400004,8.5130029750000631],[124.64092677600001,8.5130129820000207],[124.64093183900002,8.5130430030000639],[124.64093184100011,8.5130630170000359],[124.64093437100007,8.5130655180000758],[124.64103312400005,8.5138540550000243],[124.6406663460001,8.5140092080000613],[124.64064358000007,8.5140167160000715],[124.64063346300009,8.5140267240000753],[124.64062840700001,8.5140517430000386],[124.64061576100005,8.5140692570000738],[124.64060817300003,8.5140767630000482],[124.64060564500005,8.5140892720000352],[124.64060564900001,8.5141242960000341],[124.64060312100003,8.5141343040000379],[124.64059300400004,8.5141468140000711],[124.64059300600002,8.5141672760000233],[124.64059300700001,8.514171832000045],[124.64059806700004,8.51418183800007],[124.64063601600003,8.5142193600000269],[124.64064107700005,8.5142318680000244],[124.64064108000002,8.5142518820000532],[124.64063349200001,8.5142643920000296],[124.64062843400006,8.5142718980000609],[124.64060819800011,8.5142819070000542],[124.64060566900002,8.5142894130000286],[124.64060820000009,8.5142969180000705],[124.64062338100007,8.5143219340000655],[124.64063350200001,8.5143444490000206],[124.64063350300012,8.514356957000075],[124.64063856600001,8.5143819740000595],[124.64005410400011,8.5145745480000414],[124.64002026700007,8.5145822480000675],[124.63999861900004,8.5145846290000691],[124.63997697100001,8.5145893880000472],[124.63994810800011,8.5146060430000716],[124.63992646100007,8.514625077000062],[124.63991203000012,8.5146322150000628],[124.63986151800009,8.5146441140000206],[124.63980619400002,8.5146441190000246],[124.63979657300001,8.5146464990000368],[124.63978695100002,8.5146465000000262],[124.63975087100005,8.5146560190000287],[124.63974125000004,8.5146607780000636],[124.63972922300002,8.5146631580000758],[124.63970517100006,8.5146774330000312],[124.63969555100005,8.5146893290000207],[124.63969074100009,8.5147036030000436],[124.6396739060001,8.514725014000021],[124.63966669000001,8.5147297720000665],[124.6396450420001,8.5147392900000227],[124.63963061000004,8.5147416700000349],[124.63951515200006,8.5147416820000217],[124.63950312500003,8.5147464410000566],[124.63948869300009,8.514746442000046],[124.63947907200009,8.5147488220000582],[124.63943818000007,8.5147535840000614],[124.63942855900007,8.5147559630000274],[124.63941893800006,8.5147607220000623],[124.63939969500007,8.5147631030000639],[124.6393828570001,8.5147631040000533],[124.63936842500004,8.5147654850000549],[124.63932753400002,8.5147654890000695],[124.63931791200002,8.5147678690000248],[124.63926499400009,8.5147678740000288],[124.63923686800001,8.514777797000022],[124.6392055980001,8.5147778000000471],[124.63917913900002,8.5147825600000715],[124.63917192300005,8.5147849390000374],[124.6391478700001,8.5147992150000391],[124.63909735800007,8.5148111140000537],[124.63908773700007,8.5148158730000318],[124.6390805310001,8.5149181650000401],[124.6386427430001,8.5148515990000533],[124.63863312100011,8.5148444630000313],[124.63861147200009,8.5148373280000555],[124.63860184900011,8.514830193000023],[124.63859222800011,8.5148278150000465],[124.63856336200001,8.5148159230000715],[124.63854892900008,8.5148135450000382],[124.63852006400009,8.5148040330000754],[124.63846955000008,8.5148040370000331],[124.63845511800002,8.514801660000046],[124.63843106400009,8.5148016620000249],[124.63839017300006,8.5148111820000736],[124.63836852500003,8.5148111840000524],[124.6383516840001,8.5147778810000432],[124.63834206200011,8.5147731240000439],[124.63832041300009,8.5147683680000341],[124.6382915480001,8.5147683710000592],[124.63828192700009,8.5147707510000714],[124.63824825200004,8.5147731330000624],[124.63824103600007,8.5147826490000398],[124.63824103900004,8.5148064380000505],[124.63823141800003,8.514813575000062],[124.63822420200006,8.5148159550000742],[124.63820977000012,8.5148183350000295],[124.63819293200004,8.5148183370000652],[124.6381472270001,8.514794552000069],[124.63813279500005,8.5147921750000251],[124.63812317300005,8.5147874180000258],[124.6380967130001,8.5147826630000623],[124.63805822600011,8.5147707720000767],[124.63804379300007,8.5147636370000441],[124.63801733300011,8.5147565030000578],[124.63800530600008,8.5147565040000472],[124.63799568400009,8.514751747000048],[124.63774607200003,8.5147208450000562],[124.63770999100007,8.5147208480000245],[124.63769796400004,8.514718470000048],[124.63766910000004,8.5147184730000731],[124.63765226100008,8.5147137170000633],[124.63761136900007,8.5147089630000323],[124.63755364000008,8.5147089680000363],[124.63754161300005,8.5147065900000598],[124.63752718000001,8.5147065920000387],[124.63751755800001,8.5147042140000622],[124.6375055310001,8.5147042150000516],[124.63749350400008,8.5147018370000751],[124.63745742300011,8.5146994610000206],[124.63744299100006,8.5146970840000336],[124.63720966800008,8.5146971050000388],[124.63718802000005,8.5147042440000291],[124.6371735890001,8.51471138200003],[124.63716396700011,8.5147113830000762],[124.6371543460001,8.5147161410000649],[124.63713029200005,8.5147209010000324],[124.63710864500001,8.5147304190000455],[124.63710624000009,8.5147375560000569],[124.63710624200007,8.5147613440000214],[124.6371110550001,8.5147851330000321],[124.63711586700003,8.5147946480000769],[124.6371230850001,8.5148160570000755],[124.63712308800007,8.5148422250000522],[124.63712549400009,8.5148517400000401],[124.6371255040001,8.5149635470000362],[124.63711828900011,8.5149730630000704],[124.63707258700003,8.5149730670000281],[124.63706537000007,8.5149683100000289],[124.63705574800008,8.5149683110000751],[124.63703891000011,8.5149611760000425],[124.63703169300004,8.5149564190000433],[124.63699801700011,8.5149469060000342],[124.63698599000008,8.5149469080000699],[124.6369475030001,8.5149397740000268],[124.63693547600008,8.514939775000073],[124.63689217800004,8.5149302640000428],[124.63682242200002,8.5149302700000362],[124.63681280100002,8.5149326500000484],[124.63678153100011,8.5149350320000394],[124.63677431400004,8.5149231380000288],[124.63671390100001,8.5149183860000335],[124.63662490200011,8.5149183940000626],[124.63659122700005,8.5149207760000536],[124.63657438900009,8.5149279140000544],[124.63652628200009,8.5149302970000349],[124.63651185000003,8.5149326770000471],[124.63650944400001,8.5149350560000698],[124.63648058000001,8.5149398170000268],[124.63646614800007,8.514939818000073],[124.63644209400002,8.5149445780000406],[124.63643247300001,8.51494457900003],[124.63640360900001,8.5149517180000771],[124.63638436600002,8.5149517190000665],[124.63635309600011,8.5149564800000235],[124.63633144800008,8.5149659970000471],[124.63631942200004,8.5149683770000593],[124.63630980100004,8.5149731360000374],[124.63627131400006,8.5149731390000625],[124.63624485500009,8.5149683840000421],[124.63623282700007,8.5149636270000428],[124.6362256110001,8.5149588700000436],[124.63619193400007,8.5149493580000239],[124.63617028600004,8.5149493600000596],[124.63616306900008,8.5149469810000369],[124.63603317800005,8.5149469930000237],[124.63603077300002,8.514942235000035],[124.63600912400011,8.5149398580000479],[124.63599469100006,8.5149351020000381],[124.63598025900001,8.5149327240000616],[124.63594898800011,8.514923212000042],[124.63593936600012,8.5149184550000427],[124.6358984740001,8.5149184580000679],[124.63588404200004,8.5149208380000232],[124.63587201500002,8.5149208390000695],[124.63585998800011,8.5149255980000476],[124.6358407460001,8.5149303580000719],[124.63579745000004,8.5149493930000517],[124.63578542400012,8.5149517730000639],[124.63577580300012,8.5149589100000753],[124.63576858700003,8.5149612900000307],[124.63575656100011,8.5149708060000648],[124.63574212900005,8.5149779440000657],[124.63573250800005,8.514980324000021],[124.63572529200007,8.5149850820000665],[124.63564749000011,8.5150066580000612],[124.63561622100008,8.5150137970000515],[124.63555127800009,8.5150423490000549],[124.63554165700009,8.515044729000067],[124.63550076700005,8.5150661430000696],[124.63548392900009,8.5150685230000249],[124.63556813600007,8.5152730990000691],[124.63551676500003,8.5152747680000402],[124.63550954900006,8.5152771480000524],[124.63549752200004,8.5152771490000418],[124.6354349830001,8.5152938060000452],[124.63541333500007,8.515293808000024],[124.6353964970001,8.5153009460000249],[124.63538447100007,8.5153009470000711],[124.63537244400004,8.515308085000072],[124.6353580120001,8.5153128440000501],[124.63534358000004,8.5153152240000622],[124.63532193200001,8.515324741000029],[124.6353002840001,8.5153295010000534],[124.63529066300009,8.5153342600000315],[124.63527863600007,8.5153366400000436],[124.63526661000003,8.5153413980000323],[124.63525698800004,8.5153413990000217],[124.63523534000001,8.5153509170000348],[124.63521850300003,8.515353297000047],[124.63520166600006,8.515358056000025],[124.63515355900006,8.5153675760000738],[124.63512469500006,8.5153794730000527],[124.63511266800003,8.5153794740000421],[124.63510304700003,8.5153842320000308],[124.63509102000012,8.515386612000043],[124.63508861500009,8.5153889910000657],[124.63507658800006,8.5153937500000438],[124.63504531900003,8.5154008890000341],[124.63502126600008,8.5154104070000471],[124.63499961700006,8.5154127870000593],[124.63495391700008,8.5154365800000278],[124.63493948500002,8.5154413390000627],[124.63490100000001,8.5154579950000766],[124.63488897400009,8.5154675110000539],[124.63487213700012,8.5154770280000207],[124.6348432740001,8.5154889250000565],[124.63484086800008,8.5154913040000224],[124.63482162600008,8.5154960630000573],[124.63481200500007,8.5155008220000354],[124.63472301000002,8.5155531650000285],[124.63471820000007,8.5155626810000626],[124.63471820000007,8.5155721960000506],[124.63472541800002,8.5155936060000386],[124.63472060800007,8.5156031210000265],[124.63471098700006,8.5156078800000614],[124.63470136600006,8.5156102600000736],[124.63469415100008,8.5156197760000509],[124.63470377300007,8.5156340480000381],[124.63473024300004,8.5157577480000555],[124.6344969270001,8.5158438510000565],[124.63452580000001,8.515931867000063],[124.6340588700001,8.5160623940000733],[124.6340492490001,8.5160623940000733],[124.63403962700011,8.5160647740000286],[124.63402519500005,8.5160695330000635],[124.6340107640001,8.5160766710000644],[124.6339722780001,8.5160885680000433],[124.63394822500004,8.5160933280000677],[124.6339337930001,8.5161004660000685],[124.63389290200007,8.516109985000071],[124.63388087500005,8.5161147440000491],[124.63385441600008,8.5161171250000507],[124.63382555200008,8.516124264000041],[124.63379187700002,8.5161290240000653],[124.63377744500008,8.5161290260000442],[124.63377263400002,8.5161314050000669],[124.63373895900008,8.5161361650000345],[124.63369566200004,8.5161456840000369],[124.6336619870001,8.5161552030000394],[124.63364755600003,8.5161623410000402],[124.63363552900012,8.516164720000063],[124.63362590800011,8.5161694790000411],[124.63361147500007,8.5161694800000305],[124.63347427000008,8.5161936590000664],[124.63346464800009,8.5161936600000558],[124.63344300000006,8.5162007990000461],[124.63341654100009,8.5162055580000242],[124.63341173100002,8.5162079380000364],[124.63336121800012,8.5162174570000388],[124.63334919100009,8.5162174580000283],[124.63333235300001,8.5162222170000632],[124.63330830000007,8.5162317350000762],[124.63328424700001,8.5162364950000438],[124.63327462500001,8.5162412530000324],[124.63324576100001,8.5162483920000227],[124.63323854500004,8.516248393000069],[124.63322892400004,8.5162531510000576],[124.63320727500002,8.5162531530000365],[124.63318081600005,8.5162579130000609],[124.63309181600005,8.5162579200000437],[124.63308219500004,8.5162603000000558],[124.63285849300007,8.516260318000036],[124.63284406000002,8.5162555610000368],[124.63281760000007,8.516250805000027],[124.63280557300004,8.5162508060000732],[124.63278633000004,8.5162436710000406],[124.63275987000009,8.5162436730000763],[124.63273822100007,8.5162365390000332],[124.6327117620001,8.5162365410000689],[124.63269251800011,8.5162317840000696],[124.63264922100007,8.5162270300000387],[124.63261554500002,8.5162198960000524],[124.6325914900001,8.5162175190000653],[124.63256984100008,8.5162127630000555],[124.63255540900002,8.5162127640000449],[124.63251451600001,8.5162032520000253],[124.63249527300002,8.516203254000061],[124.63249046200008,8.5162008750000382],[124.63245919200006,8.5161961200000746],[124.63244475900001,8.5161961210000641],[124.63241830000004,8.5161913650000542],[124.63239424500011,8.5161889880000672],[124.63237019100006,8.516188990000046],[124.63236057000006,8.5161866120000695],[124.63234613700001,8.516186613000059],[124.63224610000009,8.5162008950000541],[124.63223166700004,8.5162008960000435],[124.63221964100001,8.5162056540000322],[124.63220039800001,8.5162056560000678],[124.63218356000004,8.5162104150000459],[124.63215950600011,8.5162127960000475],[124.63208253300002,8.5162128020000409],[124.63205607500004,8.5162199400000418],[124.6320416420001,8.5162199420000206],[124.63202721000005,8.5162223220000328],[124.63177704800012,8.5162223410000593],[124.63172172500003,8.5162294820000284],[124.63170488800006,8.5162342410000633],[124.63167361800004,8.5162366220000649],[124.6316688070001,8.5162413800000536],[124.63164475300005,8.5162413820000324],[124.63162791600007,8.5162461410000674],[124.63159424100002,8.5162509020000243],[124.63158461900002,8.5162556600000698],[124.63156537600003,8.5162580400000252],[124.63155575500002,8.5162627990000601],[124.63153891800005,8.5162651790000723],[124.63152689100002,8.5162723170000731],[124.6314956220001,8.5162865920000286],[124.63144511100006,8.5163175220000653],[124.63143067900012,8.516322280000054],[124.63141865300008,8.5163294180000548],[124.63139700500005,8.5163365560000557],[124.63138497800003,8.5163436940000565],[124.63135611400003,8.516355590000046],[124.63133687200002,8.5163651070000697],[124.63132725100002,8.5163722450000705],[124.63132244000008,8.5163722450000705],[124.63130800800002,8.5163817620000373],[124.63129357700006,8.5163960360000601],[124.63129117200003,8.5163960360000601],[124.6312429620001,8.5164689910000675],[124.63122612600012,8.5164880230000222],[124.63121169400006,8.5164999190000685],[124.63120447900008,8.5165118140000686],[124.6311972630001,8.5165189510000232],[124.63118283100005,8.5165260890000241],[124.63116118300002,8.5165403640000363],[124.63113231900002,8.5165522600000259],[124.63112029300009,8.516554640000038],[124.63110826600007,8.5165617780000389],[124.63108421200002,8.5165689160000397],[124.6310721860001,8.5165784330000633],[124.6310529430001,8.5165879500000301],[124.63104572800012,8.5165974660000643],[124.63104573100009,8.516630770000063],[124.63103130100001,8.5166640760000405],[124.63100965300009,8.516683108000052],[124.63099762700006,8.5166878670000301],[124.63099522200002,8.5166926250000756],[124.63098560000003,8.5166950040000415],[124.63094952000006,8.5167092800000432],[124.63091825000004,8.5167164190000335],[124.63091103500005,8.5167211780000684],[124.63089419700009,8.5167259370000465],[124.63086773800001,8.5167306960000246],[124.63086292800006,8.5167354550000596],[124.63082684700009,8.5167378360000612],[124.63073063200011,8.5167544950000433],[124.63070176700012,8.5167616340000336],[124.63068493000003,8.516761635000023],[124.63065125500009,8.5167687750000596],[124.63063441700001,8.516768776000049],[124.63057428200011,8.5167782960000409],[124.63054541800011,8.5167782980000766],[124.63052617500011,8.5167806780000319],[124.63051174200007,8.5167854370000668],[124.63048287800007,8.5167878180000685],[124.63041793200011,8.5167878230000724],[124.63038906700001,8.516790204000074],[124.63035779800009,8.5167949640000415],[124.63034577100007,8.516794965000031],[124.63030487900005,8.5168021050000675],[124.63027842000008,8.5168044850000229],[124.63024715000006,8.51681162400007],[124.63023993400009,8.5168116250000594],[124.63021588100003,8.5168163840000375],[124.63020385400011,8.5168163850000269],[124.63017017900006,8.516823524000074],[124.63014853000004,8.5168259050000756],[124.63013169200008,8.5168259060000651],[124.63011244900008,8.5168306650000432],[124.63009080100005,8.5168330460000448],[124.63005472000009,8.516840185000035],[124.63004028800003,8.5168401860000245],[124.63003066700003,8.5168473230000359],[124.63002104700001,8.5168663550000474],[124.63001383100004,8.5168734920000588],[124.63000180400002,8.516875872000071],[124.62998015500011,8.5168734950000271],[124.62996812800009,8.5168687380000279],[124.6299488840001,8.5168568450000635],[124.62992723500008,8.5168497100000309],[124.62974765100012,8.5168497230000639],[124.62966485600009,8.516854487000046],[124.62959509900008,8.51685449200005],[124.62956382900006,8.5168568730000516],[124.62953255800005,8.5168616330000759],[124.62950128900002,8.5168687720000662],[124.62946280300002,8.5168806690000451],[124.62944837000009,8.5168806700000346],[124.62944596500006,8.5168830490000573],[124.62943634300007,8.5168830500000468],[124.62942431700003,8.5168878080000354],[124.62940507300004,8.5168878100000711],[124.6293810200001,8.5168925690000492],[124.62933291100001,8.5168925730000637],[124.6293016410001,8.5168973320000418],[124.62919580300002,8.5168973400000709],[124.62918618100002,8.5168925830000717],[124.62917415400011,8.5168925840000611],[124.62914047800007,8.5168854490000285],[124.62912845100004,8.5168854500000748],[124.62911642400002,8.5168806930000756],[124.62909477500011,8.5168806950000544],[124.62906590900002,8.5168688020000332],[124.62904666600002,8.5168640460000233],[124.62902742200004,8.5168616690000363],[124.62899855700005,8.5168545340000605],[124.62898412400011,8.51685453500005],[124.6289432320001,8.5168474010000637],[124.62851988200009,8.5168474310000306],[124.62849101600011,8.5168426750000208],[124.62847658400005,8.5168426760000671],[124.62843328600002,8.516833163000058],[124.62841404300002,8.5168307860000709],[124.62839961000009,8.5168307870000604],[124.62836352900001,8.51682603200004],[124.62834188000011,8.5168212750000407],[124.62832504200003,8.5168212770000764],[124.62828415000001,8.5168141430000333],[124.62817324100001,8.5168070140000509],[124.62812513200004,8.516807017000076],[124.62810829500006,8.5168117760000541],[124.62806980800008,8.5168165360000216],[124.62804816000005,8.5168236750000688],[124.62802170100008,8.5168284340000469],[124.62800486300011,8.5168355720000477],[124.62799524100001,8.5168355730000371],[124.62798802500004,8.5168379520000599],[124.62797840400003,8.5168379530000493],[124.6279447280001,8.5168427130000737],[124.62793270100008,8.5168474710000623],[124.6279158640001,8.5168474720000518],[124.62789421500008,8.5168522310000299],[124.62783889100001,8.5168522350000444],[124.62782445800008,8.5168546150000566],[124.62776913400012,8.5168546190000711],[124.62775710700009,8.516856998000037],[124.62774026900001,8.5168569990000265],[124.62771140500001,8.5168617590000508],[124.62769456700005,8.5168617600000402],[124.62767772900008,8.5168688980000411],[124.62764164800001,8.5168712790000427],[124.62762240500001,8.5168760380000208],[124.62757670300005,8.5168807990000346],[124.62748048800006,8.5168950790000508],[124.62745402900009,8.516897459000063],[124.6274444070001,8.5169022180000411],[124.62743238000007,8.5169022190000305],[124.62742035300005,8.5169045980000533],[124.62739389400008,8.5169046000000321],[124.62738186700005,8.5169093580000208],[124.62736984000003,8.5169093590000671],[124.62731211100004,8.5169212570000354],[124.62729286800004,8.5169212590000711],[124.62727362500004,8.5169260180000492],[124.62723513900005,8.5169307780000736],[124.62722070700011,8.516930779000063],[124.62720386900003,8.5169355380000411],[124.62717500500003,8.5169379190000427],[124.62715095100009,8.5169450570000436],[124.62713170800009,8.5169474370000557],[124.62696814100002,8.5169474480000531],[124.62695611300012,8.5169426910000539],[124.62690078800006,8.5169284210000455],[124.62688395000009,8.516928422000035],[124.62683103100005,8.5169189100000722],[124.62681900400003,8.5169189110000616],[124.62681419300009,8.5169165320000388],[124.6267949490001,8.5169141550000518],[124.62679013900004,8.516911776000029],[124.62677089500005,8.5169117770000753],[124.62672278700006,8.5169022650000556],[124.62671316500007,8.5169022660000451],[124.6266556270001,8.5168903750000595],[124.62657143800004,8.5168903800000635],[124.62654738400011,8.516895140000031],[124.62652333100004,8.5169070360000205],[124.6264487630001,8.5169070400000351],[124.62642952100009,8.5169141780000359],[124.62639344000002,8.5169165590000375],[124.6263814130001,8.5169213180000725],[124.62631887300006,8.5169213220000302],[124.62630203500009,8.5169260810000651],[124.62628038700007,8.5169284610000204],[124.62624671100002,8.5169284630000561],[124.62623708900003,8.5169260850000228],[124.62622506200012,8.5169189490000576],[124.62621062900007,8.5169141920000584],[124.62620822300005,8.5169118130000356],[124.62619860200004,8.5169118140000251],[124.62617214200009,8.5169070580000721],[124.62615049400006,8.5169070590000615],[124.6261144130001,8.5169165770000745],[124.62610238600007,8.5169213350000632],[124.6260663060001,8.5169237170000542],[124.6260566840001,8.516926096000077],[124.62600376500006,8.5169260990000453],[124.62598452200007,8.5169237220000582],[124.62585463000005,8.5169237300000304],[124.62579690100006,8.5169356280000557],[124.62570790400002,8.5169736960000364],[124.62569828200003,8.5169760750000592],[124.62569587700011,8.5169784540000251],[124.62566941800003,8.5169903500000714],[124.62563814900011,8.5170093830000724],[124.62560206800003,8.5170165220000627],[124.62558763600009,8.5170212810000407],[124.62552919500001,8.5170570560000556],[124.62551235700005,8.5170618150000337],[124.62548589900007,8.5170856050000339],[124.62547868400009,8.517095121000068],[124.62544260400011,8.5171212910000236],[124.62543298300011,8.5171260490000691],[124.62541374000011,8.5171403240000245],[124.62540652400003,8.5171474610000359],[124.6253752560001,8.5171688730000596],[124.62537044500004,8.5171783880000476],[124.62536323000006,8.5171879040000249],[124.62535360900006,8.5172069360000364],[124.62534639400008,8.5172164520000706],[124.62534398900004,8.5172235890000252],[124.62532955800009,8.51724499900007],[124.62529828900006,8.5172735480000483],[124.62528626200003,8.5172759270000711],[124.62527904700005,8.5172878220000712],[124.62530792400003,8.5174924040000519],[124.62533678900002,8.5174828870000283],[124.62535603100002,8.5174686120000729],[124.62536324700011,8.5174590960000387],[124.62537286800011,8.5174519590000273],[124.62541376000001,8.5174519570000484],[124.62542819300006,8.5174567140000477],[124.62545224700011,8.5174567120000688],[124.62548592200005,8.517449574000068],[124.6255099760001,8.5174424350000209],[124.62552200300001,8.5174352980000663],[124.62554605500009,8.517413887000032],[124.62554846000012,8.5174019920000319],[124.62555327000007,8.5173924760000546],[124.6255652960001,8.5173758230000658],[124.62557732300002,8.5173710650000203],[124.62558935000004,8.5173710640000309],[124.62560859400003,8.5173853360000749],[124.6256254330001,8.5174019880000742],[124.62562783900012,8.5174091240000394],[124.6256278410001,8.5174352920000729],[124.62562543600006,8.5174448070000608],[124.62560619300007,8.5174543240000276],[124.62559657200006,8.5174638400000617],[124.62558454700002,8.5174900090000278],[124.62558454800001,8.5175042820000613],[124.62558214300009,8.5175137980000386],[124.62558214600006,8.5175566180000715],[124.6255869580001,8.5175780270000701],[124.62558695900009,8.5175923000000466],[124.62558936500011,8.517601816000024],[124.62559177100002,8.5176041950000467],[124.62559898900008,8.5176422560000447],[124.62559899100006,8.5176636660000327],[124.62559418100011,8.5176755610000328],[124.6254642880001,8.5176755690000618],[124.62543061300005,8.5176850860000286],[124.62541377500008,8.5176922240000295],[124.62536807300012,8.5177158250000389],[124.62535845200011,8.5177253410000731],[124.62535604800007,8.517734856000061],[124.62535604800007,8.5177443720000383],[124.62536326700001,8.5177800540000703],[124.62536326800011,8.517806222000047],[124.6253728910001,8.5178300100000683],[124.62537289200009,8.5178442840000343],[124.62537770400002,8.5178537990000223],[124.62537770500012,8.517877588000033],[124.62511070700009,8.5179085290000671],[124.62507703200004,8.5179204250000566],[124.62506019400007,8.5179299420000234],[124.62505057300007,8.5179323210000462],[124.62502892500004,8.5179418380000698],[124.62502892500004,8.5179513540000471],[124.62502170900007,8.5179537330000699],[124.62500727700001,8.5179537340000593],[124.62499284500007,8.5179584930000374],[124.6248870070001,8.5179584990000308],[124.6248773850001,8.5179608780000535],[124.62484371000005,8.5179608800000324],[124.62483408800006,8.5179656390000673],[124.62482446700005,8.5179656390000673],[124.62478838600009,8.5179727780000576],[124.6247787640001,8.517972779000047],[124.62472825200007,8.5179870550000487],[124.62470419800002,8.5179918140000268],[124.62470179200011,8.5179941930000496],[124.62467773900005,8.5179965730000617],[124.62464165800009,8.518003712000052],[124.62459836100004,8.518006094000043],[124.62458633400001,8.5180108520000317],[124.62457671200002,8.5180108530000211],[124.62457190100008,8.5180132320000439],[124.62455025300005,8.5180132330000333],[124.62454063100006,8.5180179920000683],[124.62452379400008,8.5180179930000577],[124.62449492900009,8.5180227520000358],[124.62446125300005,8.5180227540000715],[124.62443719900011,8.5180275130000496],[124.62439871300012,8.5180275150000284],[124.62427456000012,8.5180395060000365],[124.62423847900004,8.5180466440000373],[124.6242240470001,8.5180537820000382],[124.6241951830001,8.5180632990000618],[124.62415429100008,8.5180728170000748],[124.62414707500011,8.5180728170000748],[124.62413023800002,8.5180799550000756]]]},"properties":{"brgy_name":"Bayabas","city_name":"Cagayan de Oro City","prov_name":"Misamis Oriental"}},{"type":"Feature","geometry":{"type":"Polygon","coordinates":[[[124.6119493540001,8.376577156000053],[124.60269559200003,8.3765148380000483],[124.60269154400009,8.3765148110000496],[124.58418234100009,8.3751869850000276],[124.58417457600001,8.3751884940000423],[124.56988257300009,8.3779674850000561],[124.56969742400008,8.364091123000037],[124.56734500700009,8.3506343600000719],[124.56135154500009,8.3470538720000604],[124.56132827600004,8.3470571810000251],[124.55309316900002,8.3482283710000615],[124.55309215600005,8.3482244180000293],[124.5470387580001,8.3245833600000765],[124.57535061800002,8.3233995890000756],[124.57537757500006,8.323398462000057],[124.58464981900011,8.3290611550000335],[124.58376312500002,8.3345538560000705],[124.58792468200011,8.3433921540000711],[124.59647815700009,8.3460803890000648],[124.6016039110001,8.3458792560000461],[124.60973830800003,8.3456153120000636],[124.60957192400008,8.3449326190000761],[124.60975404800001,8.3456308860000377],[124.60955702000001,8.3465735930000733],[124.60899770500009,8.3474417380000432],[124.60784262700008,8.3485350810000227],[124.60658271000011,8.3497313060000238],[124.60630486500008,8.3502332060000413],[124.60628875100008,8.3506568430000243],[124.60672557200007,8.3526383240000541],[124.6076368570001,8.3560745990000669],[124.60770041800004,8.3567135100000769],[124.60753399900011,8.3569741940000313],[124.60724838500005,8.3570918440000241],[124.60685958800002,8.3572565720000398],[124.60646586100006,8.3577710530000218],[124.60633867800004,8.3582026010000732],[124.60652900800005,8.3597756220000292],[124.60675570800004,8.3605556470000693],[124.60739054800001,8.3616922970000473],[124.60870179700009,8.3628642030000719],[124.60947104600007,8.3632723070000452],[124.60999367000011,8.3633863950000205],[124.61001051100004,8.3633900710000262],[124.61071511000011,8.3631736170000295],[124.61323893600002,8.3617977800000745],[124.6142124590001,8.3617443300000218],[124.61423866300004,8.3617428920000521],[124.61467920700011,8.3619862500000295],[124.61557613200011,8.3628369690000568],[124.61665672900006,8.3641956210000217],[124.6173783050001,8.3668898600000716],[124.61738022500003,8.3672777660000293],[124.61708644100008,8.3676405670000236],[124.6165829360001,8.3678582840000217],[124.6159116340001,8.3679826900000762],[124.61543680200009,8.3680435310000689],[124.61352349500009,8.368665270000065],[124.61136409000005,8.3696954700000674],[124.61108013500007,8.370285999000032],[124.61107863000007,8.3702953870000556],[124.61099538400003,8.3708146260000262],[124.61123782700008,8.3715713240000582],[124.61265365100007,8.3728106430000366],[124.61315629300009,8.3732352070000502],[124.61329211000009,8.3738463860000252],[124.61324044700007,8.3743706220000718],[124.6119493540001,8.376577156000053]]]},"properties":{"brgy_name":"Bayanga","city_name":"Cagayan de Oro City","prov_name":"Misamis Oriental"}},{"type":"Feature","geometry":{"type":"Polygon","coordinates":[[[124.5799828590001,8.1821077710000623],[124.57908322500009,8.182628831000045],[124.57846233800001,8.1834332160000258],[124.57799241400005,8.1848685900000646],[124.57745723700009,8.1854399230000467],[124.57651847400007,8.1856726320000348],[124.57568429600008,8.1853973510000628],[124.5743581590001,8.1851643320000562],[124.57335291700008,8.1849736960000428],[124.57260411000004,8.1851217090000432],[124.57196180700009,8.1857142240000371],[124.57157607100009,8.1863703880000571],[124.57131747700009,8.1881490960000747],[124.57208859900004,8.1910729230000356],[124.57373493900002,8.1926825970000436],[124.57450509200009,8.1931063580000227],[124.57510449800009,8.1927887140000735],[124.57559701700006,8.1921110450000469],[124.57570461600005,8.1907347740000205],[124.57636834100003,8.1892956030000619],[124.57679622900002,8.1889994150000689],[124.57735228900003,8.1892745890000356],[124.57767302600007,8.1899307040000622],[124.57773707000001,8.1907350780000456],[124.57752287000005,8.1920689770000763],[124.57718040800012,8.1933650400000602],[124.5761957630001,8.1946353640000211],[124.57517382500009,8.1948764720000327],[124.57344066200005,8.1949608980000335],[124.57201777200009,8.1952359500000398],[124.57137567300003,8.1955746740000563],[124.57094749600003,8.1959346420000543],[124.57077597400007,8.1964853290000406],[124.57081971600007,8.1968002020000768],[124.57143996900004,8.1971813730000349],[124.57195328200009,8.1976049100000523],[124.57229550200009,8.1979437610000332],[124.5724450890001,8.1984943950000684],[124.57242411900006,8.199849782000058],[124.57250837900006,8.2048544710000328],[124.57229415300003,8.2055109270000344],[124.57186596200006,8.2059556430000384],[124.57139505200007,8.2061250240000732],[124.57086018100006,8.2058283940000365],[124.57020495100005,8.205002329000024],[124.56956328400008,8.2044516830000589],[124.56845391500008,8.2037740290000443],[124.56813308900007,8.203435283000033],[124.56791929500002,8.2029695940000238],[124.56755570000007,8.2027578900000435],[124.56704231600008,8.2027154730000689],[124.56652873900009,8.2030751750000377],[124.55652163100001,8.2007553960000337],[124.54355285300005,8.197531065000021],[124.52873794000004,8.19600381500004],[124.52831242600007,8.1949361600000543],[124.52852482100002,8.1939636450000535],[124.51507276400002,8.1944484020000345],[124.52011239600006,8.1724807960000589],[124.53569715600008,8.1605704920000335],[124.54621370100006,8.160823902000061],[124.56610644400007,8.160823902000061],[124.56705519500008,8.1601456720000556],[124.56741101400007,8.1621331280000504],[124.56748219200006,8.1625284300000658],[124.56781011700002,8.1628108870000347],[124.56828069100004,8.1629804570000601],[124.56867998700011,8.1630511820000606],[124.56929322000008,8.1630655140000385],[124.56963543800009,8.1632209160000571],[124.56983962400011,8.1636766040000452],[124.56972373800011,8.1644777050000243],[124.5698005810001,8.165116347000037],[124.57058466500007,8.1671141980000357],[124.57087541800001,8.1678508150000653],[124.57108675100005,8.1698537570000553],[124.57110535100003,8.171856607000052],[124.57135571700007,8.1722959550000382],[124.5715672770001,8.1735549540000534],[124.57186996300004,8.1741315330000361],[124.57239024900002,8.174246164000067],[124.57304540900009,8.1744180630000756],[124.57366205100004,8.1744945720000715],[124.57472189300006,8.174628450000057],[124.57546775200001,8.1751109720000272],[124.57641172700005,8.1766409470000667],[124.57669770600012,8.177320881000071],[124.57721261500001,8.1780575390000649],[124.57778482000003,8.1785959240000352],[124.57778453300011,8.1794740430000275],[124.57758395500002,8.1802104710000663],[124.57792722200008,8.180692127000043],[124.57875704500009,8.1810606230000644],[124.5799828590001,8.1821077710000623]]]},"properties":{"brgy_name":"Besigan","city_name":"Cagayan de Oro City","prov_name":"Misamis Oriental"}},{"type":"Feature","geometry":{"type":"Polygon","coordinates":[[[124.64363054100011,8.5115762840000571],[124.64362079500006,8.5115576470000747],[124.64360384000008,8.5115630620000502],[124.64358748100005,8.5115254380000351],[124.64353349800001,8.5115311630000292],[124.64341653500003,8.5115671520000546],[124.6433844500001,8.5113766940000346],[124.64311926200003,8.5103348030000348],[124.64308655800005,8.510197240000025],[124.64311979000001,8.509873227000071],[124.64311691900002,8.5098054340000431],[124.64306543800001,8.508899141000029],[124.64297855400002,8.5076632910000285],[124.6430117860001,8.5074389740000242],[124.64302840200003,8.5063090820000298],[124.64301363000004,8.5060876200000735],[124.64368802000001,8.5060102310000616],[124.64459089200011,8.5058333410000273],[124.64485911700001,8.5058331250000379],[124.6450333030001,8.5057781190000696],[124.64492954700006,8.5047565290000762],[124.64568328300004,8.5045662660000403],[124.6461605290001,8.5043982350000533],[124.64619502000005,8.5043690850000644],[124.64622921200009,8.5044749180000281],[124.64628619900009,8.5045888920000721],[124.64645878900001,8.504898249000064],[124.6466264930001,8.5051587610000752],[124.64687723600002,8.5055381320000265],[124.64703191500007,8.5057432850000509],[124.64740314400001,8.5060363610000422],[124.64766202800001,8.5062268600000266],[124.64775057000008,8.5062054600000465],[124.64896898900008,8.5060920330000727],[124.64917779400002,8.5060894890000327],[124.65552573000002,8.5031426560000227],[124.65553073300009,8.5031492500000354],[124.65553073300009,8.503151583000033],[124.65554489100009,8.5031772430000387],[124.65555433100008,8.5032052380000209],[124.65556141000002,8.5032169020000765],[124.65557084900001,8.5032378970000764],[124.65557556900001,8.5032542280000598],[124.65558029200008,8.503282223000042],[124.65558029600004,8.5033055530000752],[124.65558265700008,8.5033218840000586],[124.65558973800012,8.5033498790000408],[124.65558974600003,8.503398872000048],[124.65558738900006,8.5034082040000385],[124.65557559700005,8.5034268700000553],[124.65556852200007,8.5034338700000376],[124.65553314200008,8.5034618720000594],[124.65552370700004,8.5034642060000465],[124.65551663100007,8.5034712060000288],[124.65550483700008,8.5034758740000598],[124.65548360900004,8.5034922090000578],[124.6554505900001,8.5035272090000262],[124.65543643800004,8.5035388760000501],[124.65556151500004,8.5038654770000335],[124.65559218100009,8.5038654720000295],[124.65559925800005,8.5038631380000425],[124.6556299240001,8.5038631330000385],[124.65564879600004,8.5038654640000573],[124.65566059100001,8.5038701280000737],[124.65567474500006,8.5038724590000356],[124.65568890000009,8.5038771220000626],[124.65572664500007,8.5038934470000527],[124.65578326500008,8.5039237680000497],[124.65581393500008,8.5039447600000244],[124.65582809200009,8.5039634220000266],[124.65583281200009,8.5039750860000254],[124.65583517200002,8.5039867510000704],[124.65583517400012,8.5039960830000609],[124.65584697200006,8.5040170780000608],[124.65585640900008,8.5040217430000666],[124.65586820400006,8.5040217410000309],[124.65588943300008,8.5040170720000674],[124.65590122800006,8.5040170700000317],[124.65590830600001,8.5040240680000352],[124.65591066600007,8.5040310670000281],[124.65591067100002,8.5040590630000565],[124.6559059540001,8.5040660630000389],[124.65588472600007,8.5040800640000498],[124.65588001000003,8.5040893970000297],[124.65588001100002,8.5041010620000748],[124.65588945000002,8.5041150590000711],[124.6559012460001,8.5041267220000236],[124.65590596600009,8.5041360530000247],[124.65591467700006,8.5041900720000285],[124.65591467900003,8.5041994040000759],[124.65591232200006,8.5042110700000535],[124.65590760600003,8.5042250690000287],[124.65590053100004,8.5042367350000632],[124.65590053500011,8.5042577320000419],[124.65591705200006,8.5042857250000452],[124.65592648900008,8.5042950560000463],[124.65593120900007,8.5043067200000451],[124.65593828800002,8.5043183840000438],[124.65594536800006,8.5043417130000307],[124.65594537000004,8.5043533780000757],[124.65595245100008,8.5043813730000579],[124.65595245300005,8.5043930380000461],[124.65595481500009,8.5044070350000425],[124.65596661200004,8.5044233650000365],[124.65599728300003,8.5044536890000586],[124.65601144100003,8.5044770160000667],[124.65601852100008,8.5045003450000536],[124.65602796000007,8.5045213410000429],[124.65603503800003,8.5045283390000463],[124.65604447500004,8.5045330030000628],[124.65605627000002,8.5045330010000271],[124.65606570500006,8.5045283340000424],[124.65608221500008,8.5045166660000291],[124.65610580500004,8.5045166620000714],[124.65611760000002,8.5045213270000204],[124.65613411700008,8.5045423210000308],[124.65615063400003,8.5045749800000294],[124.65615771600005,8.5046029750000685],[124.65616715500005,8.5046216380000601],[124.65618367200011,8.5046472980000658],[124.65619311300009,8.5046822920000409],[124.65620727100008,8.504707953000036],[124.65621670900009,8.5047196160000453],[124.65622378800003,8.5047336130000417],[124.65623558700008,8.5047616070000345],[124.65623794900011,8.5047756050000203],[124.65624502700007,8.5047849360000214],[124.65624738800011,8.504798934000064],[124.65625918700005,8.5048199290000639],[124.65626626500011,8.504829260000065],[124.65626862500005,8.5048385920000555],[124.65632053500008,8.5049132400000644],[124.65634413100008,8.5049528970000665],[124.65635829200005,8.5049972220000427],[124.65635829500002,8.5050158860000238],[124.65636773500012,8.5050392150000675],[124.65637717400011,8.5050555450000616],[124.65638661300011,8.5050765400000614],[124.65639605300009,8.5051045350000436],[124.65639605800004,8.5051301980000744],[124.65639134100002,8.5051395310000544],[124.65638190600009,8.5051441990000285],[124.65636775300004,8.5051465340000618],[124.65636303600002,8.5051535340000441],[124.65636304100008,8.505179197000075],[124.65636776000008,8.5051908610000737],[124.65637247900008,8.5051955260000227],[124.65638663400011,8.5052025230000368],[124.65642673900004,8.5052165150000292],[124.65642426400007,8.5052632060000519],[124.65643606200001,8.5052818680000541],[124.65644078000003,8.50528653300006],[124.65645965400006,8.505298195000023],[124.65646909000009,8.5053028600000289],[124.65648088500006,8.5053051910000477],[124.6564997590001,8.5053145200000699],[124.65653042600002,8.5053191810000612],[124.65656581000007,8.5053191750000678],[124.65659411800004,8.5053238370000486],[124.65661535100003,8.5053354980000222],[124.65662950600006,8.5053471610000315],[124.65664837800011,8.5053494910000609],[124.65666252500012,8.5053051620000701],[124.65664128800006,8.5052655040000218],[124.65664128600008,8.5052538390000336],[124.65664600200012,8.5052445060000537],[124.65665307800009,8.505239839000069],[124.65667902600001,8.5052351690000592],[124.65671912800008,8.5052351620000763],[124.65672856500009,8.5052398270000253],[124.65673800100001,8.5052421580000441],[124.65674036000007,8.5052444910000418],[124.65675687400005,8.5052514870000664],[124.65678518300001,8.5052584820000448],[124.65683236200005,8.5052584740000725],[124.65684415700002,8.5052608050000345],[124.65687010600004,8.5052608010000768],[124.65688426100007,8.505267798000034],[124.6568936970001,8.5052701290000527],[124.65690077500005,8.5052771270000562],[124.6569031360001,8.5052887920000444],[124.65689134400009,8.5053097910000588],[124.65689134800004,8.5053307880000375],[124.65688191700008,8.5053634510000506],[124.65687955900012,8.5053657850000377],[124.65699279300009,8.5053890960000444],[124.65696686400008,8.5055057510000438],[124.65663895500006,8.505428815000073],[124.65663188200006,8.5054521460000387],[124.65710062200003,8.5063311160000694],[124.65710298800002,8.506375442000035],[124.6570982720001,8.5063871080000695],[124.65709119700011,8.5063964410000494],[124.65708884000003,8.506408107000027],[124.65708884100002,8.5064174390000744],[124.6570841250001,8.5064244390000567],[124.65708176800001,8.5064361040000449],[124.65707469200004,8.5064431040000272],[124.65706289800005,8.5064501050000558],[124.65643075500009,8.5068031300000371],[124.65644370400003,8.5068979700000682],[124.65644370700011,8.5069129810000277],[124.65644876700003,8.5069229870000527],[124.65645383000003,8.5069430000000352],[124.65645889100006,8.5069530060000602],[124.65646395300007,8.5069755210000721],[124.65647154600003,8.5069955340000547],[124.65648420100001,8.5070405640000217],[124.6564842030001,8.5070530720000761],[124.65648926500012,8.5070680820000462],[124.6564892990001,8.507278230000054],[124.65649183000005,8.5072882360000222],[124.65649186400003,8.5074958820000575],[124.65649692500006,8.5075058890000719],[124.6564994580001,8.5075259020000544],[124.65649948900011,8.5077135340000609],[124.65650455200011,8.5077360490000729],[124.65651720500011,8.5077660690000698],[124.65653238700008,8.5077960870000311],[124.65653997800007,8.5078060930000561],[124.65655262900009,8.5078286070000217],[124.65657034000003,8.5078511200000548],[124.65660070000001,8.5078786350000541],[124.65664118300003,8.507936169000061],[124.65666395200003,8.5079486740000334],[124.65669430700007,8.5079551680000236],[124.65670189800005,8.5079651740000486],[124.65670442900011,8.507975181000063],[124.65670443600004,8.5080202120000763],[124.65670949900004,8.5080402250000589],[124.65672215200004,8.5080702440000664],[124.6567246840001,8.5080852550000259],[124.65672974500001,8.5080977630000234],[124.65673480800001,8.5081227790000753],[124.65673986900003,8.5081327860000329],[124.65674746200011,8.5081578020000279],[124.6567550530001,8.5081678080000529],[124.65675758400005,8.508177814000021],[124.65676264500007,8.5081878210000355],[124.65678035700012,8.5082203410000261],[124.65678541700004,8.5082253430000492],[124.65680566100002,8.5082653680000249],[124.65682337300007,8.508295386000043],[124.65683096300006,8.508305392000068],[124.6568410860001,8.5083279070000231],[124.65686132700012,8.5083579240000518],[124.65686385800007,8.5083654290000368],[124.65687904000004,8.5083904440000424],[124.6568815710001,8.5084004510000568],[124.65689675400006,8.508427968000035],[124.65690434400005,8.5084354720000306],[124.65691699600006,8.5084629890000656],[124.65693723900006,8.5084980110000288],[124.65693977000001,8.5085080180000432],[124.65694736100011,8.5085180230000219],[124.65694989200006,8.5085255280000638],[124.65695748200005,8.5085380360000613],[124.65695748300004,8.5085430390000738],[124.65697519600008,8.5085755600000539],[124.65698531700002,8.508588067000062],[124.65700049900011,8.5086155840000401],[124.6570156790001,8.5086330940000607],[124.65702833100011,8.5086556080000264],[124.6570359210001,8.508663112000022],[124.65705616500009,8.5087006350000252],[124.65705869600004,8.508713144000069],[124.65704099000004,8.5087181500000497],[124.65703340000005,8.5087106460000541],[124.65701315800004,8.508680628000036],[124.65699291500005,8.5086431050000328],[124.65698785300003,8.5086305960000459],[124.65696761200002,8.5086030800000572],[124.65694736900002,8.5085705610000559],[124.65691953700002,8.5085305370000697],[124.65690435700003,8.5085155290000216],[124.65689423600008,8.5085030210000241],[124.65688917600005,8.5084930150000559],[124.65688158500006,8.508483009000031],[124.65687652400004,8.5084705010000334],[124.65686134300006,8.5084529910000697],[124.65684363100002,8.5084254750000241],[124.65680315100008,8.5083854530000735],[124.65677531900008,8.5083479310000598],[124.65676266800006,8.5083254170000373],[124.65675507700007,8.5083154120000586],[124.65671965700005,8.5082803930000637],[124.65670953800009,8.5082753910000406],[124.65669941800002,8.508267887000045],[124.65663110600008,8.5081878420000407],[124.65661592600009,8.5081728340000495],[124.65659821600002,8.5081603280000309],[124.65658809600006,8.5081478210000228],[124.65657797400002,8.5081278080000402],[124.65657544300007,8.5081178010000258],[124.65656785200008,8.5081052940000745],[124.65655773200001,8.508095289000039],[124.65655014100003,8.5080827810000415],[124.65652737000005,8.5080527640000696],[124.65652230900002,8.5080427570000552],[124.65650712400009,8.5079952260000482],[124.6564995330001,8.5079802170000676],[124.65649700100005,8.5079652070000407],[124.65648941000006,8.5079526990000431],[124.65647928800001,8.5079301850000206],[124.65646410600004,8.5079076720000444],[124.65644386600002,8.5078851590000681],[124.65643627500003,8.50787265200006],[124.65642109500004,8.5078551420000395],[124.65641350300007,8.5078401320000694],[124.65640591400006,8.5078376320000757],[124.65639832400007,8.5078301280000233],[124.6563848400001,8.5077810580000346],[124.65635953800006,8.5077435360000209],[124.65633170300009,8.5076860000000352],[124.65631145400005,8.5076134520000437],[124.65628868200008,8.507573427000068],[124.6562810910001,8.5075634220000325],[124.65626337900005,8.5075309020000418],[124.65624313700005,8.5075033850000636],[124.65622795700006,8.5074883770000724],[124.65622542600011,8.5074783710000474],[124.65621530600004,8.5074683650000225],[124.65620265500002,8.5074508550000587],[124.65618747500002,8.5074333450000381],[124.65617735500007,8.5074258410000425],[124.65614952500005,8.5073983270000326],[124.65610651800012,8.507370814000069],[124.65609386800008,8.5073608090000334],[124.65606351000008,8.507343302000038],[124.65605339000001,8.5073332960000698],[124.65604327100004,8.5073282940000468],[124.65603821000002,8.5073182880000218],[124.65603820800004,8.5073057790000348],[124.65603567700009,8.5072932710000373],[124.65603061500008,8.5072782610000672],[124.65602808300002,8.5072632510000403],[124.65602302200011,8.5072507430000428],[124.65601290000006,8.5072282290000203],[124.65600024800005,8.5072057150000546],[124.65598506800006,8.507188205000034],[124.65597747800007,8.5071832030000678],[124.65592435500002,8.507175706000055],[124.6558282310001,8.5071757210000669],[124.65582064300008,8.5071782240000289],[124.6558105260001,8.5071857310000496],[124.65579282500005,8.5072257620000755],[124.65578523700003,8.5072332690000394],[124.65574476400002,8.5072332750000328],[124.65572958600001,8.5072307760000285],[124.65571946800003,8.5072332790000473],[124.65570935100004,8.5072407860000681],[124.65569417900008,8.5072758130000352],[124.65568153100003,8.5072783170000434],[124.65564612100002,8.5073033400000213],[124.65563347300008,8.507303342000057],[124.65561070600006,8.5072983420000696],[124.65560058900007,8.507303347000061],[124.65559047000011,8.5073033490000398],[124.65557782100007,8.5072983470000736],[124.6555677020001,8.5072908430000211],[124.65554999400001,8.5072833410000612],[124.65553734500008,8.5072808410000675],[124.65551457900006,8.5072808450000252],[124.65550446100008,8.5072858500000734],[124.65549687400005,8.5072958580000204],[124.6554918170001,8.5073083680000536],[124.65548423000007,8.5073183760000575],[124.65546905300005,8.5073233820000382],[124.65545134600006,8.5073258860000465],[124.65543110900012,8.507325890000061],[124.65541846000008,8.5073183860000654],[124.65540074900002,8.5072933720000492],[124.65539315800004,8.5072783620000223],[124.65537544900008,8.5072658560000605],[124.65536533000011,8.5072633560000668],[124.65534256000001,8.5072433450000631],[124.6553197930001,8.5072358440000357],[124.65528943700008,8.5072308450000378],[124.65527931800011,8.5072308470000735],[124.65526414200008,8.5072408560000667],[124.65523632400004,8.5072833900000546],[124.65523379600006,8.507298401000071],[124.65523379900003,8.5073134120000304],[124.65524645000005,8.507335926000053],[124.65526163100003,8.5073559370000567],[124.65526669300004,8.5073684450000542],[124.65527175300008,8.5073759500000392],[124.65527175500006,8.5073859570000536],[124.65527428500002,8.5073909600000661],[124.65528187900009,8.5074209800000631],[124.65528693900001,8.5074309860000312],[124.65528947100006,8.5074459960000581],[124.65530212300007,8.5074660080000513],[124.65530212900001,8.507503535000069],[124.65530466100006,8.507518545000039],[124.65532743400001,8.5075610710000547],[124.65532744200004,8.5076111060000699],[124.65532491400006,8.5076236160000462],[124.65531227000008,8.5076461340000264],[124.65529709600003,8.5076686520000635],[124.6552793940001,8.5077036790000307],[124.65524904100005,8.5077161930000216],[124.65519592200008,8.507731212000067],[124.65518074600004,8.5077412210000602],[124.65516556900002,8.507746227000041],[124.65513521700007,8.5077687480000463],[124.65509474900011,8.507803779000028],[124.65505933800011,8.5078288020000628],[124.65505175100009,8.5078363090000266],[124.65503657400006,8.5078438170000368],[124.65502898700004,8.5078513230000681],[124.65502392900009,8.5078613310000719],[124.65502140100011,8.5078713390000757],[124.65501634300006,8.5078788450000502],[124.65501381500007,8.5078913540000372],[124.65500370100006,8.5079163730000573],[124.65499105600009,8.5079388910000375],[124.65496158100007,8.5079994770000553],[124.65495146700005,8.5080295000000206],[124.65493882200008,8.5080470140000557],[124.65493376500001,8.5080595230000426],[124.65492617600012,8.5080620260000615],[124.65491353200002,8.5080845440000417],[124.65490594500011,8.5080945520000455],[124.65490595000006,8.5081270750000613],[124.6549008930001,8.508142087000067],[124.65489330600008,8.5081495930000415],[124.65488065800002,8.5081520970000497],[124.65486042100008,8.5081521000000748],[124.65484777400002,8.5081546040000262],[124.65483512500009,8.5081521040000325],[124.6548199450001,8.5081370960000413],[124.65481488500006,8.5081270890000269],[124.65481488300009,8.5081145810000294],[124.65481994000004,8.5081045730000255],[124.65483511500008,8.5080895600000304],[124.6548351130001,8.5080770510000434],[124.65484016900007,8.5080545350000421],[124.65483763700001,8.5080370230000426],[124.65483257700009,8.5080320200000301],[124.65481739800009,8.5080245170000239],[124.65479210100011,8.5080170160000534],[124.65476680500001,8.508017020000068],[124.65473898100004,8.5080295330000695],[124.65473139400001,8.5080370390000439],[124.65472380800009,8.5080545530000222],[124.6547238170001,8.5081120930000225],[124.65471876200002,8.5081371120000426],[124.65471117400011,8.5081471200000465],[124.65469852800004,8.5081596300000228],[124.65467070500006,8.5081721440000706],[124.65465805700001,8.5081746470000326],[124.65462517500009,8.5081921650000254],[124.65460241300002,8.5082171860000244],[124.65456194900003,8.5082772340000474],[124.65455689200007,8.5082897440000238],[124.65452907200006,8.508327275000056],[124.65451895500007,8.5083347820000768],[124.65448354600005,8.508369812000069],[124.65447342900006,8.5083773190000329],[124.65446584200004,8.5083898290000661],[124.65445066600012,8.5084023400000319],[124.65443296400008,8.5084323640000434],[124.65442537600006,8.5084398700000747],[124.65439755800003,8.5084899100000371],[124.65438997100011,8.5084999180000409],[124.6543899720001,8.5085024200000703],[124.65437985600011,8.5085199340000486],[124.65437226800009,8.508527440000023],[124.65436721100002,8.5085399500000563],[124.65434950700001,8.5085624680000365],[124.65434192000009,8.5085749780000697],[124.65433433600003,8.5086024990000624],[124.65432674900001,8.5086125070000662],[124.65432675200009,8.5086350230000676],[124.65431068900011,8.5086709610000639],[124.65430057200001,8.5086784680000278],[124.65429298600009,8.5087009850000754],[124.65429298800007,8.508713493000073],[124.65429046000008,8.5087235010000768],[124.65429046500003,8.5087510200000338],[124.65428793700005,8.5087610280000376],[124.65428794000002,8.5087810420000665],[124.65428541300003,8.5087960530000259],[124.6542778270001,8.5088160680000442],[124.65427782900008,8.5088260750000586],[124.65427277100002,8.5088360830000624],[124.65427277800006,8.5088836160000483],[124.65426519200003,8.5088961260000247],[124.65426266400004,8.508911137000041],[124.65425760700009,8.5089236470000742],[124.65424749600004,8.5089686800000663],[124.65424750800003,8.5090437330000555],[124.65425003900009,8.5090537400000699],[124.65426268900001,8.5090687480000611],[124.65428545800012,8.5090837550000629],[124.65431075800007,8.5091062670000497],[124.65433353000003,8.5091412880000235],[124.65434365200008,8.509163802000046],[124.65434366600005,8.5092538660000514],[124.65433355300001,8.5092913940000585],[124.65432849600006,8.5093039030000455],[124.65430573500009,8.5093364290000295],[124.65427791400009,8.5093639530000473],[124.65424756100003,8.5093789680000214],[124.65422985400005,8.5093839750000484],[124.65421973700006,8.5093914810000228],[124.65420456000004,8.5093964870000605],[124.65419191300009,8.5094039950000706],[124.65418179500011,8.5094064980000326],[124.65415903100006,8.5094190100000446],[124.65414638300001,8.5094215140000529],[124.65413626600002,8.5094265190000442],[124.65409326600002,8.5094515430000683],[124.65405279800007,8.5094840720000207],[124.65400474300009,8.5095316130000356],[124.65399462500011,8.5095391200000563],[124.65396933500006,8.5095766500000423],[124.65395922000005,8.5095991680000225],[124.65395669200007,8.5096091750000369],[124.65409840900008,8.5099787260000426],[124.65401737400009,8.5099837430000207],[124.65399207700011,8.5099837460000458],[124.65395919100001,8.5099762460000647],[124.65394654300007,8.5099762480000436],[124.6539212460001,8.5099712480000562],[124.65389595000011,8.5099687510000308],[124.65385041400009,8.5099537470000541],[124.65381246900006,8.5099487490000456],[124.65379982100001,8.5099487510000245],[124.65377199400007,8.5099437520000265],[124.65374669800008,8.5099412540000685],[124.65371634100006,8.5099337530000412],[124.65369610300002,8.5099262510000244],[124.65368598500004,8.5099262530000601],[124.65366827700007,8.5099187500000539],[124.65365056900009,8.5099187530000222],[124.65359997500002,8.5099087540000369],[124.65358985700004,8.5099087550000263],[124.65354432300012,8.5099012570000241],[124.65353167500007,8.5099012590000598],[124.65349878900008,8.5098937580000324],[124.65348614100003,8.5098937600000681],[124.65347096300002,8.5098912610000639],[124.65334195300011,8.5098912810000229],[124.6533343640001,8.5098937840000417],[124.6533014800001,8.5098962900000288],[124.65327365500002,8.5099038000000746],[124.65325847800011,8.5099038020000535],[124.65321547600001,8.5099138160000507],[124.65320535700005,8.5099138170000401],[124.65316994400007,8.5099213280000754],[124.65315476700005,8.5099263340000562],[124.65314211900011,8.509926336000035],[124.65312441200001,8.5099288400000432],[124.65311429500002,8.509936347000064],[124.65310164700008,8.5099388510000722],[124.6530915300001,8.5099463570000466],[124.65307129500002,8.5099563680000756],[124.65312952900001,8.5102991000000543],[124.65280633600003,8.5102448640000716],[124.65277851100007,8.5102448680000293],[124.65274815500004,8.5102398690000314],[124.65273550600011,8.5102398710000671],[124.6527203280001,8.5102373710000734],[124.65271526900005,8.5102348700000334],[124.65270262100012,8.5102348720000691],[124.65268491300003,8.5102298710000355],[124.65266214600001,8.51022987500005],[124.65265202700004,8.5102273750000563],[124.65264190800008,8.5102223730000333],[124.65262167100002,8.5102223760000584],[124.65261661200009,8.5102198750000753],[124.65259384500007,8.5102198780000435],[124.6525837260001,8.5102148760000205],[124.65256348900004,8.5102148790000456],[124.65253313300002,8.5102073780000751],[124.65250783600004,8.5102048800000603],[124.65247242000009,8.5101973800000223],[124.65245724300007,8.5101973830000475],[124.65243953400011,8.5101898800000413],[124.65243194600009,8.5101898810000307],[124.65241423800001,8.5101848800000539],[124.65240158900008,8.5101848820000328],[124.65239905900012,8.5101823810000496],[124.65238135200002,8.5101798820000454],[124.65236364500004,8.5101798840000242],[124.65234593700006,8.5101773850000768],[124.65230293200011,8.5101698870000746],[124.6522877540001,8.5101648850000515],[124.65223716100002,8.5101598890000218],[124.65220427500003,8.5101523890000408],[124.65219415600006,8.5101473870000746],[124.6521840370001,8.5101473890000534],[124.65217138800006,8.5101423870000303],[124.65215621000004,8.5101398870000367],[124.65214356200011,8.5101348860000599],[124.65213091300006,8.5101323860000662],[124.65209802600009,8.5101173800000538],[124.65207019900004,8.5101123810000558],[124.6520423720001,8.5100998760000266],[124.65202972300006,8.5100973770000223],[124.65201201500008,8.510089874000073],[124.65200695600004,8.5100898750000624],[124.65198924700007,8.5100848740000288],[124.65195636100009,8.5100723700000458],[124.65192853400004,8.5100648690000753],[124.65186964400004,8.5100598740000351],[124.65183170000012,8.5100598800000284],[124.65179375700006,8.5100673900000743],[124.65178870800003,8.5101324370000384],[124.65171281800008,8.5101224410000214],[124.65169762800008,8.5100398850000261],[124.65159618000007,8.5100373990000548],[124.65157847100011,8.5100298960000487],[124.65149752000002,8.510012396000036],[124.65147475400011,8.5100123990000611],[124.65147222400003,8.5100098980000212],[124.65142669000011,8.5100074030000314],[124.65136344700011,8.5099974050000355],[124.65136091700003,8.5099949040000524],[124.65134068000009,8.5099949070000207],[124.65131285400003,8.5099899070000333],[124.65129767500002,8.5099849060000565],[124.65127237900003,8.5099849100000711],[124.65124202200002,8.5099774090000437],[124.65122431500004,8.5099774110000226],[124.65121166600011,8.5099724100000458],[124.65119395900001,8.5099724120000246],[124.65114842500009,8.5099649140000224],[124.65107759500006,8.5099649240000304],[124.65106747700008,8.5099699290000217],[124.65105230000006,8.5099724330000299],[124.65104218200008,8.5099774380000213],[124.65100676900011,8.5099824470000272],[124.65086764000011,8.509982467000043],[124.65086511000004,8.5099799660000599],[124.65084993200003,8.5099774660000662],[124.65083981300006,8.5099724640000431],[124.65080692600009,8.5099624620000327],[124.65079680700001,8.509959962000039],[124.6507816300001,8.5099599640000747],[124.65076392200001,8.5099549630000411],[124.65074621400004,8.5099524640000368],[124.65072850600006,8.50994746300006],[124.6507032080001,8.5099374590000707],[124.65068803000008,8.5099349600000664],[124.65067791100012,8.5099299580000434],[124.65062731800003,8.5099199580000686],[124.65058937300012,8.5099174620000326],[124.65056407600002,8.5099124620000453],[124.65019222400008,8.5099125160000426],[124.65015428000004,8.5099100200000635],[124.65014922000012,8.509905017000051],[124.6501264530001,8.5099050200000761],[124.65010368600008,8.5099000200000319],[124.65004044400007,8.509890022000036],[124.65002779600002,8.5098900240000717],[124.65001008800004,8.509885023000038],[124.64987348900002,8.5098850430000539],[124.64986084100008,8.5098875460000727],[124.64984566300006,8.5098875480000515],[124.64983554600008,8.5098925530000429],[124.64980519100004,8.5098975610000593],[124.64979001300003,8.5098975630000382],[124.64977736600008,8.5099025690000758],[124.64974448100008,8.5099050750000629],[124.64973183400002,8.5099100800000542],[124.64971918600008,8.5099125840000625],[124.64966859700007,8.5099326050000741],[124.64965594900002,8.5099351090000255],[124.64953977000005,8.5099301220000712],[124.64952459200003,8.5099276220000206],[124.64930198600007,8.5099276540000233],[124.64926910000008,8.5099226550000253],[124.64925898100012,8.509922657000061],[124.64925139200011,8.5099176540000485],[124.64921344700008,8.5099151580000694],[124.64918309100005,8.5099101590000714],[124.64915779500006,8.5099101620000397],[124.64915020600006,8.509907662000046],[124.64912743900004,8.5099076650000711],[124.64911226100003,8.5099051650000206],[124.64900601800002,8.5099051800000325],[124.64898325200011,8.5099126890000321],[124.64897566400009,8.509917693000034],[124.64896301700003,8.5099201970000422],[124.64893013500011,8.5099427170000581],[124.64892254800009,8.5099527250000619],[124.64892257300005,8.5101253470000415],[124.64892004400008,8.5101303510000434],[124.64884555800006,8.5101253580000389],[124.64881520300003,8.5101253620000534],[124.64877725700001,8.510115360000043],[124.64876966800011,8.5101153610000324],[124.64872666400004,8.5101053600000682],[124.64866848300005,8.5101053680000405],[124.64866089500003,8.5101153770000337],[124.64865584000006,8.510142897000037],[124.64864825200004,8.5101504030000683],[124.64861536700005,8.5101504080000723],[124.64858754000011,8.5101429060000555],[124.64849900400009,8.5101429190000317],[124.64848888500001,8.5101379160000761],[124.64847623700007,8.5101379180000549],[124.6484661180001,8.5101354180000612],[124.6484585290001,8.5101354190000507],[124.64844082100001,8.5101304180000739],[124.64843070200004,8.5101254160000508],[124.64842058400006,8.5101254170000402],[124.64840793500002,8.5101229170000465],[124.64836240200009,8.5101229240000293],[124.64834722400008,8.5101204240000357],[124.6483042210001,8.510120430000029],[124.64829410200002,8.5101154280000628],[124.64828145400008,8.5101154300000417],[124.64824097900009,8.5101079300000606],[124.64818279800011,8.5101079380000328],[124.64816762100008,8.5101104420000411],[124.64813979500002,8.5101104460000556],[124.64811450000002,8.5101154530000258],[124.64810438200004,8.510120458000074],[124.64807402800011,8.5101279670000736],[124.64802849700004,8.5101429840000264],[124.64802090900002,8.5101479890000746],[124.64799308400006,8.5101580000000467],[124.64795261400002,8.510185525000054],[124.64792731900002,8.5101955350000367],[124.64790202400002,8.5101980410000237],[124.64787672700004,8.5101980440000489],[124.6478716690001,8.5102005470000677],[124.64783625500002,8.5102055550000273],[124.64741933900007,8.5102056120000498],[124.64735103600003,8.5101831060000563],[124.64733332800006,8.5101806070000521],[124.64732573900005,8.5101756040000396],[124.64728020400003,8.5101656030000754],[124.64726755600009,8.5101606020000418],[124.64725237800008,8.5101581020000481],[124.64704242000005,8.5101581310000256],[124.64702724300003,8.5101631360000738],[124.64701712500005,8.5101631380000526],[124.64700700700007,8.5101681420000546],[124.64699435900002,8.5101706460000628],[124.64696400500009,8.5101806570000349],[124.64694882800006,8.5101831610000431],[124.64692859200011,8.5101906690000533],[124.64691088500001,8.5101906710000321],[124.64690076700003,8.5101931750000404],[124.64687547000005,8.5101931780000655],[124.64684511600001,8.510200687000065],[124.64682740900002,8.5102006900000333],[124.64682235000009,8.5102031920000627],[124.64679199500006,8.5102082000000223],[124.64677681700005,8.510208202000058],[124.64675152200005,8.5102132090000282],[124.64672369600009,8.5102132130000427],[124.64668322300008,8.5102207240000212],[124.64667563400008,8.5102207250000674],[124.64666804600006,8.5102232280000294],[124.64664275000007,8.510225733000027],[124.64662251400011,8.5102307390000647],[124.6465997470001,8.5102332440000623],[124.64652133100003,8.5102482650000297],[124.64647580000008,8.5102682860000414],[124.64646821200006,8.5102732900000433],[124.64645303700001,8.5102958080000235],[124.64644292200012,8.5103158240000312],[124.64644039400002,8.5103308350000475],[124.64644039600012,8.5103433440000344],[124.64644292700007,8.5103533500000594],[124.64646428900005,8.5105531360000555],[124.64612532900003,8.5106157260000259],[124.64607726700001,8.5106232380000506],[124.64602414800004,8.5106457610000348],[124.64600897100001,8.510648265000043],[124.64600138300011,8.5106532690000449],[124.64598114800003,8.5106707840000695],[124.64598115800004,8.5107433350000292],[124.64597863000006,8.5107533430000331],[124.64596851400006,8.5107708570000682],[124.64596092600004,8.5107783630000426],[124.64595333800003,8.5107908730000759],[124.64594322200003,8.5108033830000522],[124.64594069300006,8.5108133900000666],[124.64594069500004,8.5108233980000705],[124.64594575500007,8.5108309020000661],[124.64595015300006,8.5108779880000611],[124.64595015600003,8.5109005040000625],[124.64591221300009,8.5109080140000515],[124.64589956500004,8.5109080160000303],[124.64587932900008,8.5109155240000405],[124.64585656300005,8.5109205300000212],[124.64584644500007,8.5109205320000569],[124.64581609000004,8.5109255390000271],[124.64569466900002,8.5109255550000285],[124.64567443300007,8.5109330630000386],[124.64564154900006,8.5109405730000276],[124.64561878400002,8.5109505830000671],[124.64558590100012,8.5109681000000705],[124.64558084200007,8.5109731040000725],[124.64556819500001,8.5109781090000638],[124.64554543100007,8.5109931230000484],[124.64552266500004,8.5110031330000311],[124.64549231100011,8.51101314400006],[124.64547966400005,8.511015647000022],[124.64546954600007,8.5110206520000702],[124.64545183900009,8.511020654000049],[124.6454265430001,8.5110256610000761],[124.64478907800003,8.5110257460000298],[124.64465737000012,8.5110207590000755],[124.64456630400002,8.5110207710000623],[124.64451571400002,8.5110332860000426],[124.64448788900006,8.5110432970000716],[124.64446259300007,8.5110458020000692],[124.64442465000002,8.5110533120000582],[124.6443942950001,8.5110533160000728],[124.64437405800004,8.5110583220000535],[124.64434117400003,8.5110608280000406],[124.64433864400007,8.51106333000007],[124.64432852600009,8.5110633310000594],[124.64431081900011,8.5110683370000402],[124.64429058200005,8.5110683400000653],[124.64425011000003,8.5110783520000268],[124.64423746200009,8.511083357000075],[124.64419952000003,8.5110933690000365],[124.64418940200005,8.5111008760000573],[124.64414640200005,8.5111233970000626],[124.64413122500002,8.5111309040000265],[124.64411857700009,8.5111334080000347],[124.64411351800004,8.5111384120000366],[124.64410340000006,8.5111409150000554],[124.64407051800004,8.5111584320000588],[124.64406040100005,8.5111759450000477],[124.64405787300007,8.5111884550000241],[124.64405788100009,8.5112484970000537],[124.64409585200008,8.5114486330000432],[124.64363054100011,8.5115762840000571]]]},"properties":{"brgy_name":"Bonbon","city_name":"Cagayan de Oro City","prov_name":"Misamis Oriental"}},{"type":"Feature","geometry":{"type":"MultiPolygon","coordinates":[[[[124.77566918600007,8.5123242840000444],[124.77519910800004,8.5132905540000365],[124.77475514600008,8.5139956700000425],[124.77427993000003,8.5141672760000233],[124.7738149920001,8.514335170000038],[124.77250922100006,8.5142568240000287],[124.77232841600005,8.5141672760000233],[124.77184249200002,8.513926609000066],[124.77145962500003,8.5138500360000648],[124.77087575300004,8.5137064610000266],[124.76995687300007,8.5131895910000708],[124.76927728500004,8.5128928690000407],[124.76800425300007,8.5122898540000733],[124.76717151800005,8.5119165590000421],[124.7666546480001,8.5116676950000283],[124.76628135300007,8.5115336920000573],[124.76615604000006,8.5114666640000678],[124.7658697710001,8.5113135430000284],[124.76541033100011,8.5108158170000365],[124.76524851500005,8.5107152600000404],[124.76505617900011,8.5105956680000645],[124.76456802400003,8.5100979420000726],[124.76431916000001,8.5097820770000681],[124.76400329500007,8.5093513510000207],[124.76363000000003,8.509025915000052],[124.76327584900002,8.5087866230000486],[124.76288341000009,8.5086621910000417],[124.76253883000004,8.5086430480000672],[124.7623473970001,8.5090163430000416],[124.76228996700002,8.5093800660000625],[124.76223253700005,8.5097055030000206],[124.76211767700011,8.5100692270000309],[124.7619932450001,8.510270232000039],[124.76182095500008,8.5104616650000366],[124.76162952200002,8.5106530980000343],[124.76110308000011,8.5106052400000749],[124.76068245800002,8.5102084290000448],[124.76062006500001,8.5101403640000512],[124.76048015300012,8.5099891080000702],[124.76028163000001,8.5098283990000709],[124.76015873400002,8.5097395360000405],[124.76006987100004,8.5096865960000514],[124.75996777400007,8.5096317660000409],[124.75988269200002,8.5095882800000595],[124.75977492200002,8.5095599190000257],[124.75972765500001,8.5095391220000351],[124.75971063800012,8.5094786190000491],[124.7596936220001,8.5094540400000369],[124.75964257300006,8.5094029910000586],[124.75957450800001,8.5093368170000758],[124.75948942700006,8.5092630790000499],[124.75934573300003,8.5091534190000289],[124.75927199600005,8.5091042610000613],[124.75915666300011,8.5090456490000292],[124.75908410800002,8.5090465940000399],[124.75902431400004,8.5090437580000753],[124.75898201000007,8.5090125620000663],[124.75888416600003,8.5090040540000587],[124.75878419500009,8.5090040540000587],[124.75873102000003,8.5090848810000352],[124.75867997100011,8.5091742160000763],[124.75864593800009,8.509238028000027],[124.75859488900005,8.5093018390000452],[124.75855660200011,8.5094081910000341],[124.75853477100009,8.5094580130000281],[124.75851831600005,8.5094932720000429],[124.75849279100009,8.5095911160000242],[124.75847152100005,8.5097187380000605],[124.75847152100005,8.5098421060000646],[124.75848428300003,8.5099569660000611],[124.75843748800003,8.5100845890000301],[124.75840345600011,8.5101739240000711],[124.75835666100011,8.5102887840000676],[124.75830135800004,8.5103993900000319],[124.75823754700002,8.5105142500000284],[124.75818224400007,8.5105865690000542],[124.75816344000009,8.5106617830000459],[124.75816097400002,8.5106716510000524],[124.75810567100007,8.5107439700000214],[124.75801633500009,8.5107694950000337],[124.75792321000006,8.5107508670000698],[124.75788871300006,8.5107439700000214],[124.75777385300012,8.5107184460000553],[124.75762496000004,8.5107014290000507],[124.75751860800005,8.5107184460000553],[124.75737822400004,8.5106971750000753],[124.75718679000011,8.5107312080000384],[124.75699535700005,8.5107780030000413],[124.7568634810001,8.5108545760000425],[124.75671458800002,8.5109609280000313],[124.75660398200012,8.5110800420000601],[124.75653166300003,8.5112331890000519],[124.75650613800008,8.5113310320000437],[124.75649337600009,8.5115011950000508],[124.75649922600007,8.5116990100000294],[124.75664280100011,8.5120723050000606],[124.75676723200002,8.5124073130000397],[124.75695866600006,8.5127231780000443],[124.75697780900009,8.5128763250000361],[124.75674801200012,8.5131306340000492],[124.75651727700006,8.5132312110000612],[124.75634570400007,8.5133022060000485],[124.7560676380001,8.5133317880000732],[124.75578365600006,8.5133022060000485],[124.75546417600003,8.5132430430000454],[124.75528668700008,8.5131779640000218],[124.75499678800008,8.5130478060000314],[124.75474238800007,8.5128703170000222],[124.75448798700006,8.5126454970000509],[124.75418625600003,8.5124739250000516],[124.75399252400007,8.5123788860000218],[124.75399687200002,8.512377807000064],[124.75404302100003,8.5123777630000745],[124.7540914870001,8.5122624170000449],[124.75401374700004,8.512245675000031],[124.75400403200001,8.512245685000039],[124.75396515600005,8.5122313090000716],[124.75395543400009,8.5122241110000232],[124.7539335670001,8.5122169260000646],[124.75391899200008,8.5122145370000339],[124.75390198300011,8.5122073470000714],[124.75384610500009,8.5121929870000486],[124.75382909400003,8.5121833950000223],[124.75379508300011,8.5121762200000717],[124.75377078800011,8.5121690370000351],[124.75375135500008,8.5121666530000653],[124.75370033500008,8.5121522890000278],[124.75368575500011,8.5121450960000402],[124.75367360200005,8.5121354990000668],[124.75363229300001,8.5121163210000645],[124.75361771700011,8.5121139330000233],[124.75359100900005,8.5121235660000707],[124.75355459500008,8.5121428170000399],[124.75352788400005,8.5121500490000699],[124.75351574700005,8.5121572660000311],[124.75348175000011,8.5121645050000438],[124.75345989100003,8.5121645250000597],[124.75343074000011,8.5121597480000446],[124.75340644200003,8.512150163000058],[124.75338213500004,8.5121309690000544],[124.75334809200001,8.5120901650000746],[124.75333594100005,8.5120829700000513],[124.75332135200006,8.5120661690000361],[124.75328246000004,8.5120349790000205],[124.75327273500011,8.512025379000022],[124.7532460000001,8.5120061880000435],[124.75323142200011,8.5120013970000628],[124.75319496400004,8.5119750080000358],[124.75300107100009,8.5119090040000742],[124.75297618500008,8.5119090150000716],[124.75296622900009,8.5119040960000234],[124.75296373600008,8.5118942530000368],[124.75296372800005,8.5118745640000384],[124.75297368000008,8.5118696370000748],[124.75297865400012,8.5118622520000713],[124.75297865100003,8.5118548680000572],[124.75296619900007,8.5118327230000546],[124.75295873200002,8.5118278040000632],[124.75276433700003,8.5113308090000714],[124.75271953400011,8.5113111380000532],[124.75270211000009,8.5113013000000706],[124.75268468700006,8.5112939240000287],[124.75267224400011,8.5112914680000245],[124.75266228600003,8.5112840880000249],[124.75265233200003,8.5112840920000394],[124.75262744300005,8.5112742580000713],[124.75261997500002,8.5112693390000231],[124.75260753000009,8.5112644210000212],[124.75259757300012,8.5112570420000679],[124.7525751710001,8.5112447450000559],[124.75256770200008,8.5112373650000563],[124.75255027700007,8.5112250660000655],[124.75250796100011,8.5111980110000331],[124.75249800400002,8.5111930930000312],[124.7524905360001,8.5111857120000423],[124.75247559600007,8.5111660290000373],[124.75246812500006,8.5111537260000318],[124.75244571900009,8.5111315850000437],[124.75240835900001,8.5110546450000584],[124.75240088800001,8.5110423420000529],[124.75239092200002,8.5110128120000468],[124.75238594100006,8.5110029700000496],[124.75238593800009,8.5109955860000355],[124.75237846300001,8.510973439000054],[124.75237845100003,8.5109439050000333],[124.75237347000007,8.5109340620000467],[124.75237346100005,8.5109143730000483],[124.75237096900003,8.5109045300000616],[124.75237095900002,8.5108799180000574],[124.75236597600008,8.5108676140000625],[124.75236348400006,8.5108577710000759],[124.75236347900011,8.5108454650000454],[124.75235849900002,8.5108380840000564],[124.75235600400003,8.5108233180000639],[124.75235599500002,8.5108011670000678],[124.75235847900001,8.5107913220000455],[124.75235847500005,8.5107814770000232],[124.75236841600008,8.5107494780000366],[124.75236840700006,8.51072732800003],[124.75236591300006,8.5107150230000457],[124.75236589400004,8.5106682620000242],[124.75236837800003,8.5106584160000693],[124.75236835500004,8.5106018100000256],[124.75238078300004,8.5105673490000413],[124.7523807450001,8.5104738250000764],[124.75237825200009,8.510463982000033],[124.75237327200011,8.5104566000000546],[124.75237077800011,8.5104442950000703],[124.75236081600008,8.5104246100000296],[124.75235583100005,8.5104049230000669],[124.75234836000004,8.5103926200000615],[124.75234835700007,8.5103852370000368],[124.75233839300006,8.5103606300000365],[124.75227727800007,8.5100936020000404],[124.75226980500008,8.5100763770000754],[124.75226232700004,8.5100468460000229],[124.75225485700003,8.5100370040000257],[124.75225236400001,8.5100246990000414],[124.75224738200006,8.5100148570000442],[124.75223741600007,8.5099853270000381],[124.75222744500002,8.5099434920000476],[124.75222246200008,8.5099311880000528],[124.75221996800008,8.5099164220000603],[124.75221249600008,8.5099016580000466],[124.75220502100001,8.5098795110000651],[124.75219755100011,8.5098696690000679],[124.75219257000003,8.5098598270000707],[124.75216766000005,8.5098007690000372],[124.75215271800005,8.5097737030000644],[124.75215022300006,8.5097589370000719],[124.75214275400003,8.5097490950000747],[124.75213777100009,8.5097367920000693],[124.75213527800008,8.5097244870000281],[124.75212780700008,8.5097121840000227],[124.75212282500001,8.5096998800000279],[124.75212282200005,8.50969249700006],[124.75210787700007,8.5096605080000245],[124.75210787300011,8.5096506640000484],[124.75210289200004,8.5096408210000618],[124.75209790700001,8.5096211340000423],[124.75209790200006,8.5096088280000686],[124.75209042900008,8.5095916030000467],[124.75208793600007,8.5095792980000624],[124.75207548300011,8.5095546920000515],[124.75207049700009,8.509535005000032],[124.75206053600004,8.5095177810000564],[124.75205804300003,8.5095054760000721],[124.75204559100007,8.5094833310000695],[124.75204309800006,8.5094734870000366],[124.75203811800009,8.5094661060000476],[124.7520281510001,8.5094341150000332],[124.75202316800005,8.5094218110000384],[124.75201569800004,8.5094095090000224],[124.75201569400008,8.5093996640000569],[124.75201071400011,8.5093922830000679],[124.75199078700007,8.5093479900000375],[124.7519907840001,8.5093406070000697],[124.75198331200011,8.509325843000056],[124.75198330900002,8.5093184590000419],[124.75197832600008,8.5093036940000388],[124.75197085600007,8.509293853000031],[124.7519708530001,8.5092864690000738],[124.75195839900005,8.5092594020000547],[124.75194593300012,8.5092028000000255],[124.75194095300003,8.5091954190000365],[124.75191710400009,8.5091336230000252],[124.75191710000001,8.5091237780000597],[124.75191211400011,8.5091016300000319],[124.75189965900006,8.5090721010000721],[124.75188471900003,8.5090524180000671],[124.75187973800007,8.5090425750000236],[124.75185982000005,8.5090179720000378],[124.75184986200009,8.5090081310000301],[124.75184488100001,8.5090007500000411],[124.75183492400004,8.5089933700000415],[124.75182994400006,8.5089859890000525],[124.75180504900004,8.5089613880000456],[124.75179010900001,8.5089417040000512],[124.75178264200008,8.5089367850000599],[124.7517901010001,8.5089220150000529],[124.75152616800005,8.5085627940000563],[124.75139670100009,8.5084077940000498],[124.75112393200004,8.508414015000028],[124.75112396000009,8.5084829270000455],[124.75097963000007,8.5084928290000335],[124.75097980900011,8.5089309130000288],[124.75089768800001,8.5089334070000291],[124.75089319600011,8.5082030530000452],[124.75108730200009,8.5082054370000719],[124.75102718300002,8.5072444350000751],[124.75089280400005,8.5072469500000238],[124.75089723700012,8.5059197260000587],[124.75163626700009,8.5057654970000272],[124.75163368900007,8.5055464550000579],[124.75202599500005,8.5054531890000362],[124.75203843700001,8.5054531840000323],[124.75204839100002,8.5054507190000663],[124.75205834200005,8.5054433320000271],[124.75206580300005,8.5054334840000365],[124.75207575600007,8.5054310190000706],[124.75209317000008,8.505416245000049],[124.75209316500002,8.5054039390000753],[124.75209813800006,8.5053940930000635],[124.75210809000009,8.5053891660000431],[124.75212550800006,8.5053842370000439],[124.75214293500005,8.5054039190000594],[124.75215537800011,8.5054039140000555],[124.75216533100001,8.5054014490000327],[124.7521727940001,8.5053940620000503],[124.75218523300009,8.5053866740000217],[124.7524937500001,8.5052364180000382],[124.75247133800008,8.5051995100000681],[124.75244894000002,8.5051970580000216],[124.75239170400005,8.5051970810000626],[124.75238174700007,8.5051897020000524],[124.7523717900001,8.5051847840000505],[124.75236432200006,8.5051774030000615],[124.75234938000006,8.5051527980000401],[124.75233195700002,8.5051429600000574],[124.75232697500007,8.5051331180000602],[124.75229709900009,8.5050986740000667],[124.75228962800009,8.5050863710000613],[124.75227717900009,8.5050716090000265],[124.75227219700002,8.5050593050000316],[124.75224729700005,8.505022398000051],[124.75223733900009,8.5050150190000409],[124.75220554500004,8.5050402460000214],[124.75214579200008,8.5049713580000343],[124.75215324600003,8.5049418210000454],[124.75214576700012,8.5049098290000416],[124.75214824800003,8.504892600000062],[124.75212583300004,8.5048483090000673],[124.75212334000003,8.5048360040000262],[124.75212333600007,8.5048261590000607],[124.75213826000004,8.5048089250000203],[124.75213825100002,8.5047867750000705],[124.75213575800001,8.5047769310000376],[124.75213077800004,8.5047695500000486],[124.75212828500003,8.5047597060000726],[124.75211085300009,8.5047277190000727],[124.75208346300008,8.5046883510000271],[124.75207350000005,8.504666205000035],[124.75205108600005,8.5046243750000485],[124.75203117000001,8.5046071550000306],[124.75200877000009,8.5045973190000268],[124.75198885600003,8.504582560000074],[124.75197890000004,8.504577642000072],[124.75196894300007,8.5045702630000619],[124.75195401000008,8.5045678080000471],[124.75194654200004,8.5045604270000581],[124.75193906300001,8.5045284350000543],[124.7519390540001,8.5045062850000477],[124.75194899600001,8.5044767470000693],[124.7519440100001,8.5044545990000415],[124.75193654200007,8.5044496800000502],[124.75192409100009,8.5044275340000581],[124.75192159800008,8.5044176910000715],[124.75191412900006,8.5044103100000257],[124.75191163800002,8.5044029280000473],[124.75165505000007,8.5040631850000636],[124.75166002000003,8.5040443900000469],[124.75166997100007,8.5040370030000645],[124.75166996100006,8.5040123910000602],[124.75165999900003,8.5039951670000278],[124.75164755000003,8.5039779440000416],[124.75163510400012,8.5039705660000209],[124.75161518200002,8.5039361180000697],[124.75159775200007,8.5039115130000482],[124.7515877940001,8.5039016730000299],[124.75158281400002,8.5038942910000515],[124.75156289900008,8.5038770710000335],[124.75156040700006,8.5038696890000551],[124.75155293800003,8.5038598470000579],[124.75152804200002,8.503835246000051],[124.75151559700009,8.5038278670000409],[124.75150065900004,8.5038106450000441],[124.75147825500005,8.5037934260000725],[124.75147078500004,8.5037811240000565],[124.75146082800006,8.5037737440000569],[124.75145335700006,8.5037614420000409],[124.7514110410001,8.503734386000076],[124.75137371400001,8.5037344010000311],[124.75136376100011,8.5037368660000539],[124.75135629800002,8.5037442530000362],[124.75134385700005,8.5037467190000484],[124.75133141400011,8.5037467240000524],[124.75132145800001,8.503741805000061],[124.75131647600006,8.5037295020000556],[124.75131149000003,8.5037073530000384],[124.75131397400003,8.503697508000073],[124.75132392600005,8.503692582000042],[124.75132640700008,8.5036728910000647],[124.75129652500004,8.5036236810000219],[124.75127909700007,8.5036039980000737],[124.75127162900003,8.5035990790000255],[124.75126415900002,8.503586776000077],[124.75122681200003,8.5035400300000674],[124.7512193450001,8.5035351100000298],[124.75119196000003,8.503508049000061],[124.75118698000006,8.5035006670000257],[124.75117702300008,8.5034932880000724],[124.75113221300012,8.5034514660000582],[124.75111727900003,8.5034440890000269],[124.75110732100006,8.503434248000076],[124.75109736500008,8.5034293300000741],[124.75109563900003,8.5034276240000395],[124.7516887920001,8.5027728450000382],[124.75240640700008,8.5025948040000685],[124.75355173600008,8.5015982370000529],[124.75522628200008,8.5007854140000632],[124.75547034600004,8.5007588320000309],[124.75636997800007,8.5013075880000315],[124.75769634400001,8.4996737860000735],[124.76602573300011,8.4957052930000714],[124.77188834600008,8.4893835450000665],[124.78466056600007,8.4806974720000312],[124.79900599500002,8.4963982870000336],[124.79841799900009,8.4972582270000316],[124.79794362100006,8.4975853030000508],[124.7977411490001,8.4980971060000456],[124.79766241000004,8.4984851770000205],[124.79811797100001,8.4986257820000333],[124.79821200600009,8.4990790960000595],[124.79688626900008,8.4999530960000698],[124.79625635700006,8.5000430830000369],[124.79575017800005,8.5000487080000653],[124.79550833700011,8.5002230580000742],[124.79551958600007,8.5005492620000496],[124.79597514700004,8.5009485810000456],[124.79635196900006,8.5014153910000232],[124.79661068300004,8.5019778120000638],[124.79696500800003,8.5022252770000364],[124.79679628200006,8.5025571060000402],[124.79657131300007,8.5024389970000698],[124.79613824900002,8.502635845000043],[124.7955758280001,8.5030857820000278],[124.79524403000005,8.5040447470000231],[124.79500803500002,8.5052666600000748],[124.79508403700004,8.505863616000056],[124.7949065470001,8.5062465890000567],[124.79487842600008,8.5067977610000298],[124.79553645800002,8.5069158700000571],[124.79630135100001,8.5072589470000253],[124.79616637000004,8.5076132720000714],[124.79565456700004,8.5078044950000731],[124.79514838800003,8.5078157440000268],[124.79458104500009,8.5076894860000607],[124.79414727800008,8.5079001070000686],[124.79387104800003,8.5083204430000592],[124.79373108600009,8.5087043690000428],[124.79317429000002,8.5088955920000444],[124.79237002700006,8.5090699430000427],[124.79194821100009,8.5097448480000253],[124.79181906000008,8.5104202980000423],[124.79115506400001,8.5110042580000709],[124.79061527300007,8.5113646210000411],[124.78976601700003,8.5117189460000304],[124.78924007000012,8.5117682100000707],[124.78857930900006,8.5120395260000237],[124.78849207400003,8.5125611550000713],[124.78877053200006,8.5129843940000569],[124.7886845270001,8.513327400000037],[124.78839933400002,8.5134849490000306],[124.78778673600004,8.5134733620000702],[124.78738822200012,8.5134665590000509],[124.78681312800006,8.5131547610000666],[124.78607867100004,8.5122262960000512],[124.78436561700005,8.512115361000042],[124.78337323200003,8.5125332070000468],[124.78227638400006,8.5133166690000621],[124.78135319900002,8.5132725520000463],[124.78084003700008,8.5130032850000248],[124.78047442100001,8.5124287460000687],[124.78015234600002,8.5121688560000734],[124.77963872800001,8.5122720530000606],[124.77880303500001,8.5126376690000711],[124.77829003000011,8.5128776960000323],[124.77799345700009,8.5126637840000399],[124.77747114900001,8.5125854380000305],[124.77692272500008,8.5127160150000236],[124.77637430200002,8.5120631300000582],[124.77566918600007,8.5123242840000444]]],[[[124.75312985500011,8.5124650970000744],[124.75314930900004,8.5124891000000389],[124.75315174700006,8.5124987060000308],[124.75315661400009,8.5125083100000438],[124.75315783500002,8.5125178950000304],[124.75305288000004,8.512554183000077],[124.75305608500003,8.5125478370000565],[124.75305607000007,8.5125133810000762],[124.75305855500005,8.5125035360000538],[124.75306601500006,8.512491227000055],[124.75307347400008,8.5124739960000397],[124.75309097500008,8.5124459170000364],[124.75310797700001,8.5124459010000351],[124.75312985500011,8.5124650970000744]]]]},"properties":{"brgy_name":"Bugo","city_name":"Cagayan de Oro City","prov_name":"Misamis Oriental"}},{"type":"Feature","geometry":{"type":"Polygon","coordinates":[[[124.61417412700007,8.5212332160000415],[124.6141380470001,8.5212665220000758],[124.61412602000007,8.5212736590000304],[124.6141188040001,8.5212807960000418],[124.61408993900011,8.5213022070000761],[124.61407791200008,8.5213093440000307],[124.61407550700005,8.5213141020000762],[124.61391675400012,8.5214845520000608],[124.61389270000006,8.5214845530000503],[124.61388307800007,8.5214797950000616],[124.61387586100011,8.5214726590000396],[124.61386383400009,8.521458386000063],[124.61385180600007,8.5214393560000303],[124.61384458900011,8.5214322190000757],[124.61383496700012,8.5214131880000537],[124.61380610100002,8.5213703700000565],[124.61379407300001,8.5213560970000231],[124.61378445100001,8.5213513390000344],[124.61377723500004,8.5213442030000692],[124.61377482900002,8.5213442030000692],[124.61373153000011,8.5213013850000721],[124.61372912400009,8.5212966270000265],[124.61371709700006,8.5212847330000727],[124.61369785300008,8.5212609450000514],[124.61369544700005,8.521251429000074],[124.61368823000009,8.5212371560000406],[124.61368823000009,8.5212323990000414],[124.61368101300002,8.5212205040000413],[124.6136786080001,8.5212109890000534],[124.61367379600006,8.5212014740000654],[124.61367379600006,8.5211919580000313],[124.6136665790001,8.5211634120000213],[124.61366657800011,8.5211467600000219],[124.61366176700005,8.5211301080000226],[124.61366176500007,8.5210801510000351],[124.61365936000004,8.52107301500007],[124.61365695300003,8.5210325740000599],[124.61365214200009,8.5210159220000605],[124.61364973500008,8.5209849970000278],[124.61364011300009,8.5209612080000738],[124.61362808500007,8.5209374200000525],[124.61361846200009,8.5209112520000758],[124.61358684800007,8.5208862300000305],[124.61357482100004,8.5208814730000313],[124.6135700100001,8.5208767150000426],[124.61353152100003,8.5208148650000339],[124.61352430500006,8.5208077290000688],[124.61351227700004,8.5207910770000694],[124.6135074660001,8.5207791830000588],[124.61349543800009,8.5207625310000594],[124.61349062700003,8.5207530160000715],[124.61348581600009,8.5207506370000488],[124.61347378800008,8.5207197120000728],[124.61346897600004,8.5206935450000287],[124.61346897500005,8.52064834600003],[124.61347378500011,8.5206293150000647],[124.61347859600005,8.5206197990000305],[124.61347859500006,8.5206079050000767],[124.61348581100003,8.5205769790000545],[124.61349302700012,8.5205674640000666],[124.61350505300004,8.5205436750000558],[124.61352189100012,8.5205341590000216],[124.61353632300006,8.5205222640000216],[124.61354594500006,8.5205198850000556],[124.61355556600006,8.5205198840000662],[124.61356518800005,8.5205246420000549],[124.61356999900011,8.5205341570000428],[124.61357240500001,8.5205484300000762],[124.61357240600012,8.5205627030000528],[124.61357721700006,8.5205841130000408],[124.61357721800005,8.5206007650000402],[124.61358443500001,8.5206340690000388],[124.61359165200008,8.5206507210000382],[124.61363495100011,8.5207149490000234],[124.61364216800007,8.5207363590000682],[124.61364938500003,8.5207458740000561],[124.61365419600008,8.5207577690000562],[124.61365900700002,8.5207577680000668],[124.61366381800008,8.5207672840000441],[124.61367103500004,8.5207744200000661],[124.61367344000007,8.5207839360000435],[124.61368306200006,8.5207958300000541],[124.61368787400011,8.5208077240000648],[124.61369509100007,8.5208386490000407],[124.61369509300005,8.5208886050000388],[124.6136999040001,8.5208957420000502],[124.61370471500004,8.5209147730000723],[124.61371674300005,8.5209385610000368],[124.61372396000002,8.5209623500000475],[124.61372877100007,8.5209718650000355],[124.61373839500004,8.5210242000000562],[124.61375042300006,8.5210646410000663],[124.6137552350001,8.5210884290000308],[124.61376004600004,8.5211003240000309],[124.61376485800008,8.5211241120000523],[124.61376966900002,8.5211360060000629],[124.61378169700004,8.5211574160000509],[124.61380815700011,8.5211883410000269],[124.6138490510001,8.5212121280000588],[124.61385867200011,8.5212145070000247],[124.61387551100006,8.5212240220000695],[124.61388994400011,8.5212287790000687],[124.61390437600005,8.5212311580000346],[124.61394045800012,8.5212311560000558],[124.61398616100007,8.5212192610000557],[124.6139981880001,8.5212192600000662],[124.61401262000004,8.5212121230000548],[124.61402224200003,8.5212049860000434],[124.61404148500003,8.521197849000032],[124.61407034900003,8.5211811960000432],[124.61408718700011,8.5211693010000431],[124.61411364600008,8.521143132000077],[124.61412807800002,8.5211193430000662],[124.61414251000008,8.5211026910000669],[124.61414251000008,8.5211003120000441],[124.61416656300003,8.5210622490000674],[124.61418099500008,8.5210432170000558],[124.61419542700003,8.5210265650000565],[124.61421226400012,8.5210122910000337],[124.61421948000009,8.5210027750000563],[124.61422910200008,8.520986123000057],[124.61423631700006,8.5209670910000455],[124.61423631600007,8.5209290290000581],[124.61422909900011,8.5209028620000709],[124.61422428800006,8.5209004830000481],[124.61421466500008,8.5208838310000488],[124.61419061000004,8.5208671800000388],[124.61416415100007,8.5208671810000283],[124.61415452900007,8.5208719390000738],[124.61411844800011,8.5208981080000399],[124.61410161100002,8.5209076240000741],[124.61408236800003,8.5209242770000628],[124.61405350300004,8.5209433080000281],[124.61403185500001,8.5209552040000744],[124.61402463900004,8.5209623400000396],[124.61401261200001,8.5209670980000283],[124.6140005850001,8.5209670990000745],[124.61398855700008,8.5209599630000525],[124.61398134100011,8.5209528260000411],[124.61397893500009,8.520945690000076],[124.61397893500009,8.5209361740000418],[124.61397652900007,8.5209266590000539],[124.61397652800008,8.5209052490000659],[124.61398133900002,8.5208981120000544],[124.61399336400007,8.520841019000045],[124.61399336000011,8.5207268330000261],[124.61398854900006,8.5207173170000488],[124.61398373800012,8.5206982860000267],[124.61397892700006,8.5206935290000274],[124.6139717100001,8.5206768770000281],[124.61396930400008,8.5206649830000742],[124.61396208700012,8.5206554670000401],[124.61395727600006,8.5206459520000521],[124.61394765400007,8.5206364370000642],[124.61394765400007,8.5206340580000415],[124.6139404380001,8.5206269210000301],[124.61391878800009,8.5205983760000663],[124.61391157100002,8.5205864820000556],[124.61389954300012,8.5205555570000229],[124.61389713700009,8.5205412830000569],[124.61388992100001,8.5205341470000349],[124.61388510900008,8.5205198740000583],[124.61387789300011,8.5205056010000249],[124.61387548700009,8.5204960850000475],[124.61386586500009,8.5204770550000717],[124.61385383700008,8.5204580240000496],[124.61383218600008,8.5204080680000516],[124.61382256400009,8.5203819010000643],[124.61381775300003,8.5203771430000756],[124.6138033200001,8.5203509760000316],[124.61378888600007,8.520308157000045],[124.61378648000004,8.5202986410000676],[124.61378648000004,8.5202915050000456],[124.61376964100009,8.5202534430000583],[124.61375761200009,8.5202082450000489],[124.61375761200009,8.5201987290000716],[124.61375039500001,8.5201725620000275],[124.61373355500007,8.5201368790000629],[124.61367871100003,8.5200917280000681],[124.61367149400007,8.520079833000068],[124.61365225000009,8.5200584240000694],[124.61363781700004,8.5200393940000367],[124.61363060000008,8.5200274990000366],[124.6135921130001,8.5200060910000275],[124.6135824910001,8.5199989540000729],[124.61351994900008,8.5199704100000417],[124.61350792100006,8.5199608950000538],[124.61350311000001,8.5199513790000765],[124.61348867700008,8.5199347280000666],[124.61348627200005,8.5199252120000324],[124.61347183800001,8.5199038030000338],[124.61346221500003,8.5198406950000276],[124.61345740400009,8.5198311790000503],[124.61345499800007,8.5198216640000624],[124.61345018700001,8.5198121490000744],[124.61345018700001,8.5198073910000289],[124.61344297000005,8.5197907390000296],[124.61344296900006,8.5197788450000758],[124.61343815800001,8.5197669500000757],[124.61343334600008,8.5197384040000657],[124.61343334500009,8.5196836900000221],[124.61343815500004,8.5196646590000569],[124.61343815500004,8.5196551430000227],[124.61344537000002,8.519621839000024],[124.61344536900003,8.5195861560000594],[124.61344296300001,8.5195671250000373],[124.61310197100011,8.5195614190000697],[124.61301971800003,8.5187958370000274],[124.61277252400009,8.5169418780000683],[124.61241718200006,8.5159222010000235],[124.61199783000006,8.5150715160000345],[124.61166933600009,8.514460204000045],[124.61150828000007,8.5141672760000233],[124.61125845700008,8.51371290000003],[124.61067137000009,8.5124769270000229],[124.61017698100011,8.5112100550000491],[124.60989888800009,8.5103448740000545],[124.60952809600008,8.5096959890000221],[124.60908005600004,8.5090471030000572],[124.60840027100005,8.5084136670000703],[124.60734969400005,8.5077029830000583],[124.60651541300001,8.5072240440000542],[124.60599012400007,8.5068687010000303],[124.6053875880001,8.5065442590000657],[124.60493319700004,8.5061984420000272],[124.60461254400002,8.5054295630000638],[124.60452022700008,8.5050020630000631],[124.6044920380001,8.5046919800000751],[124.60451083100008,8.5042221580000614],[124.60453902000006,8.5038650930000586],[124.60455360900005,8.5036008840000363],[124.60458853000011,8.5032145880000485],[124.60466194500009,8.502695789000029],[124.60462052900004,8.5022126060000573],[124.60426849600003,8.501846768000064],[124.60381292300008,8.5017501310000512],[124.60327451900002,8.5015913710000746],[124.60269470000003,8.5014533190000634],[124.60212868500003,8.5012462400000572],[124.6017214310001,8.5009701360000349],[124.6015606520001,8.5005559630000675],[124.60151634100009,8.5001571690000333],[124.6015074500001,8.4997897890000331],[124.60189399700005,8.4994239500000504],[124.60231505600007,8.4992513850000364],[124.60273611500008,8.4992789950000542],[124.60324690900006,8.4994308530000353],[124.60364035800001,8.4996241260000716],[124.6040821250001,8.4998104970000554],[124.60466194500009,8.5001763350000488],[124.60491734100003,8.5006388100000549],[124.60505445800004,8.501008764000062],[124.60553435500003,8.5014760320000278],[124.60626335100005,8.5014119030000757],[124.60656706600003,8.5011565060000294],[124.60652565000009,8.5006871290000277],[124.60633237700006,8.5003696080000282],[124.60603556500007,8.4998864250000565],[124.60586990200011,8.4994515610000576],[124.60583538900005,8.4990650140000525],[124.60604937000005,8.4986508580000759],[124.60642901400001,8.4984851950000575],[124.6068776840001,8.4984023630000252],[124.6072550450001,8.4982909470000436],[124.60738987900004,8.4982665280000447],[124.60765423900011,8.4981391260000692],[124.60822430400003,8.4977505150000638],[124.60862842800009,8.4972832470000412],[124.60871476500006,8.4970842040000321],[124.60875181800009,8.4966289830000505],[124.60867894300009,8.4963865970000256],[124.60859302000006,8.496115537000037],[124.60832306400005,8.4958191140000281],[124.60799488100008,8.495633850000047],[124.60758730000009,8.4955438650000588],[124.60717442600003,8.4954697590000592],[124.60674037800004,8.4953586000000314],[124.60624810500008,8.495152163000057],[124.60563408600001,8.4948769140000309],[124.6052438910001,8.4945806690000722],[124.6051418830001,8.4945060240000316],[124.60496713500004,8.4942258420000485],[124.60503594800002,8.4939082470000358],[124.6052847310001,8.4938023810000232],[124.60584052400009,8.4937970880000648],[124.60642807600004,8.4937071030000766],[124.60675625800002,8.4935059590000606],[124.60710561300004,8.4932730550000315],[124.60755024700006,8.4929978060000622],[124.60821719800003,8.4928390080000327],[124.60874652400003,8.4926855030000752],[124.60917527900006,8.4924155470000642],[124.60934466300012,8.491896807000046],[124.60923879800009,8.4914362930000493],[124.60896354800002,8.4912033900000665],[124.60871476500006,8.4910816450000652],[124.60841834200005,8.4911345770000253],[124.60798429500005,8.4913198420000526],[124.60747084800005,8.4916215580000767],[124.60688329600009,8.4917062500000497],[124.60652335400005,8.4918650480000224],[124.60623151000004,8.4920772090000582],[124.60567113900004,8.4924049600000444],[124.60512064000011,8.4923255610000297],[124.60484539000004,8.4920344320000254],[124.60465483300004,8.4916744900000367],[124.6045119150001,8.4912245630000598],[124.60430547800001,8.4906528910000247],[124.60409374700009,8.4902717760000428],[124.60394024300001,8.4898694880000676],[124.60383967100006,8.4894354400000225],[124.60385555000005,8.4889961000000653],[124.60410433400011,8.4886467440000501],[124.60443251600009,8.4881968170000732],[124.60486190100005,8.4876209110000218],[124.60508338900001,8.4871194130000731],[124.60537041900011,8.4864148850000447],[124.60536413000011,8.4861377380000249],[124.60520533200008,8.485820143000069],[124.60492478900005,8.4856719310000699],[124.60466542000006,8.4856613450000395],[124.60434782400011,8.4860742190000451],[124.6039296560001,8.4861853780000729],[124.60342150300005,8.4861959640000464],[124.60310920100005,8.4862330170000746],[124.60272279200001,8.4861059790000581],[124.60233109100011,8.4859365940000657],[124.6021564130001,8.4856507580000766],[124.6021564130001,8.4852961100000357],[124.6022781580001,8.4850526200000331],[124.60248988900003,8.4846291590000646],[124.60259046100009,8.4841792310000415],[124.60278631200003,8.4838563420000241],[124.60327329200004,8.4837081310000713],[124.60375497900009,8.4832740840000724],[124.60414138700003,8.482633599000053],[124.6042807450001,8.4821795130000623],[124.60444436100011,8.4821207880000316],[124.60463400000003,8.481852138000022],[124.60470799900008,8.4814719700000296],[124.60476717800009,8.4810766470000658],[124.60495628700005,8.480665077000026],[124.60521431400002,8.4802421480000589],[124.60533173300007,8.4803054040000347],[124.60574568800007,8.4805514410000455],[124.60612795600002,8.4809621620000257],[124.60637655400001,8.4813154620000546],[124.60673130800001,8.4816820060000282],[124.60719512900005,8.4815588030000413],[124.60800681700005,8.4812761620000288],[124.60939103300007,8.4809138020000319],[124.6097141350001,8.4807293070000469],[124.60987449700008,8.4806359460000635],[124.60999751500003,8.4805250110000543],[124.61032153400004,8.4803624520000653],[124.6105215980001,8.4803485200000637],[124.61097817200005,8.4803630140000337],[124.61131879000004,8.4804354860000331],[124.61139851000007,8.4805297000000337],[124.61227388900011,8.4811928620000572],[124.61256682100009,8.4838809450000667],[124.61325383300004,8.4866429300000732],[124.61416565400009,8.4904708480000295],[124.61461441200004,8.4904181430000563],[124.61468617800006,8.4907775930000753],[124.61512060200005,8.4916394730000206],[124.61593383800005,8.4917707460000429],[124.61596613300003,8.4919402980000314],[124.61597544900008,8.491955631000053],[124.61608724200005,8.4921421450000594],[124.61721758800002,8.4932563430000414],[124.61743558300009,8.4927073180000434],[124.61744365700008,8.4923116970000478],[124.61742750900009,8.4916092680000475],[124.61797653400004,8.4911813510000229],[124.61838022900008,8.4915285290000497],[124.6186628160001,8.4913670510000543],[124.61903421500006,8.49140742000003],[124.61900191900008,8.4932240480000587],[124.61944598400009,8.4935308560000635],[124.61961553600008,8.4935470040000496],[124.61984160500003,8.4935147080000206],[124.61991987100009,8.4936065840000765],[124.61999452400005,8.493614879000063],[124.6202931360001,8.4942369870000221],[124.62040926300006,8.4941996610000388],[124.62054519700007,8.4945346680000284],[124.62099051600001,8.4945823810000434],[124.62162668600001,8.4954094020000639],[124.62265251000008,8.4967215030000602],[124.62310578100005,8.4973894810000274],[124.62348748300008,8.4978188960000693],[124.62404039900002,8.4982582040000239],[124.62454072900005,8.4988971760000709],[124.62471241100002,8.4990517200000681],[124.62484167300011,8.4991073340000298],[124.62503857100012,8.4991761730000235],[124.62518751300001,8.4992662630000382],[124.62531234400001,8.4994854400000577],[124.62532769900008,8.499505384000031],[124.62538603900009,8.499512472000049],[124.62554605000003,8.499531844000046],[124.62598329800005,8.4997375160000388],[124.62598336800011,8.4997686750000412],[124.6259835940001,8.4998136070000214],[124.62602029200002,8.4998260630000573],[124.62643863800008,8.5000401860000352],[124.62728265600003,8.5006809260000296],[124.62777987000004,8.5010784930000227],[124.62792360300011,8.5010910770000692],[124.62737146800009,8.5021959070000435],[124.62670465400004,8.5032294700000648],[124.62604895300001,8.503896285000053],[124.62541111700011,8.5042788630000246],[124.62450776100002,8.504542921000052],[124.62451871900009,8.5054189100000599],[124.6244862530001,8.506607142000064],[124.62437399500004,8.5077522060000206],[124.62433691300009,8.5101328800000715],[124.62434340600009,8.5109250350000707],[124.6242135440001,8.5125872620000678],[124.62415660600004,8.5141672760000233],[124.6241356270001,8.5147494550000715],[124.62407069700009,8.5163727230000745],[124.62411566600008,8.5180472290000466],[124.6240411870001,8.5180627170000207],[124.62404020800011,8.5180919070000414],[124.6240195900001,8.5180966130000684],[124.62400515700006,8.5180966140000578],[124.62397629300006,8.5181037520000586],[124.62394742800006,8.5181085120000262],[124.62393299600001,8.5181132700000717],[124.62392818500007,8.5181132710000611],[124.62391856400006,8.5181180290000498],[124.62389451000001,8.5181227880000279],[124.62388488900001,8.5181275460000734],[124.62384880800005,8.5181370640000296],[124.62385362100008,8.5181751260000738],[124.62386324400006,8.5181965350000723],[124.62386565000008,8.5182060500000603],[124.62387286700005,8.5182179440000709],[124.62387527300007,8.5182274600000483],[124.62387527500005,8.5182560060000583],[124.62379942600012,8.518273013000055],[124.62377537100008,8.5182753930000672],[124.62375612800008,8.5182801520000453],[124.62374650600009,8.5182801530000347],[124.62373447900006,8.5182825320000575],[124.62339531400005,8.5182825510000271],[124.62339050300011,8.5182849300000498],[124.62337847600008,8.5182849310000393],[124.62334480100003,8.5182920690000401],[124.6233303680001,8.5182920700000295],[124.62327263900011,8.518301589000032],[124.62326061200008,8.5183015900000214],[124.62324136900008,8.5183063480000669],[124.6232028820001,8.5183063510000352],[124.62317401700011,8.5183111100000701],[124.62306817900003,8.5183111160000635],[124.62305855700004,8.5183087370000408],[124.62298639500011,8.5183087410000553],[124.62295512500009,8.5183158800000456],[124.62293107100004,8.5183253960000229],[124.62292385500007,8.5183301550000579],[124.62290942300001,8.5183349130000465],[124.62289980200001,8.518342050000058],[124.62289018000001,8.5183444300000701],[124.62288055900001,8.5183491880000588],[124.62284207300002,8.5183587060000718],[124.62282523600004,8.5183658430000264],[124.62281561400005,8.5183682230000386],[124.62279877700007,8.5183777390000728],[124.62282082500008,8.5185111750000715],[124.62281842000004,8.5185206900000594],[124.62280879900004,8.5185278270000708],[124.62279436600011,8.5185302070000262],[124.62277271800008,8.518537345000027],[124.62276309700007,8.5185421030000725],[124.62275107000005,8.5185444830000279],[124.62274385400008,8.5185516200000393],[124.62272942200002,8.518553999000062],[124.62268612500009,8.518565896000041],[124.62267409800006,8.5185658970000304],[124.62266688200009,8.5185682760000532],[124.62265004400001,8.5185682770000426],[124.62262358500004,8.5185754150000434],[124.62260434100006,8.5185777950000556],[124.62258509900005,8.5185849330000565],[124.62254661200006,8.5185849350000353],[124.6225393950001,8.5185754200000474],[124.62252977300011,8.5185563890000253],[124.62252255600004,8.5185468740000374],[124.62251533900007,8.5185421170000382],[124.62250331200005,8.5185421170000382],[124.62249369000006,8.5185397390000617],[124.62241190600002,8.5185397430000762],[124.62240228500002,8.5185421230000316],[124.62238544700006,8.518542124000021],[124.62236620400006,8.5185468820000665],[124.62235177200012,8.5185468830000559],[124.62233252900012,8.518551642000034],[124.62230847400008,8.5185540220000462],[124.62229885300007,8.5185564010000689],[124.62228442100002,8.5185564020000584],[124.62227479900002,8.5185587820000706],[124.62220618400011,8.5185635440000738],[124.62213402100008,8.518563547000042],[124.62212439900009,8.5185611690000655],[124.62208831800001,8.5185611710000444],[124.62207148000005,8.5185587930000679],[124.62195601900009,8.5185587990000613],[124.62194399200007,8.5185611780000272],[124.6219271540001,8.5185611790000735],[124.62191031700002,8.5185659380000516],[124.62190310000005,8.5185659380000516],[124.62187664100009,8.5185706970000297],[124.6218477760001,8.5185706990000654],[124.62182372200004,8.5185754580000435],[124.62179726300008,8.5185778380000556],[124.62170585700005,8.5185778430000596],[124.62169623500006,8.5185826010000483],[124.62166977600009,8.5185849810000605],[124.6216312900001,8.5185921200000507],[124.62160723500006,8.5185921210000402],[124.62157115500008,8.518599259000041],[124.62142683000002,8.5185992670000701],[124.62138593800012,8.5186064050000709],[124.62137631700011,8.5186064060000604],[124.62134264100007,8.5186135440000612],[124.62131377600008,8.5186159250000628],[124.62130175000004,8.5186206830000515],[124.62126807400011,8.5186230630000637],[124.62122958800012,8.5186302020000539],[124.62108285700003,8.5186302090000368],[124.62103715500007,8.518637348000027],[124.62101791200007,8.518642107000062],[124.6209914530001,8.5186516240000287],[124.62097942600008,8.5186540030000515],[124.62096980400008,8.5186587620000296],[124.62095777700006,8.5186611410000523],[124.62092410200012,8.5186730370000419],[124.62089523800012,8.5186801750000427],[124.62087840000004,8.5186873130000436],[124.62080828100011,8.5186960640000393],[124.62079625400008,8.5186960640000393],[124.62078903800011,8.5186984430000621],[124.62074333700002,8.5187269920000404],[124.62072890400009,8.5187317510000753],[124.62070485100003,8.5187436460000754],[124.62069522900003,8.5187460250000413],[124.62067839200006,8.5187555420000649],[124.62066877100006,8.518767437000065],[124.62065915000005,8.5187864680000303],[124.62066155600007,8.5187959840000644],[124.62069523500008,8.5188506960000723],[124.62070245100006,8.5188578320000374],[124.62070966800002,8.5188697260000481],[124.62072410100006,8.5188839990000247],[124.62073131800003,8.5188958930000354],[124.62074575100007,8.5189125440000453],[124.62075056300012,8.5189220600000226],[124.62074334700003,8.5189268180000681],[124.62073372500004,8.5189268180000681],[124.62072410300004,8.5189196820000461],[124.62071688600008,8.5189101670000582],[124.62070245300004,8.5188958940000248],[124.62068320900005,8.5188863800000263],[124.62066877700011,8.5188840020000498],[124.62063269500004,8.5188816240000733],[124.62061104700001,8.5188863830000514],[124.6205990200001,8.5188863840000408],[124.62056534500005,8.5188959010000644],[124.62052926300009,8.518898282000066],[124.62051723700006,8.5189030400000547],[124.62049558800004,8.5189077990000328],[124.62048596700004,8.5189125570000215],[124.62048115700009,8.5189339670000663],[124.6204931850001,8.5189553760000649],[124.62049559100001,8.5189648920000423],[124.62048837500004,8.5189720290000537],[124.62047875300004,8.5189672720000544],[124.62047394100011,8.5189482410000323],[124.62045950800007,8.5189268320000338],[124.62043545300003,8.5189054230000352],[124.6204017770001,8.5189054240000246],[124.62037772300005,8.5189149410000482],[124.62036810200004,8.5189220780000596],[124.62034164300007,8.5189363530000719],[124.62032721100002,8.5189387320000378],[124.62031037300005,8.5189458700000387],[124.62028872400003,8.5189482500000508],[124.62027669800011,8.5189530080000395],[124.62027188700006,8.5189530080000395],[124.62025504900009,8.5189601460000404],[124.62024061700004,8.5189625250000631],[124.62022137300005,8.5189625260000525],[124.62020453600007,8.5189672850000306],[124.62014921200011,8.5189744240000209],[124.62013237400004,8.5189791830000559],[124.62011553600007,8.5189791840000453],[124.62009629300007,8.5189863210000567],[124.62008426600005,8.5189934580000681],[124.62005059100011,8.5190005970000584],[124.62002413100004,8.5190101130000357],[124.61999526700004,8.519017252000026],[124.61998324000001,8.5190220100000715],[124.61997842900007,8.5190291470000261],[124.61998324100011,8.5190410410000368],[124.61999526900001,8.5190600710000695],[124.62000489100001,8.5190719650000233],[124.62001932500004,8.5191005110000333],[124.62002173100007,8.5191147840000667],[124.61997867500008,8.5191421670000409],[124.61997386400003,8.5191516820000288],[124.61997386600001,8.5191730920000737],[124.6199714600001,8.5191802290000282],[124.61995943400007,8.5191921240000283],[124.61993778500005,8.5191921250000746],[124.61992335200011,8.5191873680000754],[124.61991373000001,8.5191778530000306],[124.61988726900006,8.5191397920000327],[124.61987283500002,8.519106488000034],[124.61984877900011,8.5190708060000588],[124.61983915700011,8.5190636700000368],[124.61982231900004,8.5190636710000263],[124.61981029200001,8.519066050000049],[124.61976459000005,8.5190874620000727],[124.61970205000011,8.5191017390000638],[124.61970205000011,8.5191064960000631],[124.61973091900006,8.5191778610000597],[124.6197140810001,8.5191849990000605],[124.61966837400007,8.5190874670000767],[124.61953126800006,8.5191588400000455],[124.61951683700011,8.5191754920000449],[124.61950962100002,8.5191802500000335],[124.61949037800002,8.5191873880000344],[124.61946631900003,8.519092234000027],[124.61945188700008,8.5190969920000725],[124.61944948200005,8.5191112660000385],[124.6194446720001,8.5191207820000727],[124.61940859000003,8.5191207830000621],[124.61940378000008,8.5191255410000508],[124.61940378000008,8.5191398140000274],[124.61942543100008,8.5191683600000374],[124.61943264700005,8.5191802540000481],[124.61943505300007,8.5191921480000588],[124.61944227000004,8.5192088000000581],[124.61927148900008,8.5192920690000733],[124.61922684000001,8.5192064310000433],[124.61921721800002,8.5191969160000554],[124.61920519100011,8.5191992950000213],[124.6191955700001,8.5192064320000327],[124.61919076000004,8.5192159480000669],[124.6191859490001,8.5192183270000328],[124.61917392200007,8.5192302220000329],[124.61916430100007,8.5192349800000216],[124.61914265200005,8.5192397390000565],[124.61904884100011,8.519239743000071],[124.61903440900005,8.5192421230000264],[124.61901276000003,8.5192421240000726],[124.61900313800004,8.5192445030000385],[124.61898389500004,8.519244504000028],[124.6189694630001,8.5192468830000507],[124.61882754300007,8.5192468900000335],[124.61878905700007,8.5192516490000685],[124.61876500300002,8.5192587870000693],[124.61875538100003,8.519263545000058],[124.61873132700009,8.5192659250000702],[124.61870486800001,8.5192706840000483],[124.61870005700007,8.519273063000071],[124.61867840800005,8.5192730640000605],[124.61866397600011,8.5192778220000491],[124.61864954400005,8.5192778230000386],[124.61864713800003,8.5192802020000613],[124.61862549000011,8.5192802030000507],[124.61861346300009,8.5192849610000394],[124.61852535700007,8.5192897230000426],[124.6184387620001,8.5192897270000572],[124.61837862700008,8.5192992450000702],[124.61836419400004,8.5192992450000702],[124.6183401400001,8.5193040040000483],[124.61832330300001,8.5193111420000491],[124.6183112760001,8.5193135210000719],[124.61828241100011,8.5193230380000387],[124.61825354600012,8.5193349330000387],[124.61823911400006,8.5193373130000509],[124.61822708700004,8.5193444500000624],[124.61819822300004,8.5193515880000632],[124.61817898000004,8.5193587250000746],[124.61814049300006,8.5193682420000414],[124.61812606100011,8.5193753800000422],[124.61811403400009,8.519377759000065],[124.61810441300008,8.5193825170000537],[124.6180851690001,8.5193848970000658],[124.61806833200001,8.5193920340000204],[124.61805871000001,8.5193920350000667],[124.61804427800007,8.5193967930000554],[124.61802984500002,8.5193991720000213],[124.61799617000008,8.5194110680000676],[124.61796249500003,8.5194182060000685],[124.61794565700006,8.5194253440000693],[124.61793844100009,8.5194253440000693],[124.6179288190001,8.519430102000058],[124.61791679200007,8.5194324810000239],[124.6178903330001,8.5194419980000475],[124.61788071100011,8.5194419980000475],[124.61786868400009,8.5194467570000256],[124.61781576600004,8.5194562750000387],[124.61779652300004,8.5194610330000273],[124.61778690100004,8.5194657910000728],[124.61775803600005,8.5194705500000509],[124.61774119900008,8.5194776880000518],[124.61773398200012,8.5194776880000518],[124.61770030700006,8.5194919630000641],[124.61769068600006,8.5194991000000755],[124.61766903700004,8.5195109950000756],[124.61764017300004,8.519532406000053],[124.6176257410001,8.5195466800000759],[124.61760409300007,8.519572849000042],[124.61758725700008,8.5195990170000755],[124.61758244600003,8.5196037750000642],[124.61757523000006,8.5196180490000302],[124.61755358300002,8.5196442170000637],[124.61754155600011,8.519653733000041],[124.61751990800008,8.519679902000064],[124.61750217000008,8.5196975810000595],[124.61748773800002,8.5197023390000481],[124.61747811700002,8.5197094760000596],[124.61747090100005,8.519716613000071],[124.61745887400002,8.5197332660000598],[124.61745887500001,8.519752297000025],[124.61745647000009,8.519759433000047],[124.61751901800005,8.5199283310000737],[124.61707843000011,8.5200615660000381],[124.61673686200004,8.5201329460000466],[124.61669837500006,8.520132947000036],[124.61665267300009,8.5201424640000596],[124.61663102400007,8.5201496020000604],[124.61659253800008,8.5201567400000613],[124.61658051100005,8.5201567410000507],[124.61656126800005,8.5201638780000621],[124.61655164600006,8.5201638780000621],[124.61651075400005,8.520171016000063],[124.61648188900006,8.5201733960000752],[124.61646264600006,8.520180534000076],[124.61640251100005,8.5201876730000663],[124.61638086200003,8.520192431000055],[124.61630388900005,8.5202019500000574],[124.61627983500011,8.5202067090000355],[124.61627021300001,8.5202138460000469],[124.6162581860001,8.5202186040000356],[124.61623653800007,8.5202209840000478],[124.61621007800011,8.5202328790000479],[124.61619564600005,8.5202495320000367],[124.61619324100002,8.5202590470000246],[124.61617880900008,8.5202757000000702],[124.61616918800007,8.5202852160000475],[124.61615716100005,8.5202923530000589],[124.6161427290001,8.5202971110000476],[124.6160633500001,8.5202971140000727],[124.61605372800011,8.5202994940000281],[124.61604410700011,8.5203066310000395],[124.61604410700011,8.5203161460000274],[124.61605132400007,8.5203256620000616],[124.61605854000004,8.5203399350000382],[124.61595867700009,8.5203794870000706],[124.61593462300004,8.5203818660000366],[124.61591778500008,8.5203937610000366],[124.61590575800005,8.5203985190000253],[124.61590575900004,8.5204223080000361],[124.61589854300007,8.5204318240000703],[124.61587689400005,8.5204318250000597],[124.61586246200011,8.5204342040000256],[124.61585043500008,8.5204342050000719],[124.61584081300009,8.5204389630000605],[124.61583359700012,8.5204508570000712],[124.61583600300003,8.5204603730000485],[124.61584562600001,8.5204794040000706],[124.61584562600001,8.5204912980000245],[124.61584322100009,8.5204984350000359],[124.6155357340001,8.5205955130000461],[124.61548762700011,8.5206169240000236],[124.61547800500011,8.5206193040000358],[124.61546597800009,8.5206264410000472],[124.61543230300003,8.5206383360000473],[124.61542508600007,8.5206383360000473],[124.61537216700003,8.5206502330000262],[124.61536254600003,8.5206502330000262],[124.61534330200004,8.5206549910000717],[124.61533127500002,8.5206549920000612],[124.61531684300007,8.5206573710000271],[124.61530241000003,8.520662130000062],[124.61526632900006,8.5206645100000742],[124.61520138300011,8.520674027000041],[124.61517973400009,8.5206811650000418],[124.61514365300002,8.5206883030000427],[124.61512681500005,8.5206883030000427],[124.61511478800003,8.5206930620000207],[124.61506908600006,8.5207025790000444],[124.61504743700004,8.5207120950000217],[124.61502338300011,8.5207168540000566],[124.61491995100005,8.5207477830000471],[124.61489349100009,8.5207525410000358],[124.61489108600006,8.5207549200000585],[124.61486943700004,8.5207620580000594],[124.61484057300004,8.5207787110000481],[124.61482854600001,8.5207834690000368],[124.61481892400002,8.5207906060000482],[124.61472495600003,8.5208192740000754],[124.6147009020001,8.5208287900000528],[124.61467684900003,8.5208430640000756],[124.61466482200001,8.5208478220000643],[124.61465760500005,8.520852580000053],[124.61464798400004,8.5208549590000757],[124.61463836200005,8.5208620960000303],[124.61462633500003,8.5208644760000425],[124.61461430800011,8.5208716130000539],[124.61459747000004,8.5208763710000426],[124.6145349300001,8.520902541000055],[124.61450606500011,8.5209096780000664],[124.61449884900003,8.520914436000055],[124.61446998400004,8.5209239530000218],[124.61446036300003,8.5209310900000332],[124.61442428200007,8.5209501220000448],[124.61442187600005,8.5209501220000448],[124.61441466000008,8.5209572590000562],[124.61440503900008,8.5209620170000449],[124.61439060700002,8.5209739120000449],[124.61438098500003,8.5209786700000336],[124.61437136400002,8.520985807000045],[124.61435933700011,8.5209977010000557],[124.61432566200006,8.5210405220000212],[124.61432325700002,8.5210500380000553],[124.61429439400001,8.5210952380000435],[124.61428958300007,8.5211071320000542],[124.6142727460001,8.5211333000000309],[124.61425590900001,8.5211547110000652],[124.61425109800007,8.5211570900000311],[124.61424628800012,8.5211666050000758],[124.61423907200003,8.5211761210000532],[124.61420539700009,8.5212094270000307],[124.61417412700007,8.5212332160000415]]]},"properties":{"brgy_name":"Bulua","city_name":"Cagayan de Oro City","prov_name":"Misamis Oriental"}},{"type":"Feature","geometry":{"type":"Polygon","coordinates":[[[124.67151676900005,8.475565773000028],[124.67101726700002,8.4755319090000398],[124.67079010500004,8.4754881910000677],[124.67045850200009,8.4754218490000426],[124.66981507500009,8.4752863910000542],[124.66893794400005,8.4750394280000592],[124.66848005100007,8.4749923070000364],[124.6668931050001,8.4754469940000376],[124.66636329500011,8.4755227070000387],[124.66603833800002,8.4755380840000498],[124.66565231700008,8.4755199270000503],[124.66529928700004,8.4755158610000763],[124.66486227900009,8.4755161550000366],[124.66442115500001,8.4755271790000393],[124.66404119300012,8.4755562480000322],[124.66345174900005,8.4756431340000518],[124.66293308700006,8.4757071740000356],[124.66242374500007,8.4758199570000556],[124.66191440400007,8.4759509310000567],[124.66149965500006,8.4761219240000401],[124.66091085100004,8.4763474530000735],[124.66025110900011,8.4762048060000552],[124.65902078000011,8.476329622000037],[124.65855398200006,8.4762565710000217],[124.65805252900009,8.4763255210000352],[124.65751407200003,8.4764009450000231],[124.65688177200002,8.4764154790000248],[124.65630157300006,8.4764276920000725],[124.65634877700006,8.4763358030000404],[124.65643069700002,8.4759525370000688],[124.65649213600011,8.475624860000039],[124.65641606800011,8.4754697980000628],[124.65614690500001,8.4752562230000308],[124.65579874800005,8.4750280190000353],[124.65573911600006,8.4748414880000382],[124.65525506400002,8.4749930480000444],[124.65445139000008,8.475215497000022],[124.65411651000011,8.4752981650000265],[124.65402291600003,8.4753213190000452],[124.6538169910001,8.4753707940000709],[124.65340280000009,8.4754737320000686],[124.65275849700004,8.4755437280000478],[124.65211945200008,8.4756145870000523],[124.65213363800001,8.4749277890000485],[124.65210888900003,8.4745524180000302],[124.65209857600007,8.474273983000046],[124.65206145200011,8.473859424000068],[124.6524996710001,8.4736716420000562],[124.65238130300008,8.4733089010000526],[124.65216175000012,8.4728812500000572],[124.65195556100002,8.4724841440000205],[124.65174364400002,8.4721443140000474],[124.65146299800006,8.4716536600000723],[124.65207202000011,8.4711095500000511],[124.65245957900004,8.4707506280000757],[124.65172588200005,8.4700080910000679],[124.65072401900011,8.4686912490000736],[124.65041283500011,8.4682700120000618],[124.64983980000011,8.4675072300000238],[124.64994859500007,8.4672578320000298],[124.65024227900005,8.4669125120000217],[124.65016482400006,8.4661992810000584],[124.65250877400001,8.4654070980000711],[124.6538569810001,8.4651042400000733],[124.65535736300001,8.4647635740000737],[124.65613015200006,8.4614273250000451],[124.65864003900003,8.4613780660000657],[124.65936356300006,8.4613954580000268],[124.65939587100002,8.4612056480000319],[124.65999357100009,8.4604827550000437],[124.66059979900001,8.4604951190000293],[124.6614382250001,8.4605256070000223],[124.6621470770001,8.4605637180000599],[124.66279528600012,8.4605963180000572],[124.66908425400004,8.4603454460000762],[124.67319143900011,8.4608686000000262],[124.67268871700003,8.4615739500000586],[124.66876500100011,8.467215159000034],[124.66848621600002,8.467609636000077],[124.66799386500008,8.4720718540000348],[124.66813258100001,8.4717990450000684],[124.66834990400002,8.4716325850000658],[124.66855849400008,8.4715256880000425],[124.66873272400005,8.4714932730000214],[124.66887048600006,8.4715054290000467],[124.66901837800003,8.4715803880000635],[124.66909536300011,8.4716249580000635],[124.66917640000008,8.4716634510000404],[124.66928174800012,8.4717019430000278],[124.66937899200002,8.4717282800000362],[124.66946002900011,8.4717444880000699],[124.66960589500002,8.4717728500000362],[124.66972137300002,8.4718032390000531],[124.66984900500006,8.4718153950000215],[124.66992801600009,8.4718640170000299],[124.66999689800002,8.4719470800000636],[124.67009009000003,8.4720544530000552],[124.67012250500011,8.47220032000007],[124.67011642700004,8.4723239010000384],[124.67015289300002,8.4724535600000763],[124.67019341200012,8.4725224410000237],[124.67029673400009,8.472560933000068],[124.67043854800011,8.4725710630000322],[124.67063303700002,8.4725852440000722],[124.67088830200009,8.472646022000049],[124.6710078320001,8.4726662810000448],[124.67112938700006,8.4727270590000217],[124.67124689000002,8.4728344330000596],[124.67133805700007,8.472972195000068],[124.67139883400012,8.4731119840000702],[124.67146974100001,8.473261902000047],[124.67156901200008,8.473488805000045],[124.67171690400005,8.4736103600000661],[124.67182427700004,8.4736488520000535],[124.67202686900009,8.4736549300000661],[124.67210790600006,8.4736691120000387],[124.67222135800012,8.4736772150000661],[124.67234291300008,8.4737278630000219],[124.67240166500005,8.4738007960000346],[124.67243610500009,8.4738717040000324],[124.67245839000009,8.4739304550000725],[124.67249283100011,8.4740135180000493],[124.67251714200006,8.474094555000022],[124.67254955700002,8.4741735660000472],[124.67258602300001,8.4742606800000431],[124.67265693100001,8.4744328830000768],[124.67273999300005,8.4746395270000221],[124.67278051200003,8.4747975490000726],[124.67284939300009,8.4750102710000306],[124.6729038630001,8.4752685060000204],[124.67208400000004,8.4754557130000308],[124.67151676900005,8.475565773000028]]]},"properties":{"brgy_name":"Camaman-an","city_name":"Cagayan de Oro City","prov_name":"Misamis Oriental"}},{"type":"Feature","geometry":{"type":"Polygon","coordinates":[[[124.6042807450001,8.4821795130000623],[124.6043408270001,8.4817905800000517],[124.6043244870001,8.4811849270000721],[124.60422565700003,8.4805861360000563],[124.6038652200001,8.4799873440000511],[124.60348734200011,8.4796094660000563],[124.60303970200005,8.4794292480000308],[124.60237696200011,8.4792897230000221],[124.60166771400009,8.4792897230000221],[124.6007491790001,8.4797431770000458],[124.6004236230001,8.4802140710000344],[124.60105148200012,8.4804059170000414],[124.60191769400001,8.4807024060000344],[124.60228975900009,8.4813593320000678],[124.60237696200011,8.4819930050000494],[124.60216767500003,8.4822894940000424],[124.60194094800011,8.482359256000052],[124.60156307000011,8.4821557830000529],[124.60099356400008,8.4819559400000344],[124.60067941700004,8.4819348700000319],[124.60019689600006,8.4821848510000564],[124.59974344200009,8.4825859830000354],[124.59959447100005,8.482731483000066],[124.59916008300002,8.4830681330000743],[124.59901100800005,8.483154250000041],[124.59867139700009,8.4831115720000412],[124.59822681800006,8.4828583420000427],[124.59789145800005,8.4825707430000534],[124.59765232200004,8.4822085220000645],[124.59763825500011,8.4817232170000239],[124.59772969000005,8.4811148260000664],[124.59780705700007,8.4806893050000554],[124.59791607500006,8.4803200510000352],[124.5981974120001,8.4800176140000758],[124.59846819800009,8.4798699120000265],[124.59883041900002,8.4797538610000629],[124.59922780700003,8.47965539300003],[124.59956541000008,8.4792017380000289],[124.59949507600004,8.4788113840000392],[124.59931572400001,8.4784034460000726],[124.59922780700003,8.4779286910000451],[124.59906955500003,8.4774398680000331],[124.59897812000008,8.4771761150000771],[124.59867920000011,8.4769897300000707],[124.59821499500003,8.4770213800000533],[124.59775782300005,8.4772253490000367],[124.59744132000003,8.4776157040000726],[124.59742373600011,8.4780341920000524],[124.59753978800006,8.4782627780000439],[124.59770155600006,8.4786636820000467],[124.59780002400009,8.4791067870000347],[124.59776485700002,8.4794584580000674],[124.59765583900003,8.479848812000057],[124.59743077000007,8.4801231150000262],[124.59721976700007,8.4803376340000227],[124.59687513000006,8.4804220350000605],[124.59644257500008,8.4803200510000352],[124.59617530600008,8.4801231150000262],[124.59598540400009,8.4797433110000497],[124.59601705400007,8.4789837020000505],[124.59596782000006,8.4784561970000709],[124.59577791800007,8.4781713430000423],[124.59516952800004,8.4780025410000235],[124.59456750800007,8.4778002770000285],[124.59429999800011,8.4772621700000741],[124.59407557500003,8.4767077140000424],[124.59350791700001,8.4762060620000739],[124.59315148100006,8.475777019000077],[124.5929468600001,8.4753611760000354],[124.59250461500005,8.4751433540000676],[124.59197656100002,8.4752819680000471],[124.59172573500007,8.4758826290000684],[124.59128349000002,8.4764700890000313],[124.59061022100002,8.4767935220000368],[124.58990394900002,8.4767803210000352],[124.5893626940001,8.4766747100000543],[124.58887424400007,8.4764568880000297],[124.58845180100002,8.4761796600000707],[124.58781813600001,8.4761796600000707],[124.58732308600008,8.4763380760000473],[124.58690064300004,8.4764172840000356],[124.58658381000009,8.4763512770000489],[124.58641219300011,8.4760410460000344],[124.5864914010001,8.4757110120000334],[124.58677523000006,8.4754865890000701],[124.5872042740001,8.4753083710000396],[124.58763991800004,8.4749387330000445],[124.5879633510001,8.4743908770000758],[124.58821417700005,8.4739420310000355],[124.58872242900009,8.4736053970000285],[124.58928348600011,8.4732291590000273],[124.58940889900009,8.4726945040000601],[124.58912507000002,8.4723974740000472],[124.58869602600009,8.4725294870000312],[124.58828018400004,8.4728133160000425],[124.58771252600002,8.4730707420000613],[124.58707621200006,8.4727086920000261],[124.58679087300004,8.4720613560000402],[124.58631814800003,8.4717845340000508],[124.58601436900005,8.4716369400000531],[124.58794850300001,8.4690849490000346],[124.5882519810001,8.4686494320000634],[124.59185596100008,8.4663949820000539],[124.5949860500001,8.4597216680000429],[124.59634371800007,8.4555438650000383],[124.59735896300003,8.4517678670000578],[124.60115850200009,8.4529786010000407],[124.60136648600007,8.4530760940000391],[124.60632482800008,8.4501272130000302],[124.60847189000003,8.4480294600000434],[124.61065447100009,8.445666501000062],[124.60966132500005,8.4361556260000725],[124.60920861600005,8.4352494310000452],[124.61566473700009,8.4329288320000728],[124.61669226800007,8.4323472010000273],[124.61904133600001,8.4344891420000749],[124.61954570300009,8.4361637430000656],[124.61998653500007,8.4378960250000432],[124.62022247300001,8.4388521940000487],[124.62037148600007,8.4396158880000485],[124.62073530300006,8.4414410110000517],[124.62082925700008,8.4419347270000458],[124.62084336200007,8.4419938950000528],[124.62102962900008,8.4424781880000523],[124.62121589600008,8.4432977620000429],[124.62128779700004,8.4435173890000215],[124.62141186500003,8.4441199630000483],[124.62174365200008,8.4457192310000551],[124.62200889400003,8.446524226000065],[124.62259094300009,8.4489414700000225],[124.62282511600006,8.4498963600000252],[124.62282362300004,8.4498967090000292],[124.62221949000002,8.45003792600005],[124.62110274100007,8.4502924260000327],[124.62079457300001,8.450363965000065],[124.62040661000003,8.4504520140000636],[124.62005166600011,8.4505331830000614],[124.61880836900002,8.4508112680000522],[124.61812699400002,8.4509994280000456],[124.61773881800002,8.4510648000000401],[124.61735184400004,8.4511623940000504],[124.61697467300007,8.4512648490000402],[124.61658908200002,8.4513311120000481],[124.61617434400011,8.4514398770000412],[124.61568023300003,8.4520231120000631],[124.61549116700007,8.4522553930000299],[124.61580987800005,8.4525849080000626],[124.61601515000007,8.453022461000046],[124.61609077600008,8.4534222010000235],[124.61590171000012,8.4539137730000675],[124.61593952300007,8.4543513250000615],[124.61600434600007,8.4547618690000377],[124.61599879800008,8.4552340460000437],[124.61590171000012,8.4557612180000206],[124.61585849500011,8.456225780000068],[124.61586413000009,8.4565428550000661],[124.6084205630001,8.4575205440000332],[124.60811206700009,8.4574549070000558],[124.60793484500005,8.4575927460000457],[124.60801361000006,8.457769967000047],[124.60787577100007,8.4580193900000609],[124.60746881800003,8.458229430000074],[124.60744928400004,8.4582933190000631],[124.60737692500004,8.4585313630000769],[124.60733097900004,8.4587873500000228],[124.6072915960001,8.4590630280000596],[124.60731128800012,8.4593387060000396],[124.60748194600001,8.4596603300000766],[124.60775106000006,8.4599228810000682],[124.60785608000003,8.4601329210000245],[124.60801361000006,8.4603889080000272],[124.60807268400004,8.460638331000041],[124.60799391900002,8.4608418070000653],[124.60793484500005,8.461130613000023],[124.6079348400001,8.4611564600000406],[124.6079348400001,8.4611566740000512],[124.60793484500005,8.4613997270000709],[124.6079170380001,8.4616360530000634],[124.60791515400001,8.4616622770000731],[124.60784509100006,8.4618997770000419],[124.60776418700004,8.4621414320000667],[124.60778387900007,8.4623908550000237],[124.60773136800003,8.4626599690000717],[124.60771167700011,8.4628831370000626],[124.60770008300005,8.4630915300000424],[124.60762477900005,8.4635073380000563],[124.60764604000008,8.4641105600000515],[124.60771950500009,8.464932056000066],[124.6081916820001,8.4657032790000244],[124.6085064670001,8.466584676000025],[124.60860090200003,8.4673558990000402],[124.60864812000011,8.468473384000049],[124.6089830630001,8.4684764860000428],[124.61698413000011,8.4656280980000247],[124.61615500900007,8.4695333770000616],[124.61697211400008,8.4711916190000238],[124.61728660200004,8.472066380000058],[124.6169992990001,8.4722057270000732],[124.61564874400005,8.4729545920000646],[124.61536302500008,8.4731892990000688],[124.61511605100009,8.4736579090000532],[124.61497537800005,8.4741198170000303],[124.61481562100005,8.4742840400000432],[124.61452117500005,8.4743796540000744],[124.61435694900001,8.4743409820000579],[124.6139517150001,8.4741540400000304],[124.61355961700008,8.4740772170000582],[124.61311531600006,8.4741877920000661],[124.6129461810001,8.4742328080000675],[124.61272378400008,8.4744206860000304],[124.61268988100005,8.4746131420000665],[124.6126960470001,8.4751279660000591],[124.61268679800003,8.4754824860000326],[124.61259620300007,8.4757025770000496],[124.61240400500003,8.4758356370000456],[124.61228572900006,8.4758750630000463],[124.6120738190001,8.4759243440000205],[124.61199009000006,8.4759387380000248],[124.61186683700009,8.4759588410000219],[124.61164999800008,8.4759982660000333],[124.6114972260001,8.4760130510000522],[124.61153787100011,8.47624339500004],[124.61184352100008,8.4769144210000604],[124.61214565800003,8.4776346310000577],[124.61245821400007,8.478555975000063],[124.61202453700002,8.4787875980000535],[124.61140359100011,8.4790586460000554],[124.61098469800004,8.4792459160000249],[124.61070872200003,8.4793494070000293],[124.61054609300004,8.4794726110000624],[124.61057566200009,8.4796697360000621],[124.61064958400004,8.4798372930000596],[124.61072843500006,8.4799703530000556],[124.61073829100008,8.4801083420000509],[124.61065451200011,8.480226617000028],[124.6105215980001,8.4803485200000637],[124.61032153400004,8.4803624520000653],[124.60999751500003,8.4805250110000543],[124.60987449700008,8.4806359460000635],[124.6097141350001,8.4807293070000469],[124.60939103300007,8.4809138020000319],[124.60800681700005,8.4812761620000288],[124.60719512900005,8.4815588030000413],[124.60673130800001,8.4816820060000282],[124.60637655400001,8.4813154620000546],[124.60612795600002,8.4809621620000257],[124.60574568800007,8.4805514410000455],[124.60533173300007,8.4803054040000347],[124.60521431400002,8.4802421480000589],[124.60495628700005,8.480665077000026],[124.60476717800009,8.4810766470000658],[124.60470799900008,8.4814719700000296],[124.60463400000003,8.481852138000022],[124.60444436100011,8.4821207880000316],[124.6042807450001,8.4821795130000623]]]},"properties":{"brgy_name":"Canito-an","city_name":"Cagayan de Oro City","prov_name":"Misamis Oriental"}},{"type":"Feature","geometry":{"type":"Polygon","coordinates":[[[124.63313451100009,8.4868547330000297],[124.63269957600005,8.4869447200000536],[124.63247333900006,8.4869915280000328],[124.63187971200011,8.4869758430000388],[124.63102025300009,8.4868820840000581],[124.62813637600004,8.4857775330000322],[124.6277748550001,8.4857284850000383],[124.62658516700003,8.485535675000051],[124.62557273700008,8.4852416250000715],[124.62493409700005,8.485028911000029],[124.62360997300004,8.4837047860000325],[124.6232993750001,8.4822171890000391],[124.62235327400003,8.481309556000042],[124.62206081900001,8.481120679000071],[124.62176227000009,8.4807063670000389],[124.62150637100001,8.4802372190000597],[124.62118345100009,8.480005692000077],[124.62044621900009,8.4799752270000681],[124.61958713100012,8.4799264850000213],[124.61934951100011,8.4799082060000615],[124.61918500400009,8.4799995990000525],[124.61887427000011,8.4800909910000541],[124.61816140900009,8.4800909910000541],[124.61529495500008,8.4775230260000285],[124.61361140100007,8.478087801000072],[124.61304959200004,8.4783292800000254],[124.61245821400007,8.478555975000063],[124.61214565800003,8.4776346310000577],[124.61184352100008,8.4769144210000604],[124.61153787100011,8.47624339500004],[124.6114972260001,8.4760130510000522],[124.61164999800008,8.4759982660000333],[124.61186683700009,8.4759588410000219],[124.61199009000006,8.4759387380000248],[124.6120738190001,8.4759243440000205],[124.61228572900006,8.4758750630000463],[124.61240400500003,8.4758356370000456],[124.61259620300007,8.4757025770000496],[124.61268679800003,8.4754824860000326],[124.6126960470001,8.4751279660000591],[124.61268988100005,8.4746131420000665],[124.61272378400008,8.4744206860000304],[124.6129461810001,8.4742328080000675],[124.61311531600006,8.4741877920000661],[124.61355961700008,8.4740772170000582],[124.6139517150001,8.4741540400000304],[124.61435694900001,8.4743409820000579],[124.61452117500005,8.4743796540000744],[124.61481562100005,8.4742840400000432],[124.61497537800005,8.4741198170000303],[124.61511605100009,8.4736579090000532],[124.61536302500008,8.4731892990000688],[124.61564874400005,8.4729545920000646],[124.6169992990001,8.4722057270000732],[124.61728660200004,8.472066380000058],[124.61697211400008,8.4711916190000238],[124.61615500900007,8.4695333770000616],[124.61698413000011,8.4656280980000247],[124.6089830630001,8.4684764860000428],[124.60864812000011,8.468473384000049],[124.60860090200003,8.4673558990000402],[124.6085064670001,8.466584676000025],[124.6081916820001,8.4657032790000244],[124.60771950500009,8.464932056000066],[124.60764604000008,8.4641105600000515],[124.60762477900005,8.4635073380000563],[124.60770008300005,8.4630915300000424],[124.60771167700011,8.4628831370000626],[124.60773136800003,8.4626599690000717],[124.60778387900007,8.4623908550000237],[124.60776418700004,8.4621414320000667],[124.60784509100006,8.4618997770000419],[124.60791515400001,8.4616622770000731],[124.6079170380001,8.4616360530000634],[124.60793484500005,8.4613997270000709],[124.6079348400001,8.4611566740000512],[124.6079348400001,8.4611564600000406],[124.60793484500005,8.461130613000023],[124.60799391900002,8.4608418070000653],[124.60807268400004,8.460638331000041],[124.60801361000006,8.4603889080000272],[124.60785608000003,8.4601329210000245],[124.60775106000006,8.4599228810000682],[124.60748194600001,8.4596603300000766],[124.60731128800012,8.4593387060000396],[124.6072915960001,8.4590630280000596],[124.60733097900004,8.4587873500000228],[124.60737692500004,8.4585313630000769],[124.60744928400004,8.4582933190000631],[124.60746881800003,8.458229430000074],[124.60787577100007,8.4580193900000609],[124.60801361000006,8.457769967000047],[124.60793484500005,8.4575927460000457],[124.60811206700009,8.4574549070000558],[124.6084205630001,8.4575205440000332],[124.61586413000009,8.4565428550000661],[124.61585849500011,8.456225780000068],[124.61590171000012,8.4557612180000206],[124.61599879800008,8.4552340460000437],[124.61600434600007,8.4547618690000377],[124.61593952300007,8.4543513250000615],[124.61590171000012,8.4539137730000675],[124.61609077600008,8.4534222010000235],[124.61601515000007,8.453022461000046],[124.61580987800005,8.4525849080000626],[124.61549116700007,8.4522553930000299],[124.61568023300003,8.4520231120000631],[124.61617434400011,8.4514398770000412],[124.61658908200002,8.4513311120000481],[124.61697467300007,8.4512648490000402],[124.61735184400004,8.4511623940000504],[124.61773881800002,8.4510648000000401],[124.61812699400002,8.4509994280000456],[124.61880836900002,8.4508112680000522],[124.62005166600011,8.4505331830000614],[124.62040661000003,8.4504520140000636],[124.62079457300001,8.450363965000065],[124.62110274100007,8.4502924260000327],[124.62221949000002,8.45003792600005],[124.62282362300004,8.4498967090000292],[124.62282511600006,8.4498963600000252],[124.62284105300012,8.4499682700000562],[124.62315173600007,8.4513700800000606],[124.62324721500011,8.4517808520000699],[124.62352096800009,8.4529629760000375],[124.62368919500011,8.4534916910000675],[124.62405463100004,8.4547399770000311],[124.62411321100001,8.4550087520000261],[124.62424727500002,8.4556107260000317],[124.62430856800006,8.4558338610000305],[124.62454234800009,8.456700028000057],[124.62466560900009,8.4569928140000457],[124.62491485200007,8.4575651980000544],[124.6250981500001,8.4582082530000662],[124.6253594530001,8.4591273090000527],[124.62567187500008,8.4601006250000523],[124.62556372900008,8.4612061200000426],[124.62497493300009,8.4630325890000222],[124.62515517700001,8.4646547820000251],[124.62651597600006,8.4649129970000558],[124.62861941300002,8.4653105380000397],[124.62931377500001,8.465451402000042],[124.62959806100002,8.4655132030000573],[124.62983290600005,8.4655502840000736],[124.63006775000008,8.4656079650000606],[124.63030568000011,8.465661199000067],[124.63027495900008,8.4659264180000378],[124.63026306500001,8.4660532560000661],[124.63017783500004,8.4665646340000649],[124.63009260500007,8.4671782870000243],[124.63037298100005,8.4678570240000681],[124.63066269600006,8.4682191680000756],[124.6310802270001,8.46874321100006],[124.63114467500009,8.4681819980000341],[124.63129857600006,8.4675352200000589],[124.63160243600009,8.4671396280000408],[124.63192349600001,8.4668472340000562],[124.63233141600006,8.4667533050000543],[124.63244435900003,8.4670328520000453],[124.63276003500005,8.4672504580000236],[124.63328975800005,8.4675189480000768],[124.63395009800001,8.4675842570000555],[124.63479910700005,8.4676205390000518],[124.63674421100006,8.4674829560000262],[124.63790679400006,8.4688301480000518],[124.63876759600009,8.4694733320000637],[124.63954618700006,8.4698118500000419],[124.64046721700004,8.4709926890000702],[124.64067735100002,8.4715131940000674],[124.64099322300001,8.4728795510000623],[124.64086725700008,8.4742878820000556],[124.6407005850001,8.474868706000052],[124.64056926800004,8.4753232640000533],[124.64037229300004,8.4757879240000307],[124.64029653400007,8.4760253040000748],[124.64024940600007,8.4762651820000769],[124.64013462000003,8.4771910510000339],[124.64013462000003,8.4784841440000491],[124.63999691400011,8.4794615210000757],[124.63998542800005,8.4803589720000332],[124.63997483900005,8.4807734390000746],[124.64001343600012,8.4814024430000359],[124.64004165900008,8.481957494000028],[124.64003225100009,8.4824843220000616],[124.64000402800002,8.4829452960000253],[124.64016395800002,8.4842999970000506],[124.63846986400006,8.4848040910000577],[124.63778108600002,8.4850030420000735],[124.63732862200004,8.4851537010000584],[124.63680479100003,8.4853205090000756],[124.63653471800001,8.4854184120000582],[124.63625499600005,8.4854966660000741],[124.63585983900009,8.48563929900007],[124.63554261400009,8.485754585000052],[124.63485649000006,8.4860189540000306],[124.63412246900009,8.4863911530000564],[124.63373183200008,8.4865752910000651],[124.63313451100009,8.4868547330000297]]]},"properties":{"brgy_name":"Carmen","city_name":"Cagayan de Oro City","prov_name":"Misamis Oriental"}},{"type":"Feature","geometry":{"type":"Polygon","coordinates":[[[124.65149714500001,8.4921219380000252],[124.65151299100012,8.4921572600000559],[124.65159442300001,8.4924823820000483],[124.65107220300001,8.4926859360000435],[124.65055009600007,8.4927830890000564],[124.65045921700005,8.492360905000055],[124.65019442900007,8.4924272330000576],[124.65004292900005,8.4929788530000678],[124.65002864700011,8.4930918890000271],[124.65000422000003,8.4932051430000683],[124.64993760000004,8.4933783550000612],[124.64977105000003,8.49360486300003],[124.64955564600007,8.4938824460000433],[124.6495156740001,8.4939424040000517],[124.6494854880001,8.4940321780000545],[124.64912449100007,8.4944542930000466],[124.64850740000008,8.4948630650000609],[124.64676401600002,8.493965223000032],[124.64597077700012,8.4934945090000724],[124.64531700800001,8.4931196820000423],[124.64443428800007,8.4927920990000416],[124.64339056900008,8.4920475010000587],[124.64271936700004,8.4913239970000518],[124.64239684100005,8.4906876620000276],[124.64217891800001,8.4900774780000461],[124.64172563800003,8.4892842380000388],[124.64123858400001,8.4885251290000383],[124.64122671900009,8.4885038530000543],[124.64126112400004,8.4884928820000596],[124.64307850200009,8.4879045650000648],[124.64546536500006,8.487145268000063],[124.64615248100006,8.4869343830000616],[124.64619809500005,8.4870454410000207],[124.64632142100004,8.4873517050000373],[124.64652247900005,8.4872964500000307],[124.64666097000008,8.4874100840000324],[124.64683497200008,8.4874029810000593],[124.64694150300011,8.4875450240000418],[124.64678880800011,8.487633800000026],[124.64700897300008,8.4878965780000613],[124.64717942400011,8.4881060900000307],[124.64709775000006,8.4882268260000728],[124.64737473200012,8.4885428690000708],[124.64752742700011,8.4884576440000501],[124.64803102200005,8.4890508820000719],[124.64869572300006,8.4895549190000565],[124.64878449900004,8.4895726740000441],[124.64918209200005,8.4899852970000325],[124.64976918000002,8.4905900420000648],[124.65000596200002,8.4908822260000534],[124.65038275400002,8.4914817100000732],[124.65057697900011,8.4919319580000661],[124.65104837600006,8.4922127990000718],[124.65149714500001,8.4921219380000252]]]},"properties":{"brgy_name":"Consolacion","city_name":"Cagayan de Oro City","prov_name":"Misamis Oriental"}},{"type":"Feature","geometry":{"type":"Polygon","coordinates":[[[124.69160102700005,8.4785446200000365],[124.69160103100012,8.478559386000029],[124.69159108500003,8.4785889230000748],[124.69157615900008,8.478603693000025],[124.6915686960001,8.4786135400000262],[124.6915512810001,8.4786258500000713],[124.69153883900003,8.4786258530000396],[124.69152391000011,8.4786283180000623],[124.69150151700001,8.4786357070000236],[124.69147663900003,8.4786578630000236],[124.69146668700012,8.4786627880000651],[124.6914567340001,8.4786652520000416],[124.69144926900003,8.4786652540000205],[124.69142687100009,8.4786554150000484],[124.69141691700008,8.4786529560000758],[124.69140696200009,8.47864557500003],[124.69138705300008,8.4786357350000685],[124.69136714300009,8.4786234350000313],[124.6913571880001,8.4786160540000424],[124.69135220900012,8.4786086710000745],[124.69134225300002,8.4785988290000205],[124.69133727200006,8.4785791410000684],[124.69133229200008,8.4785668370000735],[124.69131735700012,8.4785471510000434],[124.69129744800011,8.4785373120000713],[124.69127754100009,8.4785373170000753],[124.69126758800007,8.4785397800000624],[124.69126012400011,8.4785447040000577],[124.69124519900004,8.4785619360000624],[124.69123773500007,8.4785668600000577],[124.69122778400003,8.4785767070000588],[124.69121783200001,8.4785816320000436],[124.69120539100004,8.4785840960000769],[124.69118796900011,8.4785693340000421],[124.69117303400003,8.4785496480000688],[124.6911655670001,8.478542267000023],[124.69113819100005,8.4785275070000239],[124.69112574900009,8.4785250490000408],[124.6911157940001,8.47852012900006],[124.69110335300002,8.4785201320000283],[124.6910934010001,8.4785250570000699],[124.69107921200009,8.4785280620000663],[124.69106353900008,8.4785201420000362],[124.69105607200004,8.4785102990000496],[124.69105109300006,8.478500456000063],[124.69101376100002,8.4784733930000584],[124.69100380600003,8.4784684730000208],[124.69097891600006,8.4784414060000586],[124.69097144900002,8.478436486000021],[124.69096646700007,8.4784143370000606],[124.69095900000002,8.478404494000074],[124.6909415770001,8.4783872700000416],[124.69093162200011,8.4783823510000502],[124.69092415500006,8.4783725080000636],[124.69091668800002,8.4783675870000366],[124.69089926600009,8.4783503640000504],[124.69087437000007,8.4783036080000329],[124.69085694600005,8.4782814620000408],[124.69085445600001,8.4782716180000648],[124.69084947800002,8.4782666970000378],[124.69083454100007,8.4782420890000481],[124.69080716500002,8.4782224070000325],[124.69079720900004,8.4782125650000353],[124.69074245700006,8.4781781220000312],[124.69073250100007,8.478168280000034],[124.6907225440001,8.4781535160000203],[124.69071258800011,8.4781436740000231],[124.69070263200001,8.4781362930000341],[124.69069267800012,8.4781313730000534],[124.69061948400008,8.4781158220000634],[124.69057469000006,8.4781035270000302],[124.6905622490001,8.4781035300000553],[124.69055229500009,8.4781010720000722],[124.69053736500007,8.4781010750000405],[124.69052492200001,8.4780986170000574],[124.69050750300005,8.4780936990000555],[124.69048510500011,8.4780813990000752],[124.6904602190001,8.4780715600000462],[124.69044279800005,8.4780617200000279],[124.69043284300005,8.4780543390000389],[124.69041790900008,8.4780395760000715],[124.69040795000001,8.478019889000052],[124.69040794900002,8.4780125060000273],[124.69041541100012,8.4780001980000748],[124.6904178960001,8.4779903530000524],[124.69041540600006,8.4779805090000764],[124.69040793900001,8.4779755890000388],[124.69038056600004,8.4779682120000643],[124.69035817100007,8.4779682170000683],[124.69033328900002,8.4779731460000676],[124.69032084700007,8.4779731490000358],[124.69031089500004,8.4779805350000288],[124.69030094300001,8.4779829980000727],[124.69028850500001,8.4779977680000229],[124.69027606900011,8.4780199220000441],[124.69027109400008,8.4780297680000558],[124.6902686090001,8.4780420740000295],[124.69025866100003,8.4780642270000612],[124.69024871100009,8.4780740740000624],[124.69023626900002,8.4780765380000389],[124.69022382800006,8.478076541000064],[124.69021387300006,8.4780716210000264],[124.69020391700008,8.4780617790000292],[124.69019893900008,8.4780543970000508],[124.69019644700006,8.4780396310000583],[124.69019643600006,8.4779953300000557],[124.69018896800003,8.477985487000069],[124.69016905800004,8.4779731860000425],[124.69015661700007,8.4779731890000676],[124.69014168500007,8.4779658100000574],[124.69010684600005,8.4779584350000619],[124.69009689200004,8.4779535150000243],[124.69007200700003,8.477948599000058],[124.69002970500003,8.477948609000066],[124.69001228900004,8.4779559970000378],[124.68999985000005,8.4779658450000284],[124.68999238700007,8.4779756910000401],[124.68998243600004,8.4779830770000331],[124.68994760200007,8.4779953910000359],[124.68994013700001,8.4779953930000715],[124.68993018600008,8.4780027790000645],[124.68992023300007,8.4780077040000492],[124.68990779600006,8.4780249350000645],[124.68990779900003,8.4780372400000488],[124.68991277900011,8.478049545000033],[124.68993517700005,8.4780618450000702],[124.6899426440001,8.4780716880000568],[124.68994264700007,8.4780815320000329],[124.6899451380001,8.4780913760000658],[124.68994265300012,8.4781036830000289],[124.6899327000001,8.4781061460000728],[124.68991030500001,8.4781061520000662],[124.68988044200012,8.4780938540000648],[124.6898605340001,8.4780889360000629],[124.68983565000008,8.4780889420000562],[124.68982072000006,8.4780889460000708],[124.68981076700004,8.4780914100000473],[124.68980081500001,8.4780963340000426],[124.68979086400009,8.4781037200000355],[124.68979584500005,8.4781209470000363],[124.68982073600012,8.4781529360000718],[124.68982572200002,8.4781873910000627],[124.68982572700008,8.4782095410000693],[124.6898232420001,8.478221847000043],[124.68981826700008,8.4782292320000465],[124.68979587500007,8.4782415430000242],[124.68978592200006,8.4782440070000575],[124.68976352700008,8.4782415510000533],[124.68973615000004,8.4782218690000377],[124.68971623900006,8.4782046460000515],[124.68971374900002,8.4781997240000351],[124.68969383800004,8.4781800400000407],[124.68966147700007,8.4781308250000507],[124.68964156300001,8.4781037570000422],[124.68957934400009,8.4780619330000491],[124.68956939000009,8.4780570130000683],[124.68956851900009,8.478056367000022],[124.68954947900011,8.4780422510000335],[124.68952209200006,8.4780084080000506],[124.68951961000005,8.4780053410000278],[124.68951463100007,8.4779954980000412],[124.68951214200001,8.4779954980000412],[124.68948975300009,8.4780176540000411],[124.68948061800006,8.4780286120000596],[124.68940972400003,8.4780631470000571],[124.68920442000001,8.4777493810000237],[124.68908433700005,8.4775402040000358],[124.68891002200007,8.4773310270000479],[124.68868147700005,8.4770986070000731],[124.68862724500002,8.4769281670000396],[124.68860400300002,8.4768429460000334],[124.68861175100005,8.4766957470000648],[124.68868535000001,8.4765485480000393],[124.68881318100011,8.4763626130000489],[124.68899185000009,8.4762123390000284],[124.68917730400005,8.4760565940000561],[124.68943958700004,8.4758943020000288],[124.68968475300005,8.4757428280000227],[124.69004500300002,8.4754832940000711],[124.69027354900004,8.4752663690000531],[124.69042849500011,8.4750494440000352],[124.69049434700003,8.4749526030000766],[124.69061020200002,8.4747986630000582],[124.69073838700001,8.4746272160000444],[124.69085847000008,8.4744451540000227],[124.69093207000003,8.4743095760000529],[124.69099017500002,8.474100399000065],[124.69102116400006,8.473883474000047],[124.6910289110001,8.4737169070000391],[124.69103665800003,8.4735813290000692],[124.69102503700003,8.47346899300004],[124.69096693300003,8.4733721520000245],[124.69091657500007,8.4732675630000358],[124.69085459700011,8.4731474800000228],[124.69081198600009,8.4729809130000717],[124.69078487100012,8.4728956920000655],[124.69078099700005,8.472771736000027],[124.69078487100012,8.4726477790000558],[124.69082748100004,8.4725160740000547],[124.69104440600006,8.4722526660000312],[124.69111800500002,8.4721558240000263],[124.69123421500001,8.4720279940000296],[124.69131556200011,8.4719350260000397],[124.69150924400003,8.4716871120000405],[124.69158671700006,8.4715089240000339],[124.69161770700009,8.471373346000064],[124.69159446500009,8.4712803790000635],[124.69154023300007,8.4711641690000761],[124.69148987600011,8.4710402120000481],[124.69140465600003,8.4709162550000769],[124.69130781400008,8.4707806770000502],[124.69115286800002,8.470629605000056],[124.69102116400006,8.470505648000028],[124.69088946000011,8.4704126800000381],[124.69070739800009,8.4703313330000469],[124.6905795670001,8.4702538600000707],[124.69040137900004,8.4701492720000715],[124.69021931700001,8.4701105350000603],[124.69005662400002,8.470118282000044],[124.68992492000007,8.4701531450000402],[124.68968862700001,8.4702383660000464],[124.6895065650001,8.4703584490000594],[124.68931675600004,8.4704552900000749],[124.68918505200008,8.4705327630000511],[124.68908433700005,8.4705792470000461],[124.68895263200011,8.4706450990000235],[124.68862337200005,8.4707070780000322],[124.68843743600007,8.470699330000059],[124.68820501700009,8.470672215000036],[124.6879958400001,8.470625731000041],[124.68772081000009,8.4705560050000486],[124.6874883910001,8.4705133950000686],[124.68728696100004,8.4704281750000519],[124.68715525700009,8.4703661960000431],[124.68681824900011,8.4701531450000402],[124.68662844000005,8.470091167000021],[124.6864153890001,8.4699633360000348],[124.68629143200008,8.4698548740000206],[124.68621008500008,8.4697347910000644],[124.68614810700001,8.4696379490000595],[124.68611711700009,8.4695023710000328],[124.68611711700009,8.4693590460000223],[124.68613648600001,8.4691963530000294],[124.68614035900009,8.4690491540000608],[124.68617134900012,8.4688825870000528],[124.68619459100012,8.4687315140000692],[124.68624107400001,8.4686346730000537],[124.68633016800004,8.4685339580000232],[124.6864153890001,8.4684409900000333],[124.68650835700009,8.4683790120000708],[124.68663618700009,8.4683480220000433],[124.68679888100007,8.4683441490000746],[124.6869925630001,8.4683712640000408],[124.68732957100008,8.4684719790000713],[124.68758135900009,8.4685610730000462],[124.68777116800004,8.46857656800006],[124.68792998800006,8.4685688210000762],[124.68813529100009,8.4685417050000638],[124.68833284800007,8.4684874740000282],[124.68851878300006,8.4683790120000708],[124.68860787700009,8.4682937910000646],[124.68870084500008,8.4681737080000516],[124.68878219200008,8.4680497510000237],[124.68887128600011,8.46794903600005],[124.6890223580001,8.4678095840000651],[124.68916568300006,8.4677011220000509],[124.68928964000008,8.4676391440000316],[124.68942909200007,8.4675384290000579],[124.6895646700001,8.4674609550000355],[124.68978546800008,8.4673796090000337],[124.68992492000007,8.4673369990000538],[124.69002950800007,8.4672750200000451],[124.6901069810001,8.4671936730000539],[124.69021157000009,8.4670619690000422],[124.69028129600008,8.4669651280000267],[124.69029679000005,8.466860539000038],[124.69029679000005,8.4667636980000225],[124.69028904300001,8.4666397410000513],[124.69026967500008,8.4664344370000322],[124.69028904300001,8.466306606000046],[124.69033940100007,8.4661671550000506],[124.69037426400007,8.4660741870000606],[124.69040525300011,8.4660160820000669],[124.69042074700008,8.4659308620000502],[124.69042074700008,8.4658456420000334],[124.69042074700008,8.4657139370000323],[124.69036651600004,8.4654272870000682],[124.69030453800008,8.4652762140000277],[124.69024643300008,8.4651367630000323],[124.69015346500009,8.4650399220000736],[124.69005662400002,8.4649663220000662],[124.68990942500011,8.4648462390000532],[124.68972736300009,8.4647339030000239],[124.68959178500006,8.4646796720000452],[124.68950269100003,8.4646835450000708],[124.68937098700007,8.4646990400000277],[124.68923540900005,8.4646525560000327],[124.68912307300002,8.464602199000069],[124.68899136900006,8.4645363460000453],[124.68882867500008,8.4644898630000398],[124.68872021300001,8.4644472520000704],[124.68860400300002,8.4643310430000724],[124.68850716200006,8.4642032120000295],[124.68841419400007,8.4640327710000633],[124.68834446900007,8.4638816990000691],[124.68824375400004,8.4637228790000449],[124.68813141800001,8.4634982070000433],[124.68807718700009,8.4633355140000504],[124.6879842190001,8.4631457050000449],[124.68790674600007,8.4629713900000638],[124.68786413600003,8.4628280650000534],[124.68786026200007,8.4627389710000216],[124.68782539900008,8.4626188880000655],[124.68774405200008,8.4624755620000656],[124.68762784300009,8.4623322370000551],[124.68748451700003,8.4622005330000434],[124.68730245600011,8.4620494600000598],[124.68713976200002,8.4619913560000555],[124.6869925630001,8.461921630000063],[124.68681824900011,8.4618751460000681],[124.68644250400007,8.4617163260000439],[124.68634178900004,8.4616233580000539],[124.68628368500003,8.4614800330000435],[124.68628368500003,8.4613754450000442],[124.68630305300007,8.4612321190000443],[124.68635728400011,8.4610926680000489],[124.68648124100002,8.4609803320000765],[124.68662456600009,8.4608525010000335],[124.68692671100007,8.4606200820000481],[124.68715138300001,8.4603528000000665],[124.68731795000008,8.4601126330000511],[124.68736443400007,8.4599073300000214],[124.68729858200004,8.4598143620000315],[124.68720561400005,8.4596904050000603],[124.68714363600009,8.4595741950000729],[124.68705454200006,8.4594579860000749],[124.68696544800002,8.4593417760000307],[124.6864851150001,8.4589118000000667],[124.68620621100001,8.4586445180000283],[124.68595055000003,8.4583501210000236],[124.68576461500004,8.4580905860000257],[124.68562129000009,8.4578426720000266],[124.6855167010001,8.4576838520000592],[124.68538112300007,8.4573468440000283],[124.68526104000011,8.4569207420000225],[124.68514483000001,8.4564675250000505],[124.68502862100001,8.4562544740000476],[124.68497051600002,8.4560646650000422],[124.68497051600002,8.4559135920000585],[124.68506348300002,8.4557431510000356],[124.6851767710001,8.4557303610000645],[124.68531446500003,8.4557568410000385],[124.68555278100007,8.4557780250000292],[124.68566399600002,8.4557250660000705],[124.68575932200008,8.4556350350000571],[124.6857910980001,8.4555714840000746],[124.68580168900007,8.4555079330000353],[124.6857910980001,8.4554126060000385],[124.68574873000011,8.4553172800000311],[124.68569577100004,8.4552166580000403],[124.68566466200002,8.4551350510000702],[124.68562162800004,8.4550630760000445],[124.68549982200011,8.4549359740000227],[124.68536212800007,8.4547929840000506],[124.68525091400011,8.4546817700000361],[124.68509203700012,8.4545811480000452],[124.68494375100011,8.4545228930000462],[124.68470543500007,8.4545123010000225],[124.68452537400003,8.4545228930000462],[124.68434531200012,8.4545864440000287],[124.68415995500004,8.4546446990000277],[124.68395341500002,8.4547188410000444],[124.68384749600011,8.4548088720000578],[124.6837733540001,8.4549147900000321],[124.68365154700007,8.4549677500000371],[124.68349267000008,8.454999525000062],[124.68336556800011,8.4550207090000526],[124.68324905800011,8.4549836370000548],[124.68308438600002,8.4544707550000453],[124.68308438600002,8.4537848440000403],[124.68337003900001,8.4529119160000619],[124.68358511400004,8.4522456030000512],[124.68361041700007,8.4515033820000554],[124.68352087500011,8.4504924700000288],[124.68350840400001,8.449395012000025],[124.68355828800009,8.4484347360000243],[124.68517953300011,8.4475243450000335],[124.68592780000006,8.4466638380000632],[124.68613980900011,8.4455289670000298],[124.68622710600005,8.4448305850000338],[124.6857550310001,8.4437374990000649],[124.68422103100011,8.4428535690000217],[124.68364903000008,8.4422556140000324],[124.6832589820001,8.4422490650000555],[124.68303450200005,8.4414633840000306],[124.6833961640001,8.4407400600000528],[124.68332133700005,8.4397174290000407],[124.68288484800007,8.4392559980000215],[124.68276013700006,8.4384453750000716],[124.68303450200005,8.4374851000000604],[124.68368701000009,8.436767011000029],[124.68352087500011,8.4357391440000242],[124.68263542600005,8.4352527700000337],[124.68151302600006,8.4349409930000547],[124.68070240400004,8.4349160500000266],[124.68080217200009,8.4342675530000406],[124.68155043900003,8.4333322190000217],[124.68226129300001,8.4328209040000388],[124.6825216950001,8.4325631430000385],[124.68257740500007,8.4318327260000387],[124.6826269930001,8.4313884040000744],[124.68262692500002,8.4310094600000411],[124.68256502500003,8.43071234100006],[124.68239170600009,8.4305699720000575],[124.68213172700007,8.4306256820000272],[124.68180984900005,8.430823761000056],[124.68156844000009,8.4309537500000715],[124.6812527510001,8.430836141000043],[124.68081945300003,8.4303718930000286],[124.68039234500009,8.4297714660000338],[124.67991099000005,8.4290345840000214],[124.6798909580001,8.428768691000073],[124.67932767000002,8.4286077510000723],[124.67885723300003,8.4285891810000635],[124.67826299500007,8.4285520420000353],[124.6775379930001,8.4285726260000615],[124.67713728600006,8.4288974990000725],[124.67682337300005,8.4283556710000767],[124.6772277450001,8.427631065000071],[124.67807203500001,8.4265606260000254],[124.67826803000003,8.4261384820000558],[124.67837884500011,8.4257848940000599],[124.67830147500001,8.4256003960000498],[124.67789677100006,8.4247552790000668],[124.67766466100011,8.4244219940000562],[124.67718556300008,8.4243565270000431],[124.67662611900005,8.4246243460000301],[124.67649816200003,8.4251480800000422],[124.67656362800005,8.4253057960000319],[124.67649518600001,8.4255230270000538],[124.67640591300005,8.4255825420000292],[124.67620356100008,8.4254099470000483],[124.67605774800006,8.4250469040000553],[124.67590896000002,8.4247255220000739],[124.67573934200004,8.4242702300000474],[124.67569172900005,8.4238714770000342],[124.67589797800008,8.4236749860000373],[124.67537927400008,8.422749614000054],[124.67521560700004,8.4223925220000524],[124.67518732100007,8.4220334870000215],[124.67474972900004,8.4209008970000241],[124.67504296600009,8.4196672790000662],[124.68306795100011,8.4200342240000623],[124.70059338100009,8.4205405270000711],[124.70967290200008,8.4208430710000357],[124.70589602900009,8.4544366540000624],[124.70725635800011,8.4553351100000214],[124.70891993300006,8.4564895950000505],[124.71126696100009,8.4580693250000536],[124.71387879300005,8.4598682020000524],[124.71332753500008,8.4600294480000571],[124.71286595000004,8.4603509170000279],[124.71239155800004,8.4610807520000435],[124.71208137800011,8.4616007600000671],[124.71173470600002,8.4623442790000354],[124.71149751000007,8.4629737610000575],[124.71126005000008,8.463211000000058],[124.71084522000001,8.4634481540000479],[124.70977327500009,8.4637857030000418],[124.7090388790001,8.4640958820000378],[124.70905256300011,8.4647390490000589],[124.70958625500009,8.4651039670000614],[124.70972766000011,8.4656011670000453],[124.70925782900008,8.4662580180000759],[124.70851431000006,8.4660892440000453],[124.70800798700009,8.4659934530000669],[124.70762938500002,8.4662032810000483],[124.70725693300005,8.4668800840000245],[124.70726486400008,8.4673101710000651],[124.70720228700009,8.4678472870000405],[124.70707713400009,8.4683479010000724],[124.70689461800009,8.4689110910000522],[124.70669637100002,8.4697728600000346],[124.70659492700008,8.4701992070000642],[124.70628241700001,8.4709050260000254],[124.7061790890001,8.4710694500000727],[124.70580225700007,8.4716755170000511],[124.70524393100004,8.4721110110000382],[124.70508759900008,8.4722785090000343],[124.70537792900006,8.4727586700000757],[124.70580225700007,8.473272330000043],[124.7059809210001,8.4737413240000592],[124.70585085500011,8.4738627160000419],[124.70597899400002,8.4742301050000606],[124.70597348400008,8.4745713070000761],[124.70596837500011,8.4745675190000611],[124.70593850800003,8.4745404550000671],[124.7059310410001,8.4745355350000295],[124.70592357300006,8.4745256930000323],[124.70591113000012,8.4745183130000328],[124.7058887280001,8.4744961690000764],[124.70588375000011,8.4744887870000412],[124.70587130500007,8.4744789460000334],[124.70583645600004,8.4744371160000469],[124.70580907400006,8.4744002070000306],[124.70578169600003,8.4743756030000554],[124.70573938700011,8.4743510040000274],[124.7057294330001,8.4743485460000443],[124.70570205500007,8.4743264030000205],[124.70565974700003,8.4743042650000575],[124.70563734700011,8.4742870430000607],[124.70561992400008,8.4742698200000746],[124.70560250200003,8.474257519000048],[124.7055651710001,8.4742353790000493],[124.70555770400006,8.4742279980000603],[124.70513650700002,8.4739586600000507],[124.70519868800011,8.4738651190000382],[124.70520366700009,8.4738749620000249],[124.70515641200006,8.4739537320000409],[124.70551230600006,8.4741800560000229],[124.70551727500003,8.474152982000021],[124.70551726400004,8.4741160650000324],[124.70550730500008,8.4740939170000615],[124.70549236800002,8.4740717710000695],[124.70548489800001,8.4740545450000582],[124.70546249300003,8.474017634000063],[124.70544257800009,8.4739905680000334],[124.70543511300002,8.4739881090000608],[124.70541022300006,8.4739659650000476],[124.70538284700001,8.4739487450000297],[124.70536293500004,8.4739290620000247],[124.70535546600001,8.4739167580000299],[124.70535048700003,8.4739069150000432],[124.70534798500012,8.47386261500003],[124.70534300500003,8.4738503110000352],[124.70534298600012,8.4737838600000259],[124.70534049300011,8.4737690940000334],[124.70532555400007,8.4737371030000759],[124.7053031480001,8.4736977310000725],[124.70529568100005,8.4736903500000267],[124.70528074400011,8.4736682040000346],[124.70527327700006,8.4736608220000562],[124.7052633190001,8.4736435970000343],[124.70524838400001,8.4736239120000505],[124.7052359380001,8.4736116100000345],[124.70521105100011,8.4735968500000354],[124.70520358400006,8.4735894690000464],[124.70516874100008,8.4735673280000583],[124.70515629700003,8.4735574870000505],[124.70510154500005,8.4735279690000311],[124.70509159000005,8.4735205890000316],[124.70508163500006,8.4735156690000508],[124.70507168100005,8.4735132110000677],[124.70505177100006,8.4734984500000223],[124.70502190700006,8.4734836910000695],[124.70501444000001,8.4734763100000237],[124.70500448600001,8.4734738510000511],[124.70497462100002,8.4734566320000226],[124.70494724600007,8.4734443340000212],[124.70493231500006,8.4734394160000761],[124.70489498400002,8.4734172760000206],[124.70488503000001,8.4734148180000375],[124.70487009700003,8.4734049770000297],[124.70484521200001,8.4733976010000447],[124.70483774500008,8.4733926810000639],[124.70483028000001,8.4733902210000451],[124.70480539100004,8.4733730000000378],[124.70479045900004,8.4733656210000277],[124.70476806200008,8.4733582440000532],[124.70473820000007,8.4733508690000576],[124.70471331400006,8.473341031000075],[124.70464363700012,8.4733262840000521],[124.70458640600009,8.4733263000000534],[124.70455903600009,8.4733312300000421],[124.70454659600011,8.4733386170000244],[124.70453664400009,8.4733410810000578],[124.70452669200006,8.4733460060000425],[124.70450430200003,8.4733607790000747],[124.70448689000011,8.4733829350000747],[124.70448440400003,8.4733927800000401],[124.70448440600001,8.4734001630000648],[124.70447943300007,8.4734100090000766],[124.70447694900008,8.4734247770000479],[124.70447197600004,8.4734370840000679],[124.70447198500005,8.47346907900004],[124.70447945300009,8.4734813830000348],[124.70448692000002,8.4734863030000724],[124.70449687300004,8.4734863000000473],[124.70450931300002,8.4734813740000732],[124.7045117990001,8.4734715290000509],[124.70452424000007,8.4734690650000744],[124.70453668100004,8.4734690610000598],[124.70453668800008,8.4734936730000641],[124.70453171500003,8.4735035190000758],[124.70452176400011,8.4735109050000688],[124.70451430100002,8.4735207520000699],[124.70451181600004,8.4735305970000354],[124.70450435300006,8.4735379820000389],[124.7045018660001,8.4735429050000448],[124.70447348100004,8.4735347780000438],[124.7044660140001,8.4735273970000549],[124.70445605900011,8.4735224780000635],[124.70434164800008,8.4737021740000387],[124.7043292080001,8.473704638000072],[124.7043192540001,8.4737046410000403],[124.70430930000009,8.4737021830000572],[124.70429934600008,8.4736972630000764],[124.70429187700006,8.473684960000071],[124.70429187400009,8.4736726540000404],[124.70432420900011,8.4736283440000761],[124.7043341530001,8.4735963460000221],[124.70433912700003,8.4735865000000672],[124.70434658900001,8.4735766540000554],[124.70434907400011,8.4735668080000437],[124.70436648700002,8.4735471140000413],[124.70437643800005,8.4735397280000484],[124.70438389900005,8.473527420000039],[124.70439135900006,8.47351019000007],[124.7043913550001,8.4734954230000312],[124.70439632700004,8.4734806550000599],[124.70418230300004,8.4733773470000529],[124.70403050100003,8.4733232450000742],[124.70355518200006,8.4731437150000488],[124.70351888300002,8.4731972790000327],[124.70350893600005,8.4732194320000644],[124.70350645100007,8.4732292770000299],[124.70350645700012,8.4732514270000365],[124.70350397200002,8.4732637340000565],[124.70349651100003,8.4732785030000741],[124.7034965150001,8.4732908090000478],[124.70348905300011,8.4733006550000596],[124.70348408000007,8.4733129620000227],[124.70347164400005,8.4733326550000356],[124.70345423100002,8.4733498880000298],[124.70344676900004,8.4733597350000309],[124.70343930500007,8.4733646590000262],[124.7034268650001,8.4733695850000572],[124.70339700700004,8.4733745150000459],[124.70333728700007,8.4733745320000367],[124.70332484400001,8.4733696130000453],[124.70329248400003,8.4733253220000506],[124.70330741000009,8.4733130120000624],[124.70335468200005,8.4732933090000415],[124.70336712100004,8.4732859230000486],[124.70337209600007,8.473278538000045],[124.7033820470001,8.4732711510000627],[124.70339199900002,8.4732662260000211],[124.70341190100009,8.4732514540000352],[124.70341936300008,8.473241607000034],[124.70342433300004,8.4732169940000404],[124.70342432500001,8.4731899220000741],[124.70342681000011,8.4731776150000542],[124.70342680100009,8.4731456200000252],[124.70342182100001,8.4731333160000304],[124.70341186400003,8.473121013000025],[124.70339195300005,8.4731062520000364],[124.70337950800001,8.4730939500000204],[124.70335461700006,8.4730668840000476],[124.70330733100002,8.4730373640000494],[124.70329986400009,8.473029982000071],[124.70326502000012,8.4730029190000664],[124.70324261900009,8.4729807750000532],[124.70321773100011,8.4729635540000459],[124.70320528900004,8.4729610970000522],[124.7031878680001,8.4729512570000338],[124.70313063100002,8.4729315840000368],[124.70309827800008,8.4729143650000651],[124.70307090100005,8.4728922220000413],[124.70306094600005,8.47288730300005],[124.70303108100006,8.4728676220000239],[124.70298877500011,8.4728504050000311],[124.7029738440001,8.4728479480000374],[124.70292905500003,8.4728479610000704],[124.70290666100004,8.4728528890000234],[124.70289421900009,8.4728479710000215],[124.70286435000003,8.4728159840000217],[124.70285439500003,8.4728110640000409],[124.70283199900007,8.4728061480000747],[124.70281706900005,8.4728061530000218],[124.70281209300003,8.4728086150000763],[124.70280214200011,8.4728160010000693],[124.70279468000001,8.4728258480000704],[124.70278472900009,8.4728332340000634],[124.70277228800012,8.4728356990000293],[124.7027623350001,8.4728357020000544],[124.70274989300003,8.4728332440000713],[124.7027374490001,8.4728258640000718],[124.70271753500003,8.4727987970000527],[124.70268518100011,8.4727766550000752],[124.70266278400004,8.4727692780000439],[124.70264785300003,8.4727668210000502],[124.70262794500002,8.4727594430000295],[124.7025657370001,8.4727594600000771],[124.70255827300002,8.4727619230000641],[124.70253837000007,8.4727742350000312],[124.70251788700011,8.4728560490000291],[124.7025079340001,8.4728560520000542],[124.7024979790001,8.4728511330000629],[124.70249797300005,8.4728314430000751],[124.70250792000002,8.4728092900000433],[124.70250791300009,8.4727846790000285],[124.7025029350001,8.4727772970000501],[124.70249049200004,8.472774839000067],[124.70248053900002,8.4727748420000353],[124.70247058400003,8.4727674610000463],[124.70246062900003,8.472762542000055],[124.70244072100002,8.4727576250000425],[124.70242827800007,8.4727527060000511],[124.7023959280001,8.472745332000045],[124.70238597500008,8.4727453340000238],[124.70237104400007,8.4727404160000219],[124.70232625100004,8.4727305840000326],[124.70231629600005,8.4727256640000519],[124.70230385400009,8.4727232070000582],[124.70229638800004,8.4727182870000206],[124.70228145800002,8.4727182910000352],[124.70227399200007,8.4727133710000544],[124.70225159500001,8.4727084540000419],[124.70222919900004,8.4727010770000675],[124.70219436100001,8.472696165000059],[124.70218191800006,8.4726912460000676],[124.70216947600011,8.4726912490000359],[124.70215703300005,8.4726863300000446],[124.70214459100009,8.4726838730000509],[124.70213463700009,8.4726789530000701],[124.70212468300008,8.4726789560000384],[124.70211224000002,8.4726740370000471],[124.70208984400006,8.472669121000024],[124.70207740300009,8.4726691240000491],[124.70205251800007,8.4726642090000723],[124.70200524000006,8.4726642220000485],[124.70199280000008,8.4726666870000713],[124.70197787200004,8.4726740740000537],[124.70197040900007,8.4726814600000466],[124.70193806700001,8.4727011580000635],[124.70191816200008,8.4727085470000247],[124.70186342000011,8.4727085620000366],[124.7018484890001,8.472706105000043],[124.70181613500006,8.4726839640000549],[124.70180617900007,8.4726741220000577],[124.7018061760001,8.4726642770000353],[124.70180119400004,8.4726445890000264],[124.70180616800008,8.4726347430000715],[124.70181363100005,8.4726273580000679],[124.70181114000002,8.472617514000035],[124.70180118400003,8.4726101330000461],[124.70176136900011,8.4726027610000756],[124.70174395000004,8.4725978430000737],[124.70173399500004,8.4725929240000255],[124.70171159900008,8.4725855470000511],[124.70169666800007,8.4725830900000574],[124.70168173800005,8.4725830940000719],[124.70167178400004,8.4725781740000343],[124.70165685400002,8.4725781780000489],[124.70164441200006,8.4725757210000552],[124.70161952900003,8.4725757270000486],[124.70159713300006,8.4725708110000255],[124.70156976100009,8.4725683580000464],[124.70155234100002,8.4725634400000445],[124.70153990000006,8.472563444000059],[124.70152994500006,8.4725585240000214],[124.7011964940001,8.4724946260000706],[124.70117907500003,8.4724897080000687],[124.70109944900003,8.4724897300000634],[124.70105216700006,8.4724774370000659],[124.70103723800003,8.4724774410000236],[124.70103226000003,8.4724749810000617],[124.70099991100005,8.4724700680000637],[124.70098995700005,8.4724676090000344],[124.70098249000011,8.4724626890000536],[124.70097004800004,8.4724577700000623],[124.70095262600012,8.4724454690000357],[124.70094267200011,8.4724430100000632],[124.70091280800011,8.4724282520000429],[124.70085806100008,8.4724159610000243],[124.70081824800002,8.472413510000024],[124.70081575900008,8.472411050000062],[124.70079614600002,8.4724413830000458],[124.70078868300004,8.4724463070000411],[124.70077624100009,8.4724463110000556],[124.70076877300005,8.472436468000069],[124.70076628200002,8.4724266240000361],[124.7007637910001,8.4724143190000518],[124.70076378300007,8.4723872470000288],[124.70074387300008,8.4723724850000508],[124.70071400900008,8.4723577260000411],[124.70070156700001,8.4723552690000474],[124.7006468190001,8.4723355940000715],[124.70061695700008,8.4723282190000759],[124.70059456100012,8.4723257640000611],[124.70058211800006,8.4723183840000615],[124.70054479300006,8.4723183940000695],[124.70053484100004,8.472320858000046],[124.70052737700007,8.4723257830000307],[124.70051742500004,8.4723282460000746],[124.70048010000005,8.472328257000072],[124.70045272600009,8.4723159580000242],[124.70044028300003,8.4723135010000306],[124.70043033000002,8.4723135030000662],[124.70041291600012,8.4723258140000439],[124.70040047500004,8.4723307390000286],[124.70037808100005,8.4723307460000683],[124.7003656390001,8.4723282880000284],[124.70035817200005,8.4723233670000582],[124.70034821600007,8.4723135260000504],[124.70032581900011,8.4723036870000215],[124.70031586500011,8.4723012290000383],[124.70028600500007,8.4723012370000674],[124.70025366200002,8.4723160120000216],[124.70024370900001,8.4723184760000549],[124.70023624700002,8.4723283230000561],[124.70023376100005,8.4723381680000216],[124.70023376600011,8.4723553960000686],[124.70022381500007,8.4723627820000615],[124.70021137400011,8.4723652470000275],[124.70020142200008,8.472370172000069],[124.70019146900006,8.4723701750000373],[124.70018151700003,8.4723726380000244],[124.7001591180001,8.4723578780000253],[124.70014667200007,8.4723406530000602],[124.70013920500003,8.4723332720000712],[124.70012178400009,8.4723234320000529],[124.70010934200002,8.4723209740000698],[124.70009441200011,8.4723209780000275],[124.70007948300008,8.4723259040000585],[124.70007202000011,8.4723308290000432],[124.70006206700009,8.4723332920000303],[124.70005460100003,8.4723283720000495],[124.70004215500012,8.4723111470000276],[124.7000396630001,8.4722988420000434],[124.70003965500007,8.4722693090000689],[124.69996997800001,8.4722545610000566],[124.69990279400008,8.4722545790000368],[124.69987790900007,8.4722496630000705],[124.6998505360001,8.4722422870000287],[124.69983809300004,8.4722373680000373],[124.6998032570001,8.4722373770000559],[124.6997933020001,8.4722324580000645],[124.69978085600007,8.4722152330000426],[124.69977836500004,8.4722053890000666],[124.6997659220001,8.4722004700000753],[124.69975347900004,8.4721980120000353],[124.69972859600011,8.472198019000075],[124.69971864200011,8.4721930990000374],[124.69968629200002,8.4721857250000312],[124.69963154900006,8.4721857390000537],[124.69962159600004,8.4721882030000302],[124.69961164300003,8.4721882060000553],[124.69960417900006,8.4721906690000424],[124.69958676700003,8.4722128240000529],[124.69957681500011,8.4722202100000459],[124.69956935300002,8.4722300570000471],[124.69956686800003,8.4722399020000694],[124.69956687000001,8.4722497470000349],[124.69956936200003,8.472262052000076],[124.69956936800008,8.4722842020000257],[124.6993447000001,8.4723285640000654],[124.69932230300003,8.4723211870000341],[124.69931732400005,8.4723113440000475],[124.69929740900011,8.4722818150000307],[124.69927003500004,8.4722719780000375],[124.69915560600009,8.4723901440000304],[124.69914565300007,8.4723901470000555],[124.69912823100003,8.4723753840000313],[124.69911827700003,8.4723729260000482],[124.69910583500007,8.4723729290000733],[124.69908593100001,8.4723827790000428],[124.69907598000009,8.4723901650000357],[124.69922286300005,8.4726559300000304],[124.69864316200005,8.4729292730000338],[124.69860831000005,8.4728702150000572],[124.69805637200011,8.4731238610000332],[124.69807628700005,8.4731533890000605],[124.69790717100011,8.4732681960000491],[124.69789473000003,8.4732706600000256],[124.69786487500005,8.4732854350000366],[124.69783999700007,8.4733051310000747],[124.69782506900003,8.473312518000057],[124.69781511700012,8.4733149820000335],[124.69780765300004,8.4733199060000288],[124.69778526000005,8.4733272960000363],[124.69777530900001,8.4733346820000293],[124.6977653560001,8.473334684000065],[124.69775291500002,8.4733371490000309],[124.69772803400008,8.4733470000000466],[124.69770315300002,8.4733543900000541],[124.69768076100002,8.4733642410000698],[124.69767578500011,8.4733642420000592],[124.69770067800005,8.4734036140000626],[124.69727524400002,8.473649842000043],[124.69713341200008,8.473739121000051],[124.69710852600008,8.4737268220000601],[124.69709608100004,8.4737145190000547],[124.69696422600009,8.4738080780000473],[124.69694183000001,8.4738056230000325],[124.69690698600004,8.4737785590000385],[124.69684478500005,8.4738007260000359],[124.69682737000005,8.4738154970000323],[124.69680995400006,8.473822885000061],[124.69678756300004,8.4738351970000281],[124.69676517000005,8.4738425860000461],[124.69674277900003,8.4738548980000701],[124.69654128900004,8.4740936830000351],[124.69654627300008,8.4741207540000687],[124.69655871600003,8.47412567300006],[124.69658111400008,8.4741379730000403],[124.69658360500011,8.4741478170000732],[124.69657863100008,8.4741576630000282],[124.69657863700002,8.4741798130000348],[124.69659108300004,8.4741970380000566],[124.69659606300002,8.4742093430000409],[124.69659607100004,8.4742388760000722],[124.69657966200009,8.4742759260000753],[124.69656972000007,8.4743177680000485],[124.69657718700012,8.4743251490000375],[124.69658216300002,8.4743251480000481],[124.69659460700007,8.4743325280000477],[124.69659462700008,8.474406363000071],[124.69658467500005,8.4744137490000639],[124.69657223400009,8.4744137520000322],[124.69656228000008,8.4744112930000597],[124.69655232800005,8.4744162180000444],[124.69654984200008,8.4744236020000585],[124.69654238900011,8.4744703660000482],[124.69653244200003,8.4744925190000231],[124.69651751900005,8.4745195950000607],[124.69650756800002,8.4745269810000536],[124.69648766300008,8.4745319090000635],[124.69648020000011,8.4745417560000647],[124.69647771500001,8.4745516010000301],[124.69648020600005,8.474561445000063],[124.69649514000002,8.4745786690000386],[124.6964951440001,8.4745909750000692],[124.69647772900009,8.4746032850000574],[124.69644288600011,8.4745811440000693],[124.69642795300001,8.4745688420000533],[124.69641301800004,8.4745491570000695],[124.69641052800011,8.4745417740000448],[124.69639808500006,8.4745368550000535],[124.6963856430001,8.4745368580000218],[124.69637818100011,8.4745467050000229],[124.69637819000002,8.4745811610000601],[124.69637570400005,8.4745910060000256],[124.6963558010001,8.4746008560000519],[124.69634584900007,8.4746082420000448],[124.69633838600009,8.4746156270000483],[124.6963309250001,8.4746279350000577],[124.69633590400008,8.4746377780000444],[124.69634585900008,8.4746451590000333],[124.69636079400004,8.474664844000074],[124.69637075300011,8.4746845310000367],[124.69637075900005,8.4747091420000515],[124.69636329700006,8.4747189890000527],[124.69635832300003,8.4747288350000645],[124.69633841900009,8.4747386840000445],[124.69629612100005,8.4747510010000724],[124.69624386700002,8.474751015000038],[124.69621650200008,8.4747756340000251],[124.69620406200011,8.4747830200000749],[124.69619410900009,8.4747854840000514],[124.69618913400006,8.4747904080000467],[124.69617669500008,8.4747977940000396],[124.69616425400011,8.4748027200000706],[124.69615181500001,8.474810107000053],[124.69614186300009,8.4748174930000459],[124.69612693700003,8.474832263000053],[124.69609708300004,8.4748519600000236],[124.69608713000002,8.4748519630000487],[124.69607966600006,8.474856887000044],[124.69606722500009,8.4748593520000668],[124.69604731900006,8.4748593570000708],[124.69603736500005,8.4748568980000414],[124.69600004000006,8.4748569080000493],[124.69599008800003,8.474861833000034],[124.69599009300009,8.4748815220000324],[124.69598263000012,8.4748889080000254],[124.6959552620001,8.474903682000047],[124.69593784600011,8.4749110700000756],[124.69592292000004,8.4749258410000721],[124.69591545900005,8.4749381480000352],[124.69590551300007,8.4749676850000242],[124.69589307700005,8.4749898380000559],[124.69588562000001,8.4750169130000472],[124.69588562200011,8.4750267580000695],[124.69589309000003,8.475039061000075],[124.69590055700007,8.4750464430000534],[124.69584837400009,8.4753110150000452],[124.69575666200001,8.4752544320000425],[124.69573426700003,8.4752544380000359],[124.69572431500001,8.4752569020000692],[124.69571436700005,8.4752765930000464],[124.6956795430001,8.4753233640000758],[124.69567954600006,8.4753356700000495],[124.69568452500005,8.4753455130000361],[124.69569199200009,8.4753528950000714],[124.69570692700006,8.4753725800000552],[124.69571190700003,8.4753824230000419],[124.69572435300006,8.4753996480000637],[124.69572684400009,8.4754094920000398],[124.69572435800001,8.4754193370000621],[124.69571191700004,8.475421802000028],[124.69566464500008,8.4754464250000296],[124.69564225200008,8.4754513540000289],[124.69563229800008,8.4754488950000564],[124.69562483100003,8.4754415140000674],[124.69561238400001,8.4754218280000373],[124.69560740500003,8.4754119840000612],[124.69560491400011,8.4754021400000283],[124.69559744600008,8.4753922980000311],[124.69558749200007,8.4753873780000504],[124.69557753800007,8.475384919000021],[124.69553772500001,8.4753849300000752],[124.69553026000006,8.4753873930000623],[124.69550786800005,8.4753972430000317],[124.69550289300003,8.4754046280000352],[124.69550289600011,8.4754144730000576],[124.69550787500009,8.475421855000036],[124.69551036600001,8.4754341600000771],[124.69550041800005,8.4754538520000438],[124.69549046700001,8.4754636990000449],[124.69547305200001,8.4754760090000332],[124.69546558800005,8.4754784720000771],[124.69545065800003,8.4754784760000348],[124.69544319300007,8.4754760170000623],[124.69542826100007,8.4754686370000627],[124.69542079300004,8.4754587950000655],[124.69541581400006,8.4754489510000326],[124.69540585900006,8.4754440320000413],[124.69539590600004,8.475444034000077],[124.69528022200006,8.4755579240000429],[124.69527027000004,8.4755628490000277],[124.69525534400009,8.4755776200000241],[124.6952478820001,8.4755874660000359],[124.69523295500005,8.4755997760000241],[124.69522549300007,8.4756096220000359],[124.69521803200007,8.4756268520000617],[124.69521057000009,8.4756366990000629],[124.69515582700001,8.4756367130000285],[124.69514836200005,8.4756391760000724],[124.6951060670001,8.4756613370000764],[124.69509611600006,8.4756687230000693],[124.69507869900008,8.4756761110000411],[124.69505630800006,8.4756908840000733],[124.69504387000006,8.4757031930000721],[124.69502894100003,8.4757056580000381],[124.6950040480001,8.4756687470000429],[124.69496423400005,8.4756687570000508],[124.69494184200005,8.4756786080000666],[124.6949219390001,8.4756933800000525],[124.69487218000006,8.4757204650000517],[124.69485725100003,8.4757253910000259],[124.69482988300001,8.4757377040000392],[124.69480997800008,8.4757426320000491],[124.69480500300006,8.4757500170000526],[124.69478758800005,8.4757623270000408],[124.69473036400007,8.4757918750000272],[124.69471295000005,8.4758066470000699],[124.69469305000007,8.4758337250000295],[124.69467563600006,8.4758509570000342],[124.69467066200002,8.475860803000046],[124.69478814400009,8.4760502810000276],[124.69463887300003,8.4761586100000272],[124.69458659700001,8.4760798670000668],[124.6944895690001,8.4761438820000308],[124.69457918400008,8.4762767610000651],[124.69436366600007,8.4764133630000629],[124.69429399000012,8.4764035360000207],[124.69429150000008,8.4763961540000423],[124.69429149400003,8.4763740030000463],[124.6942840260001,8.4763641610000491],[124.69427406800003,8.4763444740000295],[124.69425664500011,8.4763272500000539],[124.69424917700007,8.4763174080000567],[124.69422677900002,8.4763026470000682],[124.69421184400005,8.4762854220000463],[124.69420686700005,8.4762829630000738],[124.69420188700008,8.4762706580000327],[124.69419939500006,8.4762583530000484],[124.69418694800004,8.4762362060000669],[124.69418445700001,8.476226362000034],[124.69417947900001,8.4762214410000638],[124.69387100400002,8.4765193190000332],[124.69390087800002,8.4765734570000291],[124.69384991000004,8.4766854550000517],[124.69384991200002,8.4766928380000763],[124.69385738100004,8.4767076030000226],[124.69385987300006,8.4767199080000637],[124.69385987700002,8.4767371360000539],[124.6938549030001,8.4767469820000656],[124.69383749000008,8.4767666760000679],[124.69381509800007,8.4767789870000456],[124.69379519600011,8.4767962200000397],[124.69378275600002,8.4768036070000221],[124.69377529200005,8.476806070000066],[124.69374543700008,8.4768257670000366],[124.69373548600004,8.4768356140000378],[124.69371558300008,8.4768479250000723],[124.69370812000011,8.4768577710000272],[124.69370065700002,8.4768626950000225],[124.69371808400001,8.4768971470000452],[124.69372555500001,8.4769192950000729],[124.69373551400008,8.4769414430000438],[124.69373800500011,8.4769512870000767],[124.69374547200005,8.4769611300000633],[124.69375045200002,8.4769734340000582],[124.69376787600004,8.476993119000042],[124.69374299600008,8.4770078920000742],[124.69372309100004,8.4770128190000378],[124.69370318800009,8.4770275910000237],[124.6936957260001,8.4770374380000248],[124.69368328500002,8.4770399020000582],[124.6936758170001,8.4770300590000716],[124.69366087900005,8.4769980680000572],[124.69365341100001,8.47698822600006],[124.69363599000008,8.4769783860000416],[124.69362355600003,8.4770054610000329],[124.69357628800003,8.477047313000071],[124.6936509630001,8.4771432790000745],[124.69364350000001,8.4771482030000698],[124.69363105900004,8.4771531280000545],[124.69360369700007,8.4771875910000745],[124.69356138500007,8.4771482240000751],[124.69352904200002,8.4771703820000539],[124.6935240680001,8.4771802280000657],[124.6935116300001,8.4771949980000727],[124.6934967090001,8.4772294580000676],[124.69348178500002,8.4772516120000319],[124.69347433000007,8.4772885310000561],[124.69346935600004,8.4772983770000678],[124.69346687000007,8.477310684000031],[124.69345691800004,8.4773156080000263],[124.69344696500002,8.4773156110000514],[124.69343949900008,8.4773106910000706],[124.69342954300009,8.4773008480000271],[124.69342456400011,8.4772910050000405],[124.69340465300002,8.4772762430000625],[124.69339967800011,8.4772836280000661],[124.69339969300006,8.4773377730000448],[124.69340467200004,8.4773476170000208],[124.69340467500001,8.4773599220000619],[124.69340716600004,8.477369766000038],[124.6934071710001,8.4773894560000258],[124.69329519000007,8.4773648730000559],[124.69324291500004,8.4772910510000656],[124.6932254940001,8.4772812110000473],[124.69318817600004,8.4773082930000214],[124.69316578500002,8.4773206050000454],[124.69315334400005,8.4773255300000301],[124.69313592900005,8.4773378410000646],[124.69312846600008,8.4773452260000681],[124.69306380900002,8.4774978340000757],[124.69301823300009,8.4774915860000419],[124.6929759300001,8.4774891360000311],[124.6929659760001,8.4774866770000585],[124.69289879100006,8.4774866940000493],[124.69287640000005,8.4774990060000732],[124.69286893600008,8.4775063910000767],[124.69282912300002,8.4775064010000278],[124.69281916800003,8.4774990200000389],[124.69280174500011,8.4774817960000632],[124.69279178700003,8.4774621100000331],[124.69278680500008,8.4774424220000242],[124.69278182500011,8.4774301170000399],[124.69277435700008,8.4774202750000427],[124.69276440300007,8.4774153550000619],[124.69274449400007,8.4774079770000412],[124.69273454100005,8.4774079790000769],[124.69272209700011,8.4774005990000205],[124.69271214300011,8.477398140000048],[124.69264247000001,8.4773981580000282],[124.69260017300007,8.4774178580000239],[124.69252802300002,8.4774621760000741],[124.69249070300009,8.4774818750000236],[124.69246333500007,8.477494188000037],[124.69244591800009,8.4774991140000679],[124.69243596600006,8.4775040390000527],[124.69242103600004,8.4775065040000754],[124.69239366800002,8.477518817000032],[124.69235883600004,8.4775385150000488],[124.69233893300009,8.4775532860000453],[124.69232151800009,8.4775631350000253],[124.69230907700012,8.4775656000000481],[124.69229912500009,8.4775705250000328],[124.69226428900004,8.4775754560000678],[124.69224189500005,8.4775803840000208],[124.69221950000008,8.4775803890000248],[124.69220705900011,8.4775828530000581],[124.69219461800003,8.4775828570000726],[124.69209758700003,8.4776394870000331],[124.69209261200001,8.4776444110000284],[124.69206275700003,8.4776641080000559],[124.69205529300007,8.4776714930000594],[124.69204036800011,8.4776911860000723],[124.69204037200006,8.4777059530000543],[124.69204286400009,8.4777182580000385],[124.69205033300011,8.4777354840000498],[124.69206775800001,8.4777625520000583],[124.6920677600001,8.4777699360000724],[124.69207522800002,8.4777797780000697],[124.69207525500008,8.4778856080000651],[124.69207276900011,8.4778954530000306],[124.6920603320001,8.4779126840000458],[124.69205038000007,8.4779176090000306],[124.69204291700009,8.4779249950000235],[124.69204540800001,8.4779373000000646],[124.69205287600005,8.4779471420000618],[124.69205785500003,8.4779569860000379],[124.69206034600006,8.4779668300000708],[124.69206035400009,8.4779988250000429],[124.69205538000006,8.4780111320000628],[124.69204542800003,8.4780160570000476],[124.6920354770001,8.4780234430000405],[124.69202801200004,8.4780234450000762],[124.69201557100007,8.4780283700000609],[124.69199317700009,8.4780332980000708],[124.69197078500008,8.4780456090000484],[124.69196581000006,8.478052994000052],[124.69196332500007,8.4780628390000743],[124.69196333500008,8.4781022180000605],[124.69196831400006,8.4781145230000448],[124.69196831700003,8.4781243670000208],[124.69197080800006,8.4781366720000619],[124.69197081300001,8.4781539010000415],[124.69196832800003,8.4781686680000234],[124.69194930700007,8.4781975110000758],[124.6919468210001,8.4782073560000413],[124.6919343830001,8.4782245870000565],[124.69192940900007,8.4782344330000683],[124.6919219450001,8.4782393570000636],[124.69191448300012,8.4782492030000753],[124.69190950900008,8.4782615100000385],[124.69189209500007,8.4782762820000244],[124.6918572620001,8.4782935180000436],[124.69184731000007,8.4782959820000769],[124.69182989300009,8.4783033700000487],[124.69180749900011,8.4783082980000586],[124.69177764200003,8.4783206110000719],[124.69175276300007,8.4783378450000555],[124.69172539900001,8.478367386000059],[124.69171793700002,8.4783796930000221],[124.69171793900011,8.4783870770000362],[124.69172540700004,8.4783993810000311],[124.69174780800006,8.4784215260000337],[124.69175776400004,8.4784338290000392],[124.69176026200012,8.4784707450000383],[124.69175279900003,8.4784781310000312],[124.69173040500004,8.4784830590000411],[124.69172045300002,8.4784879830000364],[124.69170801100006,8.4784879860000615],[124.69170054500012,8.4784830660000239],[124.69169058900002,8.4784732240000267],[124.69167565300006,8.4784510770000452],[124.69166569800007,8.4784436960000562],[124.69165574300007,8.4784387770000649],[124.69164578900006,8.4784363180000355],[124.6916333480001,8.4784363210000606],[124.69162837300007,8.4784437060000641],[124.6916258870001,8.4784510900000214],[124.69162340100002,8.4784633960000519],[124.6916234040001,8.4784732410000743],[124.69160599600002,8.4785150850000264],[124.6916059990001,8.4785249290000593],[124.69160102700005,8.4785446200000365]]]},"properties":{"brgy_name":"Cugman","city_name":"Cagayan de Oro City","prov_name":"Misamis Oriental"}},{"type":"Feature","geometry":{"type":"Polygon","coordinates":[[[124.60170062000009,8.3134373360000495],[124.59820254900001,8.3139247520000481],[124.59669788100007,8.3115489600000387],[124.59570796800006,8.310163082000031],[124.59452007300001,8.3083812390000276],[124.59313419500006,8.3073913260000722],[124.59135235100007,8.3082624490000399],[124.59242145700011,8.312499277000029],[124.59238186100004,8.3162609460000567],[124.58953091100011,8.3166173150000304],[124.58464981900011,8.3290611550000335],[124.57537757500006,8.323398462000057],[124.57535061800002,8.3233995890000756],[124.5470387580001,8.3245833600000765],[124.54703724500007,8.3245822190000354],[124.53578222400006,8.3160915890000524],[124.52590807200011,8.3089822000000595],[124.51813530900006,8.302500847000033],[124.51307167400012,8.2970344750000322],[124.51089936000005,8.2927885900000433],[124.50520190800012,8.2890147370000591],[124.50823333900007,8.2756075650000298],[124.5176137840001,8.2694855910000342],[124.52719171100011,8.2693868490000568],[124.56137268700002,8.2788638710000555],[124.5653221980001,8.2790614050000499],[124.5705126040001,8.2815061620000279],[124.57499067900005,8.2841804390000675],[124.57601368100006,8.2851293660000351],[124.57807368100009,8.2863852680000605],[124.57913571300003,8.2875771960000293],[124.58018302800008,8.2886802770000259],[124.58132830800002,8.2893312720000267],[124.58210168300002,8.2891040570000314],[124.58271630700006,8.2886920710000709],[124.58178111400002,8.2896909190000656],[124.58102911100002,8.2911989610000205],[124.58089276500004,8.2918249710000396],[124.58113297400007,8.2925704730000689],[124.58143336800003,8.2934653550000235],[124.58194487500009,8.2943904140000768],[124.58254747000001,8.2948232600000438],[124.58325600800003,8.2948531950000302],[124.58382899200001,8.2946891000000278],[124.58423636100008,8.29409227900004],[124.58455342200011,8.2930630420000284],[124.58470416000011,8.2917667430000392],[124.58515669100007,8.2907526910000229],[124.58569814100008,8.2899420230000374],[124.58756836300006,8.2890237920000231],[124.58859550700004,8.2885256690000233],[124.59052042600001,8.2882943130000513],[124.59226465200004,8.2882524010000225],[124.59279499800004,8.2883612210000592],[124.59420848600007,8.2891025880000484],[124.59497753800008,8.2901237530000458],[124.59537272800003,8.2915920230000211],[124.59551127300006,8.2930689950000556],[124.59494783500008,8.2952565540000478],[124.59407148600008,8.2967346650000309],[124.59320664400002,8.2985016520000272],[124.59294755300004,8.2989405150000266],[124.59296856100002,8.2994657170000323],[124.59349376300008,8.3001274720000424],[124.59418707100008,8.3009188070000732],[124.59413685200002,8.3018988700000591],[124.59490805000007,8.3037263430000507],[124.59591591900005,8.304529230000071],[124.59752074000005,8.3050312110000277],[124.59823872300001,8.3048958390000394],[124.59986939500004,8.3040624770000591],[124.60029923600007,8.3030538120000301],[124.60066420100009,8.3024026710000385],[124.60157008600004,8.3018141720000358],[124.60232363700004,8.3020182830000522],[124.60275201100001,8.302026167000065],[124.60309309500008,8.3018849270000601],[124.60390266100001,8.3020141490000583],[124.60519196900009,8.3024087180000379],[124.60635239400006,8.3033778130000542],[124.60685171900002,8.3042962040000248],[124.60701854000001,8.3051619550000737],[124.60669075400006,8.306617157000062],[124.60583880700005,8.3077322450000679],[124.60282476600003,8.3101020200000448],[124.60189211400007,8.3105666460000407],[124.60149560800005,8.3108646940000312],[124.60138457300002,8.3112726900000666],[124.60169954700007,8.3133800070000348],[124.60170796300008,8.3134363130000679],[124.60170062000009,8.3134373360000495]]]},"properties":{"brgy_name":"Dansolihon","city_name":"Cagayan de Oro City","prov_name":"Misamis Oriental"}},{"type":"Feature","geometry":{"type":"Polygon","coordinates":[[[124.7453418660001,8.421931728000061],[124.74253935800004,8.4520623750000254],[124.73295491800002,8.4544584850000319],[124.73329376200002,8.4558864700000527],[124.73336872300001,8.457860108000034],[124.73276750800005,8.4589623350000238],[124.73213201200008,8.4594927360000725],[124.73178906100009,8.4597639550000281],[124.73154150200003,8.4598287910000636],[124.73126447200002,8.45968143500005],[124.72987932000001,8.4590389600000435],[124.72782811700006,8.4583552260000374],[124.72719457400001,8.4583793920000403],[124.72669641900006,8.4586794100000589],[124.72612963600011,8.4591538920000744],[124.72603036700002,8.4594279820000224],[124.72535842100001,8.4598936280000316],[124.72448254400001,8.4602030530000434],[124.7235601000001,8.4601495160000582],[124.7229508150001,8.4600974160000533],[124.72157754000011,8.4598333250000337],[124.7200458100001,8.4597276880000436],[124.71851139100011,8.4595822690000659],[124.71749116100011,8.4594517340000266],[124.71719574100007,8.4593795970000656],[124.71692780100011,8.4591666200000759],[124.71680413700005,8.4590017340000259],[124.71641236100004,8.4587397830000555],[124.71595239400006,8.458460050000042],[124.71513371100002,8.4582487770000512],[124.71481786200002,8.4583177960000739],[124.71471116500004,8.4586713230000328],[124.7143150280001,8.459331551000048],[124.71387879300005,8.4598682020000524],[124.71126696100009,8.4580693250000536],[124.70891993300006,8.4564895950000505],[124.70725635800011,8.4553351100000214],[124.70589602900009,8.4544366540000624],[124.70967290200008,8.4208430710000357],[124.72715486900006,8.4212439800000425],[124.73171388500009,8.4212916550000614],[124.74371221800004,8.4218551870000624],[124.7453418660001,8.421931728000061]]]},"properties":{"brgy_name":"F. S. Catanico","city_name":"Cagayan de Oro City","prov_name":"Misamis Oriental"}},{"type":"Feature","geometry":{"type":"Polygon","coordinates":[[[124.67240762400002,8.4814285520000681],[124.67208337500006,8.4810750580000445],[124.67204868100009,8.4809926590000373],[124.67198822700004,8.4808780140000408],[124.6718327960001,8.4805537530000379],[124.67169192600011,8.4801833770000599],[124.67178935300001,8.4801360960000238],[124.6715930790001,8.4791330770000286],[124.67137479400003,8.4780366780000236],[124.67101673900004,8.4780125180000709],[124.67108987200004,8.4778259050000315],[124.6714767420001,8.4768258350000565],[124.67172614500009,8.4764345460000641],[124.67182164200005,8.4761207700000227],[124.67159426800004,8.4757069500000739],[124.67151676900005,8.475565773000028],[124.67208400000004,8.4754557130000308],[124.6729038630001,8.4752685060000204],[124.67284939300009,8.4750102710000306],[124.67278051200003,8.4747975490000726],[124.67273999300005,8.4746395270000221],[124.67265693100001,8.4744328830000768],[124.67258602300001,8.4742606800000431],[124.67254955700002,8.4741735660000472],[124.67251714200006,8.474094555000022],[124.67249283100011,8.4740135180000493],[124.67245839000009,8.4739304550000725],[124.67243610500009,8.4738717040000324],[124.67240166500005,8.4738007960000346],[124.67234291300008,8.4737278630000219],[124.67222135800012,8.4736772150000661],[124.67210790600006,8.4736691120000387],[124.67202686900009,8.4736549300000661],[124.67182427700004,8.4736488520000535],[124.67171690400005,8.4736103600000661],[124.67156901200008,8.473488805000045],[124.67146974100001,8.473261902000047],[124.67139883400012,8.4731119840000702],[124.67133805700007,8.472972195000068],[124.67124689000002,8.4728344330000596],[124.67112938700006,8.4727270590000217],[124.6710078320001,8.4726662810000448],[124.67088830200009,8.472646022000049],[124.67063303700002,8.4725852440000722],[124.67043854800011,8.4725710630000322],[124.67029673400009,8.472560933000068],[124.67019341200012,8.4725224410000237],[124.67015289300002,8.4724535600000763],[124.67011642700004,8.4723239010000384],[124.67012250500011,8.47220032000007],[124.67009009000003,8.4720544530000552],[124.66999689800002,8.4719470800000636],[124.66992801600009,8.4718640170000299],[124.66984900500006,8.4718153950000215],[124.66972137300002,8.4718032390000531],[124.66960589500002,8.4717728500000362],[124.66946002900011,8.4717444880000699],[124.66937899200002,8.4717282800000362],[124.66928174800012,8.4717019430000278],[124.66917640000008,8.4716634510000404],[124.66909536300011,8.4716249580000635],[124.66901837800003,8.4715803880000635],[124.66887048600006,8.4715054290000467],[124.66873272400005,8.4714932730000214],[124.66855849400008,8.4715256880000425],[124.66834990400002,8.4716325850000658],[124.66813258100001,8.4717990450000684],[124.66799386500008,8.4720718540000348],[124.66848621600002,8.467609636000077],[124.66876500100011,8.467215159000034],[124.67268871700003,8.4615739500000586],[124.67319143900011,8.4608686000000262],[124.67603880800004,8.4570852490000448],[124.67675008600008,8.4569919650000429],[124.68021860700003,8.4575361490000205],[124.68595055000003,8.4583501210000236],[124.68620621100001,8.4586445180000283],[124.6864851150001,8.4589118000000667],[124.68696544800002,8.4593417760000307],[124.68705454200006,8.4594579860000749],[124.68714363600009,8.4595741950000729],[124.68720561400005,8.4596904050000603],[124.68729858200004,8.4598143620000315],[124.68736443400007,8.4599073300000214],[124.68731795000008,8.4601126330000511],[124.68715138300001,8.4603528000000665],[124.68692671100007,8.4606200820000481],[124.68662456600009,8.4608525010000335],[124.68648124100002,8.4609803320000765],[124.68635728400011,8.4610926680000489],[124.68630305300007,8.4612321190000443],[124.68628368500003,8.4613754450000442],[124.68628368500003,8.4614800330000435],[124.68634178900004,8.4616233580000539],[124.68644250400007,8.4617163260000439],[124.68681824900011,8.4618751460000681],[124.6869925630001,8.461921630000063],[124.68713976200002,8.4619913560000555],[124.68730245600011,8.4620494600000598],[124.68748451700003,8.4622005330000434],[124.68762784300009,8.4623322370000551],[124.68774405200008,8.4624755620000656],[124.68782539900008,8.4626188880000655],[124.68786026200007,8.4627389710000216],[124.68786413600003,8.4628280650000534],[124.68790674600007,8.4629713900000638],[124.6879842190001,8.4631457050000449],[124.68807718700009,8.4633355140000504],[124.68813141800001,8.4634982070000433],[124.68824375400004,8.4637228790000449],[124.68834446900007,8.4638816990000691],[124.68841419400007,8.4640327710000633],[124.68850716200006,8.4642032120000295],[124.68860400300002,8.4643310430000724],[124.68872021300001,8.4644472520000704],[124.68882867500008,8.4644898630000398],[124.68899136900006,8.4645363460000453],[124.68912307300002,8.464602199000069],[124.68923540900005,8.4646525560000327],[124.68937098700007,8.4646990400000277],[124.68950269100003,8.4646835450000708],[124.68959178500006,8.4646796720000452],[124.68972736300009,8.4647339030000239],[124.68990942500011,8.4648462390000532],[124.69005662400002,8.4649663220000662],[124.69015346500009,8.4650399220000736],[124.69024643300008,8.4651367630000323],[124.69030453800008,8.4652762140000277],[124.69036651600004,8.4654272870000682],[124.69042074700008,8.4657139370000323],[124.69042074700008,8.4658456420000334],[124.69042074700008,8.4659308620000502],[124.69040525300011,8.4660160820000669],[124.69037426400007,8.4660741870000606],[124.69033940100007,8.4661671550000506],[124.69028904300001,8.466306606000046],[124.69026967500008,8.4664344370000322],[124.69028904300001,8.4666397410000513],[124.69029679000005,8.4667636980000225],[124.69029679000005,8.466860539000038],[124.69028129600008,8.4669651280000267],[124.69021157000009,8.4670619690000422],[124.6901069810001,8.4671936730000539],[124.69002950800007,8.4672750200000451],[124.68992492000007,8.4673369990000538],[124.68978546800008,8.4673796090000337],[124.6895646700001,8.4674609550000355],[124.68942909200007,8.4675384290000579],[124.68928964000008,8.4676391440000316],[124.68916568300006,8.4677011220000509],[124.6890223580001,8.4678095840000651],[124.68887128600011,8.46794903600005],[124.68878219200008,8.4680497510000237],[124.68870084500008,8.4681737080000516],[124.68860787700009,8.4682937910000646],[124.68851878300006,8.4683790120000708],[124.68833284800007,8.4684874740000282],[124.68813529100009,8.4685417050000638],[124.68792998800006,8.4685688210000762],[124.68777116800004,8.46857656800006],[124.68758135900009,8.4685610730000462],[124.68732957100008,8.4684719790000713],[124.6869925630001,8.4683712640000408],[124.68679888100007,8.4683441490000746],[124.68663618700009,8.4683480220000433],[124.68650835700009,8.4683790120000708],[124.6864153890001,8.4684409900000333],[124.68633016800004,8.4685339580000232],[124.68624107400001,8.4686346730000537],[124.68619459100012,8.4687315140000692],[124.68617134900012,8.4688825870000528],[124.68614035900009,8.4690491540000608],[124.68613648600001,8.4691963530000294],[124.68611711700009,8.4693590460000223],[124.68611711700009,8.4695023710000328],[124.68614810700001,8.4696379490000595],[124.68621008500008,8.4697347910000644],[124.68629143200008,8.4698548740000206],[124.6864153890001,8.4699633360000348],[124.68662844000005,8.470091167000021],[124.68681824900011,8.4701531450000402],[124.68715525700009,8.4703661960000431],[124.68728696100004,8.4704281750000519],[124.6874883910001,8.4705133950000686],[124.68772081000009,8.4705560050000486],[124.6879958400001,8.470625731000041],[124.68820501700009,8.470672215000036],[124.68843743600007,8.470699330000059],[124.68862337200005,8.4707070780000322],[124.68895263200011,8.4706450990000235],[124.68908433700005,8.4705792470000461],[124.68918505200008,8.4705327630000511],[124.68931675600004,8.4704552900000749],[124.6895065650001,8.4703584490000594],[124.68968862700001,8.4702383660000464],[124.68992492000007,8.4701531450000402],[124.69005662400002,8.470118282000044],[124.69021931700001,8.4701105350000603],[124.69040137900004,8.4701492720000715],[124.6905795670001,8.4702538600000707],[124.69070739800009,8.4703313330000469],[124.69088946000011,8.4704126800000381],[124.69102116400006,8.470505648000028],[124.69115286800002,8.470629605000056],[124.69130781400008,8.4707806770000502],[124.69140465600003,8.4709162550000769],[124.69148987600011,8.4710402120000481],[124.69154023300007,8.4711641690000761],[124.69159446500009,8.4712803790000635],[124.69161770700009,8.471373346000064],[124.69158671700006,8.4715089240000339],[124.69150924400003,8.4716871120000405],[124.69131556200011,8.4719350260000397],[124.69123421500001,8.4720279940000296],[124.69111800500002,8.4721558240000263],[124.69104440600006,8.4722526660000312],[124.69082748100004,8.4725160740000547],[124.69078487100012,8.4726477790000558],[124.69078099700005,8.472771736000027],[124.69078487100012,8.4728956920000655],[124.69081198600009,8.4729809130000717],[124.69085459700011,8.4731474800000228],[124.69091657500007,8.4732675630000358],[124.69096693300003,8.4733721520000245],[124.69102503700003,8.47346899300004],[124.69103665800003,8.4735813290000692],[124.6910289110001,8.4737169070000391],[124.69102116400006,8.473883474000047],[124.69099017500002,8.474100399000065],[124.69093207000003,8.4743095760000529],[124.69085847000008,8.4744451540000227],[124.69073838700001,8.4746272160000444],[124.69061020200002,8.4747986630000582],[124.69049434700003,8.4749526030000766],[124.69042849500011,8.4750494440000352],[124.69027354900004,8.4752663690000531],[124.69004500300002,8.4754832940000711],[124.68968475300005,8.4757428280000227],[124.68943958700004,8.4758943020000288],[124.68917730400005,8.4760565940000561],[124.68899185000009,8.4762123390000284],[124.68881318100011,8.4763626130000489],[124.68868535000001,8.4765485480000393],[124.68861175100005,8.4766957470000648],[124.68860400300002,8.4768429460000334],[124.68862724500002,8.4769281670000396],[124.68868147700005,8.4770986070000731],[124.68891002200007,8.4773310270000479],[124.68908433700005,8.4775402040000358],[124.68920442000001,8.4777493810000237],[124.68940972400003,8.4780631470000571],[124.68948061800006,8.4780286120000596],[124.68932557000005,8.4782145860000355],[124.68936335900003,8.4782517350000717],[124.68937331400002,8.4782591160000607],[124.68938575700008,8.4782664960000602],[124.68939571100009,8.4782689550000327],[124.68940317800002,8.478276337000068],[124.68941313300002,8.4782812570000488],[124.68942308900012,8.478291099000046],[124.68945793000012,8.4783107790000258],[124.68946788500011,8.4783181600000717],[124.68949775600004,8.4783624540000346],[124.68950024700007,8.4783722980000675],[124.68955252000001,8.4784411970000519],[124.68957492600009,8.4784879530000694],[124.68957991000002,8.4785174860000438],[124.6895799130001,8.4785273300000767],[124.68958738700007,8.4785642460000759],[124.68958739100003,8.4785790130000578],[124.6895923730001,8.478601162000075],[124.68959237600006,8.478611006000051],[124.68959736000011,8.4786430000000337],[124.68960234300005,8.4786651490000509],[124.68960732200003,8.4786774540000351],[124.68961479000006,8.47868975800003],[124.6896172810001,8.4786996020000629],[124.68962226000008,8.4787094450000495],[124.68962972800011,8.4787217490000444],[124.68964715100003,8.4787365110000223],[124.68968199000005,8.4787488090000238],[124.68969194600004,8.4787561900000696],[124.68970687800004,8.4787635690000229],[124.68975416500007,8.4788004750000709],[124.68976412100005,8.4788103170000682],[124.68979398700003,8.4788324600000351],[124.68980643400005,8.4788521470000546],[124.68981141300003,8.4788644510000495],[124.68981639500009,8.4788816780000502],[124.68981639800006,8.4788939840000239],[124.68981142300004,8.4789038300000357],[124.68979898200007,8.4789038330000608],[124.68978902800006,8.4789013740000314],[124.68978156100002,8.478893992000053],[124.68975169500004,8.4788718490000292],[124.68974174000004,8.4788669290000485],[124.68971187800003,8.4788595530000634],[124.6896869950001,8.4788595590000568],[124.68966958100009,8.478876792000051],[124.68966212000009,8.4788940210000305],[124.68965465600002,8.4788989460000721],[124.68964221800002,8.4789112540000247],[124.6896322660001,8.4789161790000662],[124.68959245500002,8.4789284950000479],[124.6895625950001,8.4789285020000307],[124.68954517800012,8.4789334290000511],[124.68945310900006,8.4789334510000458],[124.68942822400004,8.4789285350000227],[124.68940582700009,8.4789186960000507],[124.68939587300008,8.4789162370000213],[124.68939089500009,8.4789113160000511],[124.68936601000007,8.4789039380000304],[124.68935605500008,8.4788990190000391],[124.68933365800001,8.4788916410000752],[124.68931126200005,8.4788867240000627],[124.68930130700005,8.4788818040000251],[124.68925651400002,8.478871970000057],[124.68924904700009,8.4788621280000598],[124.68924904500011,8.4788522830000375],[124.68924655400008,8.4788424390000614],[124.68924903900006,8.4788301330000309],[124.68925401400008,8.4788227480000273],[124.68926396500001,8.4788153620000344],[124.6892714280001,8.4788055160000226],[124.68927391400007,8.4787956700000677],[124.68928635300006,8.4787833620000583],[124.68930625700011,8.478773512000032],[124.6893137190001,8.4787636660000203],[124.68932367200011,8.4787587410000356],[124.68932864600004,8.4787488950000238],[124.68933113200001,8.4787390500000583],[124.68934108000008,8.4787168970000266],[124.68934107000007,8.4786775190000299],[124.68933360100004,8.4786627540000268],[124.68930125200006,8.4786603000000582],[124.68929130000004,8.4786652250000429],[124.68928632600011,8.4786750710000547],[124.68928384000003,8.4786873770000284],[124.68927389100008,8.4787046080000437],[124.68926393900006,8.4787070710000307],[124.68924900800005,8.4787070750000453],[124.68923905400004,8.4787046160000727],[124.6892365650001,8.4786996950000457],[124.68923158300004,8.4786775460000285],[124.68923158000007,8.4786677010000631],[124.68923157800009,8.4786578560000407],[124.68923904000007,8.4786455490000208],[124.68923903400002,8.4786233980000247],[124.68923156700009,8.4786135560000275],[124.68920916600007,8.4785914110000249],[124.68919672300001,8.4785864920000336],[124.68918677000011,8.4785864940000693],[124.68918179500008,8.4785938790000728],[124.68917433400009,8.4786111090000418],[124.68916189800007,8.4786308010000653],[124.68915941500006,8.4786554130000695],[124.68915444100003,8.4786652590000244],[124.68915195500006,8.4786751040000468],[124.68914449300007,8.4786849500000585],[124.68912708200003,8.4787169490000451],[124.68911961900005,8.4787267960000463],[124.68906736400004,8.4787268090000225],[124.68906487300001,8.4787169650000465],[124.68907482200007,8.478697273000023],[124.6890748190001,8.4786874280000575],[124.68908476700005,8.478665276000072],[124.68908476400009,8.4786529700000415],[124.68908973900011,8.4786431240000297],[124.68909222400009,8.478630818000056],[124.68909968700007,8.4786234320000631],[124.68910465900001,8.4786062030000267],[124.68910465100009,8.4785717470000463],[124.68909967200011,8.4785619040000597],[124.68908722800006,8.4785520620000625],[124.68905487400002,8.4785323810000364],[124.68904740900007,8.4785299220000638],[124.68903496500002,8.4785225410000749],[124.68902501100001,8.4785200830000349],[124.68900759100006,8.4785127030000353],[124.68900012500001,8.4785077830000546],[124.68898519300001,8.4785028640000633],[124.68898021700011,8.4785028650000527],[124.68887821900012,8.4786013360000538],[124.68886332000011,8.4787293200000704],[124.68841882400011,8.4788761720000707],[124.68761505300006,8.478731157000027],[124.68743090000009,8.4786672120000617],[124.68740103700009,8.4786549130000708],[124.6872838810001,8.4786563140000339],[124.6872739260001,8.4786513940000532],[124.68723908900006,8.4786489420000635],[124.68720425000004,8.4786415660000216],[124.68716692400005,8.4786391140000319],[124.68715697000005,8.4786341940000511],[124.68714701600004,8.4786341970000763],[124.68712213100002,8.4786268190000555],[124.68706489300007,8.4786022210000738],[124.6870375200001,8.4785973060000401],[124.68700019200003,8.4785850090000281],[124.68697779500008,8.4785751690000666],[124.68697033000001,8.4785751710000454],[124.68695291000006,8.4785702530000435],[124.6869354910001,8.4785677960000498],[124.68692304800004,8.4785604160000503],[124.68688323000003,8.4785431970000218],[124.68685834400003,8.4785333580000497],[124.68684341400001,8.478530901000056],[124.68683345800002,8.478523520000067],[124.68679115300006,8.4785087630000362],[124.6867787110001,8.4785063050000531],[124.68674884800009,8.4784964670000704],[124.68665677100012,8.4784595720000766],[124.68664432800006,8.4784571140000367],[124.68659455700003,8.4784374360000356],[124.68658460300003,8.4784349780000525],[124.68651989900002,8.4784054590000437],[124.68649998800004,8.4783882360000575],[124.6864825670001,8.4783783950000497],[124.68647510000005,8.4783710140000608],[124.68646265700011,8.4783636330000718],[124.68645767900011,8.4783562510000365],[124.68643030300007,8.4783414910000374],[124.68640790500001,8.4783267290000595],[124.68638550800006,8.4783193510000388],[124.68636808600002,8.4783070490000227],[124.68636061900008,8.4782996680000338],[124.68635066500008,8.478294748000053],[124.68632577700009,8.4782775260000562],[124.68631333500002,8.4782750670000269],[124.68630338000003,8.4782676860000379],[124.68627849400002,8.4782578480000552],[124.6862511170001,8.4782381650000502],[124.6862063210001,8.4782135640000433],[124.6861963660001,8.4782061830000544],[124.68619387600006,8.4781988000000297],[124.68619138700001,8.4781963390000215],[124.68569875900005,8.4778245930000367],[124.68568880500004,8.4778196730000559],[124.68567884900006,8.4778122920000669],[124.68565396300005,8.4777999920000298],[124.68561912500002,8.4777926170000342],[124.68557184300005,8.4777778610000496],[124.68556188900004,8.4777778630000284],[124.68554198100003,8.4777704850000646],[124.68553451600008,8.477770486000054],[124.68551958500007,8.4777655680000521],[124.68547728300007,8.4777655770000706],[124.68545239900004,8.4777631220000558],[124.68540263000011,8.4777532890000771],[124.68538272300009,8.4777508330000728],[124.68531304900011,8.4777508490000741],[124.68530309700009,8.4777557740000589],[124.68529314400007,8.4777582370000459],[124.68525831300008,8.4777803950000248],[124.68517799100005,8.4778173310000398],[124.68516803700004,8.4778173330000755],[124.68513569200002,8.4778321080000296],[124.68511330100011,8.4778493410000237],[124.68507349700008,8.4778911900000367],[124.68506354600004,8.4778985760000296],[124.68505359300002,8.4779010390000735],[124.68504861700001,8.4779059630000688],[124.68502373500007,8.4779108910000218],[124.68501129400011,8.4779158160000634],[124.68495903900009,8.4779158280000502],[124.68493415300009,8.4779059890000212],[124.68492420000007,8.4779059920000464],[124.68491175800011,8.4779035340000632],[124.68488687400009,8.4779035390000672],[124.68486448100009,8.4779109280000284],[124.68485452900006,8.47791585300007],[124.68483213800005,8.4779330860000641],[124.68482467500007,8.4779429320000759],[124.68482218800011,8.4779503160000331],[124.68482220600004,8.4780241510000565],[124.68479981700011,8.4780512280000266],[124.68478240200011,8.4780659990000231],[124.68475752200004,8.4780807720000553],[124.68473263700002,8.4780709330000263],[124.68471023900008,8.478058633000046],[124.68469779600002,8.4780537130000653],[124.68468286300003,8.4780438720000575],[124.68463309200001,8.4780241950000459],[124.68460571800006,8.4780168180000715],[124.68459327500011,8.4780094370000256],[124.68455097300011,8.4780094470000336],[124.68452858000012,8.4780168350000622],[124.68448130400009,8.478026691000025],[124.68447135200006,8.4780316160000666],[124.68445642200004,8.4780316190000349],[124.68442407500004,8.4780390100000318],[124.68435191300011,8.4780390270000225],[124.68431956400002,8.4780341120000458],[124.68430712100007,8.478029192000065],[124.68422749400008,8.4780292110000346],[124.6842100770001,8.4780341370000656],[124.68419763700001,8.4780415230000585],[124.68418519700003,8.4780464490000327],[124.68417524500001,8.4780538340000362],[124.68416031700008,8.4780612210000754],[124.68412050300003,8.4780612300000371],[124.68408815300006,8.4780513930000438],[124.68405082400011,8.4780366350000236],[124.68403091700009,8.4780366400000275],[124.68400105600006,8.4780317240000613],[124.6839040110001,8.4780317470000455],[124.68389903500008,8.4780342090000431],[124.68386917600003,8.4780391380000424],[124.6838542480001,8.4780465250000248],[124.68383185400012,8.4780514520000452],[124.68380697000009,8.4780514580000386],[124.68377212900009,8.4780317770000693],[124.68374724300008,8.4780219380000403],[124.68371240600004,8.4780219460000694],[124.68369996300009,8.4780170270000212],[124.68367508000006,8.4780170320000252],[124.68365019500004,8.478012116000059],[124.68363526500002,8.4780121190000273],[124.68362531100001,8.4780096600000547],[124.68355812600009,8.4780096760000561],[124.68354817200009,8.4780072170000267],[124.68353821700009,8.4779998360000377],[124.68350835300009,8.4779826150000304],[124.6834884430001,8.4779727750000689],[124.68343568800003,8.4779595240000276],[124.68340831600005,8.4779595310000673],[124.68336849900004,8.4779423120000388],[124.68335605300001,8.4779250870000737],[124.68333116700001,8.4779127860000472],[124.68332121300011,8.4779127890000723],[124.68330877100004,8.4779103300000429],[124.68329881800003,8.4779127940000762],[124.68328140200003,8.4779226420000668],[124.68326647300012,8.4779251070000328],[124.68325403200004,8.4779300320000743],[124.68324407900002,8.4779300340000532],[124.68323412600012,8.4779324980000297],[124.68320426600008,8.4779325050000693],[124.68318186800002,8.4779177430000345],[124.68316195600005,8.4778980580000507],[124.68314204600006,8.4778832960000727],[124.68311964800012,8.4778709950000462],[124.68311218300005,8.477870997000025],[124.68307236500004,8.4778488560000369],[124.68304996900008,8.4778439390000244],[124.68301264400009,8.4778439470000535],[124.68299025100009,8.477853797000023],[124.6829778120001,8.4778636440000241],[124.68297283700008,8.4778734900000359],[124.68294547000005,8.4778907240000763],[124.68293551800002,8.4779005710000206],[124.68292307800004,8.4779054960000622],[124.68291063600009,8.4779054990000304],[124.68289819400002,8.4779030410000473],[124.68289072800007,8.4779005810000285],[124.68288077300008,8.4778907390000313],[124.68288077000011,8.4778784330000576],[124.68287330300006,8.4778710520000686],[124.68285339400006,8.4778612110000608],[124.68283099700011,8.4778538330000401],[124.68280859900005,8.4778390710000622],[124.68277873200009,8.4778070830000729],[124.68276877400001,8.477789858000051],[124.68275633000007,8.4777800160000538],[124.68274637600007,8.4777750960000731],[124.68273144600005,8.4777750990000413],[124.68271900500008,8.4777775630000747],[124.68270905200006,8.4777824880000594],[124.68268168200007,8.4777874160000692],[124.68266177500004,8.4777874210000732],[124.68265182000005,8.4777775780000297],[124.68262942000001,8.4777603550000435],[124.68261448700002,8.4777455920000762],[124.68260204400008,8.4777382110000303],[124.68259457700003,8.4777308300000414],[124.68258213100012,8.47771360400003],[124.68258212500007,8.4776889930000721],[124.68256470200004,8.4776668470000232],[124.6825572350001,8.4776594650000447],[124.68254977000004,8.4776570050000259],[124.68248756100002,8.4776570200000378],[124.68247512000005,8.4776619450000226],[124.68242441100006,8.4777530190000334],[124.68241694800008,8.4777628650000452],[124.6823249040001,8.4778662540000482],[124.68229753700007,8.4778884100000482],[124.68224528700011,8.4779081110000334],[124.68223782300004,8.4779130350000287],[124.68222289300002,8.4779155000000515],[124.68220050100001,8.4779278110000291],[124.68216566700005,8.4779401240000425],[124.68212834600001,8.4779573610000512],[124.68210844100008,8.4779622870000253],[124.68209848800007,8.4779672120000669],[124.68208853500005,8.4779672140000457],[124.68205618800005,8.4779746050000426],[124.68204374700008,8.4779746080000677],[124.68200642300008,8.4779820000000541],[124.68198651700004,8.4779820040000686],[124.68194919300004,8.477989396000055],[124.68190938000009,8.4779894050000735],[124.68189693900001,8.4779943300000582],[124.68188201000009,8.4779967940000347],[124.68181233600001,8.477996810000036],[124.68050581600005,8.4781152370000541],[124.67861797100011,8.4782903940000551],[124.67823933900002,8.4783243140000764],[124.67805307200001,8.4783340250000379],[124.67770716000007,8.4783677810000313],[124.67749915800005,8.4784277540000517],[124.67728353200005,8.4784998150000206],[124.67726860300002,8.4785022790000539],[124.67726113900005,8.4785072030000492],[124.6772486970001,8.4785096670000257],[124.67724123300002,8.478514591000021],[124.67721884000002,8.4785219790000497],[124.67720391100011,8.478529366000032],[124.67606487100011,8.479278627000042],[124.67493533400011,8.4800600220000319],[124.67422347500008,8.4805146890000742],[124.67378557400002,8.4807461260000423],[124.67377811100005,8.480755972000054],[124.67371839700002,8.4807904400000211],[124.67369600400002,8.4807978280000498],[124.67368107100003,8.4807855260000338],[124.67240762400002,8.4814285520000681]]]},"properties":{"brgy_name":"Gusa","city_name":"Cagayan de Oro City","prov_name":"Misamis Oriental"}},{"type":"Feature","geometry":{"type":"Polygon","coordinates":[[[124.67319143900011,8.4608686000000262],[124.66908425400004,8.4603454460000762],[124.66279528600012,8.4605963180000572],[124.6621470770001,8.4605637180000599],[124.6614382250001,8.4605256070000223],[124.66059979900001,8.4604951190000293],[124.65999357100009,8.4604827550000437],[124.65939587100002,8.4612056480000319],[124.65936356300006,8.4613954580000268],[124.65864003900003,8.4613780660000657],[124.65613015200006,8.4614273250000451],[124.65601236000009,8.4570153660000642],[124.65560204900009,8.4426328410000337],[124.65514799100004,8.4433473840000488],[124.6549376910001,8.4436915120000435],[124.65471305200003,8.4441909760000726],[124.65428528200005,8.4445351040000673],[124.65386468100007,8.4448242670000582],[124.6536257030001,8.4449246370000424],[124.65348709600005,8.4449246370000424],[124.65328874500005,8.4448816210000359],[124.65308083400009,8.4449222480000685],[124.65271280800005,8.4452353080000648],[124.65189789400006,8.4459498520000693],[124.65159200300002,8.4461816600000361],[124.65106625200008,8.4464827720000244],[124.6504922360001,8.4467601880000416],[124.65025095800002,8.4469842320000339],[124.65014180800006,8.4473518940000645],[124.65025095800002,8.447782749000055],[124.65014180800006,8.4481216870000253],[124.64992350900002,8.4483859450000409],[124.64964201700002,8.4485180740000487],[124.64921116300002,8.4485927550000497],[124.64906180000003,8.4488397780000355],[124.64909052300004,8.4494487190000314],[124.6489928630001,8.4496785080000336],[124.64882551300002,8.4497736070000542],[124.64874076900003,8.4494217520000348],[124.64863577900007,8.4488180650000686],[124.64857803500001,8.448466351000036],[124.6487145210001,8.4480831400000511],[124.64876285900004,8.4479030640000587],[124.64877226500005,8.4477314260000753],[124.64866727600008,8.4475686930000506],[124.64841005300002,8.4474217080000358],[124.64814233000004,8.4473849620000578],[124.64844521900011,8.4462033440000255],[124.64829046000011,8.4451458260000436],[124.64764563200004,8.4444322160000524],[124.64614103300005,8.442807250000044],[124.64390303700009,8.4408086520000438],[124.63924230100008,8.4375859980000314],[124.63877018200003,8.4368959780000523],[124.63652285300009,8.4350301130000389],[124.63764351100008,8.4335783520000405],[124.63891698500004,8.4329670840000404],[124.63891698500004,8.4306748300000436],[124.63647191400003,8.4280005340000343],[124.63356839300002,8.4251988910000364],[124.63197580400004,8.4241309690000321],[124.63087379500007,8.4235415220000505],[124.63022027800002,8.4226189100000397],[124.62996150900005,8.4218663600000241],[124.62954113300009,8.4207736850000288],[124.62907982600007,8.419646048000061],[124.62864414800003,8.4186978080000472],[124.62841349500002,8.4180571050000594],[124.64726302600002,8.4186214340000447],[124.66050049300009,8.4190175490000456],[124.66675131800002,8.4191610460000561],[124.66817378500002,8.4191937010000402],[124.67504296600009,8.4196672790000662],[124.67474972900004,8.4209008970000241],[124.67518732100007,8.4220334870000215],[124.67521560700004,8.4223925220000524],[124.67537927400008,8.422749614000054],[124.67589797800008,8.4236749860000373],[124.67569172900005,8.4238714770000342],[124.67573934200004,8.4242702300000474],[124.67590896000002,8.4247255220000739],[124.67605774800006,8.4250469040000553],[124.67620356100008,8.4254099470000483],[124.67640591300005,8.4255825420000292],[124.67649518600001,8.4255230270000538],[124.67656362800005,8.4253057960000319],[124.67649816200003,8.4251480800000422],[124.67662611900005,8.4246243460000301],[124.67718556300008,8.4243565270000431],[124.67766466100011,8.4244219940000562],[124.67789677100006,8.4247552790000668],[124.67830147500001,8.4256003960000498],[124.67837884500011,8.4257848940000599],[124.67826803000003,8.4261384820000558],[124.67807203500001,8.4265606260000254],[124.6772277450001,8.427631065000071],[124.67682337300005,8.4283556710000767],[124.67713728600006,8.4288974990000725],[124.6775379930001,8.4285726260000615],[124.67826299500007,8.4285520420000353],[124.67885723300003,8.4285891810000635],[124.67932767000002,8.4286077510000723],[124.6798909580001,8.428768691000073],[124.67991099000005,8.4290345840000214],[124.68039234500009,8.4297714660000338],[124.68081945300003,8.4303718930000286],[124.6812527510001,8.430836141000043],[124.68156844000009,8.4309537500000715],[124.68180984900005,8.430823761000056],[124.68213172700007,8.4306256820000272],[124.68239170600009,8.4305699720000575],[124.68256502500003,8.43071234100006],[124.68262692500002,8.4310094600000411],[124.6826269930001,8.4313884040000744],[124.68257740500007,8.4318327260000387],[124.6825216950001,8.4325631430000385],[124.68226129300001,8.4328209040000388],[124.68155043900003,8.4333322190000217],[124.68080217200009,8.4342675530000406],[124.68070240400004,8.4349160500000266],[124.68151302600006,8.4349409930000547],[124.68263542600005,8.4352527700000337],[124.68352087500011,8.4357391440000242],[124.68368701000009,8.436767011000029],[124.68303450200005,8.4374851000000604],[124.68276013700006,8.4384453750000716],[124.68288484800007,8.4392559980000215],[124.68332133700005,8.4397174290000407],[124.6833961640001,8.4407400600000528],[124.68303450200005,8.4414633840000306],[124.6832589820001,8.4422490650000555],[124.68364903000008,8.4422556140000324],[124.68422103100011,8.4428535690000217],[124.6857550310001,8.4437374990000649],[124.68622710600005,8.4448305850000338],[124.68613980900011,8.4455289670000298],[124.68592780000006,8.4466638380000632],[124.68517953300011,8.4475243450000335],[124.68355828800009,8.4484347360000243],[124.68350840400001,8.449395012000025],[124.68352087500011,8.4504924700000288],[124.68361041700007,8.4515033820000554],[124.68358511400004,8.4522456030000512],[124.68337003900001,8.4529119160000619],[124.68308438600002,8.4537848440000403],[124.68308438600002,8.4544707550000453],[124.68324905800011,8.4549836370000548],[124.68336556800011,8.4550207090000526],[124.68349267000008,8.454999525000062],[124.68365154700007,8.4549677500000371],[124.6837733540001,8.4549147900000321],[124.68384749600011,8.4548088720000578],[124.68395341500002,8.4547188410000444],[124.68415995500004,8.4546446990000277],[124.68434531200012,8.4545864440000287],[124.68452537400003,8.4545228930000462],[124.68470543500007,8.4545123010000225],[124.68494375100011,8.4545228930000462],[124.68509203700012,8.4545811480000452],[124.68525091400011,8.4546817700000361],[124.68536212800007,8.4547929840000506],[124.68549982200011,8.4549359740000227],[124.68562162800004,8.4550630760000445],[124.68566466200002,8.4551350510000702],[124.68569577100004,8.4552166580000403],[124.68574873000011,8.4553172800000311],[124.6857910980001,8.4554126060000385],[124.68580168900007,8.4555079330000353],[124.6857910980001,8.4555714840000746],[124.68575932200008,8.4556350350000571],[124.68566399600002,8.4557250660000705],[124.68555278100007,8.4557780250000292],[124.68531446500003,8.4557568410000385],[124.6851767710001,8.4557303610000645],[124.68506348300002,8.4557431510000356],[124.68497051600002,8.4559135920000585],[124.68497051600002,8.4560646650000422],[124.68502862100001,8.4562544740000476],[124.68514483000001,8.4564675250000505],[124.68526104000011,8.4569207420000225],[124.68538112300007,8.4573468440000283],[124.6855167010001,8.4576838520000592],[124.68562129000009,8.4578426720000266],[124.68576461500004,8.4580905860000257],[124.68595055000003,8.4583501210000236],[124.68021860700003,8.4575361490000205],[124.67675008600008,8.4569919650000429],[124.67603880800004,8.4570852490000448],[124.67319143900011,8.4608686000000262]]]},"properties":{"brgy_name":"Indahag","city_name":"Cagayan de Oro City","prov_name":"Misamis Oriental"}},{"type":"Feature","geometry":{"type":"Polygon","coordinates":[[[124.59404831600011,8.5037958980000212],[124.59382384500009,8.5039336400000707],[124.59352262700008,8.5041520090000517],[124.59329369800002,8.5043809380000539],[124.59302237500003,8.5046183460000293],[124.59149841300007,8.502967007000052],[124.5905249330001,8.4997678290000636],[124.58975587400005,8.4981589730000451],[124.58919369000012,8.4972694290000277],[124.58840739000004,8.495584506000057],[124.58651293000003,8.4927806520000217],[124.5866273260001,8.4869235910000498],[124.58719930400002,8.4857109970000693],[124.5883872930001,8.4859238110000206],[124.59102874000007,8.4810806090000597],[124.59154664500011,8.4802455470000382],[124.59456750800007,8.4778002770000285],[124.59516952800004,8.4780025410000235],[124.59577791800007,8.4781713430000423],[124.59596782000006,8.4784561970000709],[124.59601705400007,8.4789837020000505],[124.59598540400009,8.4797433110000497],[124.59617530600008,8.4801231150000262],[124.59644257500008,8.4803200510000352],[124.59687513000006,8.4804220350000605],[124.59721976700007,8.4803376340000227],[124.59743077000007,8.4801231150000262],[124.59765583900003,8.479848812000057],[124.59776485700002,8.4794584580000674],[124.59780002400009,8.4791067870000347],[124.59770155600006,8.4786636820000467],[124.59753978800006,8.4782627780000439],[124.59742373600011,8.4780341920000524],[124.59744132000003,8.4776157040000726],[124.59775782300005,8.4772253490000367],[124.59821499500003,8.4770213800000533],[124.59867920000011,8.4769897300000707],[124.59897812000008,8.4771761150000771],[124.59906955500003,8.4774398680000331],[124.59922780700003,8.4779286910000451],[124.59931572400001,8.4784034460000726],[124.59949507600004,8.4788113840000392],[124.59956541000008,8.4792017380000289],[124.59922780700003,8.47965539300003],[124.59883041900002,8.4797538610000629],[124.59846819800009,8.4798699120000265],[124.5981974120001,8.4800176140000758],[124.59791607500006,8.4803200510000352],[124.59780705700007,8.4806893050000554],[124.59772969000005,8.4811148260000664],[124.59763825500011,8.4817232170000239],[124.59765232200004,8.4822085220000645],[124.59789145800005,8.4825707430000534],[124.59822681800006,8.4828583420000427],[124.59867139700009,8.4831115720000412],[124.59901100800005,8.483154250000041],[124.59916008300002,8.4830681330000743],[124.59959447100005,8.482731483000066],[124.59974344200009,8.4825859830000354],[124.60019689600006,8.4821848510000564],[124.60067941700004,8.4819348700000319],[124.60099356400008,8.4819559400000344],[124.60156307000011,8.4821557830000529],[124.60194094800011,8.482359256000052],[124.60216767500003,8.4822894940000424],[124.60237696200011,8.4819930050000494],[124.60228975900009,8.4813593320000678],[124.60191769400001,8.4807024060000344],[124.60105148200012,8.4804059170000414],[124.6004236230001,8.4802140710000344],[124.6007491790001,8.4797431770000458],[124.60166771400009,8.4792897230000221],[124.60237696200011,8.4792897230000221],[124.60303970200005,8.4794292480000308],[124.60348734200011,8.4796094660000563],[124.6038652200001,8.4799873440000511],[124.60422565700003,8.4805861360000563],[124.6043244870001,8.4811849270000721],[124.6043408270001,8.4817905800000517],[124.6042807450001,8.4821795130000623],[124.60414138700003,8.482633599000053],[124.60375497900009,8.4832740840000724],[124.60327329200004,8.4837081310000713],[124.60278631200003,8.4838563420000241],[124.60259046100009,8.4841792310000415],[124.60248988900003,8.4846291590000646],[124.6022781580001,8.4850526200000331],[124.6021564130001,8.4852961100000357],[124.6021564130001,8.4856507580000766],[124.60233109100011,8.4859365940000657],[124.60272279200001,8.4861059790000581],[124.60310920100005,8.4862330170000746],[124.60342150300005,8.4861959640000464],[124.6039296560001,8.4861853780000729],[124.60434782400011,8.4860742190000451],[124.60466542000006,8.4856613450000395],[124.60492478900005,8.4856719310000699],[124.60520533200008,8.485820143000069],[124.60536413000011,8.4861377380000249],[124.60537041900011,8.4864148850000447],[124.60508338900001,8.4871194130000731],[124.60486190100005,8.4876209110000218],[124.60443251600009,8.4881968170000732],[124.60410433400011,8.4886467440000501],[124.60385555000005,8.4889961000000653],[124.60383967100006,8.4894354400000225],[124.60394024300001,8.4898694880000676],[124.60409374700009,8.4902717760000428],[124.60430547800001,8.4906528910000247],[124.6045119150001,8.4912245630000598],[124.60465483300004,8.4916744900000367],[124.60484539000004,8.4920344320000254],[124.60512064000011,8.4923255610000297],[124.60567113900004,8.4924049600000444],[124.60623151000004,8.4920772090000582],[124.60652335400005,8.4918650480000224],[124.60688329600009,8.4917062500000497],[124.60747084800005,8.4916215580000767],[124.60798429500005,8.4913198420000526],[124.60841834200005,8.4911345770000253],[124.60871476500006,8.4910816450000652],[124.60896354800002,8.4912033900000665],[124.60923879800009,8.4914362930000493],[124.60934466300012,8.491896807000046],[124.60917527900006,8.4924155470000642],[124.60874652400003,8.4926855030000752],[124.60821719800003,8.4928390080000327],[124.60755024700006,8.4929978060000622],[124.60710561300004,8.4932730550000315],[124.60675625800002,8.4935059590000606],[124.60642807600004,8.4937071030000766],[124.60584052400009,8.4937970880000648],[124.6052847310001,8.4938023810000232],[124.60503594800002,8.4939082470000358],[124.60496713500004,8.4942258420000485],[124.6051418830001,8.4945060240000316],[124.6052438910001,8.4945806690000722],[124.60563408600001,8.4948769140000309],[124.60624810500008,8.495152163000057],[124.60674037800004,8.4953586000000314],[124.60717442600003,8.4954697590000592],[124.60758730000009,8.4955438650000588],[124.60799488100008,8.495633850000047],[124.60832306400005,8.4958191140000281],[124.60859302000006,8.496115537000037],[124.60867894300009,8.4963865970000256],[124.60875181800009,8.4966289830000505],[124.60871476500006,8.4970842040000321],[124.60862842800009,8.4972832470000412],[124.60822430400003,8.4977505150000638],[124.60765423900011,8.4981391260000692],[124.60738987900004,8.4982665280000447],[124.6072550450001,8.4982909470000436],[124.6068776840001,8.4984023630000252],[124.60642901400001,8.4984851950000575],[124.60604937000005,8.4986508580000759],[124.60583538900005,8.4990650140000525],[124.60586990200011,8.4994515610000576],[124.60603556500007,8.4998864250000565],[124.60633237700006,8.5003696080000282],[124.60652565000009,8.5006871290000277],[124.60656706600003,8.5011565060000294],[124.60626335100005,8.5014119030000757],[124.60553435500003,8.5014760320000278],[124.60505445800004,8.501008764000062],[124.60491734100003,8.5006388100000549],[124.60466194500009,8.5001763350000488],[124.6040821250001,8.4998104970000554],[124.60364035800001,8.4996241260000716],[124.60324690900006,8.4994308530000353],[124.60273611500008,8.4992789950000542],[124.60231505600007,8.4992513850000364],[124.60189399700005,8.4994239500000504],[124.6015074500001,8.4997897890000331],[124.60151634100009,8.5001571690000333],[124.6015606520001,8.5005559630000675],[124.6017214310001,8.5009701360000349],[124.60212868500003,8.5012462400000572],[124.60269470000003,8.5014533190000634],[124.60327451900002,8.5015913710000746],[124.60381292300008,8.5017501310000512],[124.60426849600003,8.501846768000064],[124.60462052900004,8.5022126060000573],[124.60466194500009,8.502695789000029],[124.60458853000011,8.5032145880000485],[124.60455360900005,8.5036008840000363],[124.60431620200006,8.5035754480000492],[124.60346831700008,8.5035160960000553],[124.60184615000003,8.5033996250000428],[124.60126952700011,8.5033684570000219],[124.60050072000001,8.503346519000047],[124.60008525600006,8.5033380400000738],[124.59936062800011,8.503292798000075],[124.5984065130001,8.5032626220000225],[124.59768574200007,8.5032447720000732],[124.59721397400006,8.5032289260000766],[124.59682937800005,8.5032023780000259],[124.59615107000002,8.5031938990000526],[124.59576952200007,8.5032193360000292],[124.59573003000003,8.5032269340000539],[124.59532862200001,8.5033041240000671],[124.59516309300011,8.5033565240000257],[124.59488772200007,8.5034482650000314],[124.59450617300001,8.503583926000033],[124.59404831600011,8.5037958980000212]]]},"properties":{"brgy_name":"Iponan","city_name":"Cagayan de Oro City","prov_name":"Misamis Oriental"}},{"type":"Feature","geometry":{"type":"Polygon","coordinates":[[[124.64302840200003,8.5063090820000298],[124.64147778200004,8.5066098220000299],[124.64075712800002,8.5068051540000624],[124.63994536300004,8.5070238460000382],[124.63948753000011,8.5071163750000665],[124.63951282700009,8.5072503900000243],[124.63925818200005,8.5073371800000359],[124.63906946700001,8.5066672410000592],[124.63889018700002,8.5063275530000624],[124.63877695800011,8.5061765800000444],[124.63877253600003,8.5061711420000279],[124.6383690670001,8.5056771080000431],[124.63769241300008,8.5064605440000491],[124.63713543100005,8.5070824080000307],[124.6368796590001,8.5073919140000385],[124.63672060700003,8.5075552650000645],[124.63612523800009,8.5071060510000507],[124.63574983300009,8.5068122570000355],[124.63552342100002,8.5066117010000539],[124.63531063500011,8.5063817210000252],[124.63509570100007,8.5061452930000314],[124.6347604020001,8.5058336380000696],[124.6346615330001,8.5057476640000687],[124.63446809100003,8.5055542230000469],[124.6342093940001,8.5053454710000551],[124.63395439700002,8.5051888340000232],[124.63366183300002,8.5050573300000565],[124.63300602600009,8.5057813360000409],[124.63226695000003,8.5064256590000582],[124.6321090240001,8.5065525490000482],[124.63203006700007,8.5067572960000462],[124.63198269000009,8.5072500130000321],[124.63130376700008,8.5072728700000653],[124.63035750500001,8.5074444230000381],[124.62818308100009,8.5075911260000225],[124.62718817000007,8.5076858790000642],[124.62631643900011,8.5077237800000489],[124.62560578900002,8.5077806320000491],[124.62437399500004,8.5077522060000206],[124.6244862530001,8.506607142000064],[124.62451871900009,8.5054189100000599],[124.62450776100002,8.504542921000052],[124.62541111700011,8.5042788630000246],[124.62604895300001,8.503896285000053],[124.62670465400004,8.5032294700000648],[124.62737146800009,8.5021959070000435],[124.62792360300011,8.5010910770000692],[124.62777987000004,8.5010784930000227],[124.62728265600003,8.5006809260000296],[124.62643863800008,8.5000401860000352],[124.6265660570001,8.4984043880000399],[124.62746438300007,8.4975727950000532],[124.62787931800005,8.4970184980000454],[124.62829081700011,8.4967424300000403],[124.62865022800008,8.4968570240000645],[124.62871132400005,8.4963602700000251],[124.62885377500004,8.4959939660000714],[124.62952533300006,8.494968315000051],[124.62986314600005,8.4945898010000747],[124.62969118700005,8.4944103320000295],[124.62957824300008,8.4942926870000406],[124.63002085400001,8.4937181660000647],[124.63065563400005,8.4930024780000508],[124.63203655000007,8.4916064580000352],[124.63089990900005,8.4904601510000361],[124.63126375200011,8.4903395000000614],[124.63190059600004,8.4897258140000531],[124.63301217800006,8.488915286000065],[124.63353635300007,8.4886327450000749],[124.63310504800006,8.4883478990000754],[124.63313451100009,8.4868547330000297],[124.63373183200008,8.4865752910000651],[124.63412246900009,8.4863911530000564],[124.63485649000006,8.4860189540000306],[124.63554261400009,8.485754585000052],[124.63585983900009,8.48563929900007],[124.63625499600005,8.4854966660000741],[124.63653471800001,8.4854184120000582],[124.63680479100003,8.4853205090000756],[124.63732862200004,8.4851537010000584],[124.63778108600002,8.4850030420000735],[124.63846986400006,8.4848040910000577],[124.64016395800002,8.4842999970000506],[124.64041315000009,8.4853254620000484],[124.64070492100007,8.486545402000047],[124.64122671900009,8.4885038530000543],[124.64123858400001,8.4885251290000383],[124.64172563800003,8.4892842380000388],[124.64217891800001,8.4900774780000461],[124.64239684100005,8.4906876620000276],[124.64271936700004,8.4913239970000518],[124.64339056900008,8.4920475010000587],[124.64443428800007,8.4927920990000416],[124.64531700800001,8.4931196820000423],[124.64597077700012,8.4934945090000724],[124.64676401600002,8.493965223000032],[124.64850740000008,8.4948630650000609],[124.64968418400008,8.4955168340000569],[124.65119201100003,8.4967099490000351],[124.65197779300001,8.4976396750000731],[124.65328318500008,8.4990824770000586],[124.65453704900006,8.5007829220000417],[124.65492231000007,8.5013959760000262],[124.65408724700001,8.5017002870000624],[124.65412971800004,8.501763272000062],[124.65416982200009,8.5017772640000544],[124.65417925800011,8.5017819280000708],[124.65418869600012,8.5017935920000696],[124.65419813500012,8.5018122540000718],[124.65420757700008,8.5018519140000421],[124.65422409400003,8.5018822410000325],[124.65423117100011,8.5018845730000407],[124.65424768600008,8.5018985680000583],[124.65426420000006,8.5019078970000237],[124.65427363600008,8.5019125620000295],[124.65428307200011,8.5019148940000377],[124.65430666200007,8.5019195560000753],[124.65431845700004,8.5019195540000396],[124.65435384000011,8.5019125500000428],[124.65438922300007,8.5019125440000494],[124.65440102000002,8.5019218740000611],[124.65441517600004,8.5019382030000656],[124.6544269740001,8.5019591980000655],[124.65446708400009,8.5020151840000722],[124.65449068000009,8.502052509000066],[124.6544953990001,8.5020641730000648],[124.65450247800004,8.5020758370000635],[124.65451899300001,8.5020898330000705],[124.65453550600012,8.502092163000043],[124.65454729900011,8.5020851620000713],[124.65455673100007,8.5020618310000486],[124.65456852400007,8.5020501640000248],[124.65458031900005,8.5020501620000459],[124.6545944720001,8.5020524930000647],[124.65460626800007,8.5020594900000219],[124.65462278300004,8.5020734850000395],[124.65462986200009,8.5020851490000382],[124.65462986500006,8.5021084800000608],[124.65462750800009,8.502120145000049],[124.65460863900012,8.5021364790000575],[124.65460392400007,8.5021481450000351],[124.65461808400005,8.5021924700000682],[124.65462044600008,8.5022111340000492],[124.65462516700006,8.5022274640000433],[124.65465245300004,8.5022635020000621],[124.65467840500003,8.5022868280000239],[124.6546996400001,8.5023148210000272],[124.6547137980001,8.5023381490000247],[124.65473975000009,8.502363808000041],[124.65475154700005,8.5023778040000479],[124.65478457600011,8.5024034620000748],[124.65482468500011,8.5024524490000317],[124.65484120200006,8.5024781090000374],[124.65486007700008,8.5024991030000479],[124.65487187300005,8.5025084330000595],[124.65487187300005,8.5025107660000572],[124.65488367000012,8.5025224300000559],[124.65490726200005,8.5025387570000248],[124.65491669800008,8.5025434220000307],[124.65495208700008,8.5025737450000634],[124.65497332100006,8.5025947390000738],[124.65497804000006,8.5026040700000749],[124.65498747700008,8.502613401000076],[124.65499691600007,8.5026297300000238],[124.65500635300009,8.5026413940000225],[124.65501579200009,8.5026577230000271],[124.65502051100009,8.5026693880000721],[124.65502523000009,8.5026740530000211],[124.65502995000008,8.5026880500000743],[124.65504646700003,8.5027183770000647],[124.65504882800008,8.5027277080000658],[124.65504883000006,8.502739373000054],[124.65504883500012,8.5027720350000209],[124.65504647800003,8.5027813680000577],[124.65504648100011,8.5028000320000388],[124.65505827800007,8.5028163610000433],[124.65506771500009,8.5028256920000445],[124.65509366600008,8.5028420190000702],[124.65510074300005,8.5028420180000239],[124.65511017800009,8.5028350170000522],[124.65511725400006,8.5028326830000651],[124.65512433000004,8.5028280160000236],[124.65515027700008,8.502821013000073],[124.65517150800008,8.5028210090000584],[124.65518094400011,8.5028233410000666],[124.65519509800004,8.5028303380000239],[124.65522105000002,8.5028489980000472],[124.65526115900002,8.5028956520000634],[124.65529890800008,8.5029283080000368],[124.65531542200006,8.5029376380000485],[124.65532721700004,8.5029399690000673],[124.65534609000008,8.5029492980000327],[124.65536496400011,8.5029656260000479],[124.65539327500005,8.5029866190000689],[124.65542158500011,8.5030006130000402],[124.65546405000009,8.503028602000029],[124.65547112900003,8.5030379330000301],[124.65547820800009,8.5030519300000265],[124.65547820900008,8.5030612620000738],[124.65548057000001,8.5030705940000644],[124.65548528900001,8.5030752590000702],[124.65552365400004,8.5031399190000343],[124.65552573000002,8.5031426560000227],[124.64917779400002,8.5060894890000327],[124.64896898900008,8.5060920330000727],[124.64775057000008,8.5062054600000465],[124.64766202800001,8.5062268600000266],[124.64740314400001,8.5060363610000422],[124.64703191500007,8.5057432850000509],[124.64687723600002,8.5055381320000265],[124.6466264930001,8.5051587610000752],[124.64645878900001,8.504898249000064],[124.64628619900009,8.5045888920000721],[124.64622921200009,8.5044749180000281],[124.64619502000005,8.5043690850000644],[124.6461605290001,8.5043982350000533],[124.64568328300004,8.5045662660000403],[124.64492954700006,8.5047565290000762],[124.6450333030001,8.5057781190000696],[124.64485911700001,8.5058331250000379],[124.64459089200011,8.5058333410000273],[124.64368802000001,8.5060102310000616],[124.64301363000004,8.5060876200000735],[124.64302840200003,8.5063090820000298]]]},"properties":{"brgy_name":"Kauswagan","city_name":"Cagayan de Oro City","prov_name":"Misamis Oriental"}},{"type":"Feature","geometry":{"type":"Polygon","coordinates":[[[124.66319077700007,8.4905482910000387],[124.66321121300007,8.490570430000048],[124.66320715600011,8.4906028810000294],[124.66319362700006,8.4906852590000312],[124.66308139600005,8.4905786400000238],[124.66304211600004,8.4905898630000252],[124.66301967000004,8.4906179210000232],[124.66300844600005,8.4906628130000286],[124.66301405800004,8.490702094000028],[124.66301967000004,8.490870439000048],[124.66298038900004,8.4908255470000427],[124.66291866200004,8.4907638200000406],[124.66286815800004,8.4907301510000366],[124.66285039900004,8.4907171280000284],[124.66267515000004,8.4907512030000589],[124.66270542400002,8.49080310100004],[124.66277276200003,8.49080310100004],[124.66281765400004,8.490831159000038],[124.66284571200003,8.4909153320000428],[124.66286815800004,8.4909826700000508],[124.66290182700004,8.4909938930000521],[124.66289060400004,8.4910612320000496],[124.66275031600003,8.4910163390000548],[124.66268297800002,8.4910163390000548],[124.66259880500002,8.4910387850000575],[124.66254830100002,8.4910500080000588],[124.66254830100002,8.4909882820000462],[124.66252024300002,8.4909602240000481],[124.66241923600012,8.4910443970000529],[124.66236873200012,8.4911454050000543],[124.66236799500007,8.4912099610000382],[124.66225208900005,8.491176155000062],[124.66220379400011,8.4911447640000688],[124.66214342600006,8.4910892250000529],[124.66209030300001,8.4910336870000265],[124.66205891100003,8.4909950520000734],[124.66204442300011,8.4909057070000244],[124.66193334600007,8.4909032920000413],[124.66181019600003,8.4909057070000244],[124.66170877700006,8.4908308510000552],[124.66164605200004,8.4908261620000758],[124.66160301700006,8.4908504860000562],[124.66158524200011,8.4909084890000486],[124.66154782000001,8.490932813000029],[124.66149355900006,8.4908860360000631],[124.66140094100001,8.4908598410000309],[124.66136258300003,8.490894456000035],[124.66131300000006,8.490932813000029],[124.6612065170001,8.4910336870000265],[124.66115422900009,8.4911102770000753],[124.66104696900004,8.4911868920000302],[124.66100815100003,8.4911725900000761],[124.66094685900009,8.4911644180000394],[124.66088658900003,8.4911072120000313],[124.66085696400012,8.4911082340000235],[124.66082734000008,8.4910867820000249],[124.66066083100009,8.4911266220000243],[124.66059318700002,8.4911473560000559],[124.66063360200008,8.4912721340000417],[124.66050968100001,8.4913272350000284],[124.66039969800011,8.4913474950000705],[124.66026655900009,8.4913909100000637],[124.66011026700005,8.491506682000022],[124.66004659200007,8.4916398210000352],[124.66000028300004,8.4918337390000715],[124.65991634800002,8.4918597880000561],[124.65991345300006,8.4920189750000645],[124.65974086900007,8.4921961930000407],[124.65896429800011,8.4922586380000666],[124.65887201200007,8.4918214910000529],[124.65855872300006,8.4918020620000334],[124.65813466400004,8.4917920370000388],[124.65807543200003,8.4917923480000468],[124.65796857400005,8.4918287770000234],[124.65784228700011,8.4919113490000768],[124.65743428300004,8.4920983510000383],[124.65701678200003,8.4919737060000671],[124.65690686100004,8.4919301310000606],[124.65614620700001,8.4912551360000634],[124.65563368200003,8.4907957870000246],[124.65611613200008,8.4905099300000302],[124.65550722100011,8.4889109840000287],[124.65546038200011,8.4887914350000528],[124.65529324500005,8.4883595820000437],[124.65508769500002,8.4877471610000725],[124.65506822500004,8.4876944430000663],[124.65496000200005,8.4874760210000204],[124.65486727600012,8.4872525740000242],[124.65475007600003,8.4869788230000722],[124.65460516900009,8.4866538580000679],[124.65480565000007,8.4863014570000246],[124.65505042300003,8.485785207000049],[124.65537085500011,8.4851621460000501],[124.65543160100003,8.484881615000063],[124.6563803250001,8.4846488900000736],[124.65674499200009,8.4840767240000332],[124.65710459200011,8.4835081680000712],[124.65737672100011,8.4831048330000272],[124.65757390100009,8.4827472710000507],[124.65771214900008,8.4827489130000231],[124.65818025900012,8.4826523660000248],[124.6582416980001,8.4821286670000404],[124.65833532000011,8.4815406040000312],[124.6583909090001,8.4811631900000748],[124.65849330800006,8.4804171390000533],[124.65839968600005,8.4803088890000708],[124.65811004200009,8.4801245700000436],[124.65766826300012,8.4798788120000381],[124.65693099000009,8.4794750670000667],[124.65681688800009,8.4792995260000339],[124.65661501500006,8.4788723750000372],[124.65643069700002,8.4784481500000766],[124.65641314300001,8.4783164940000688],[124.65641021700003,8.478149730000041],[124.65643016200011,8.4781098920000204],[124.65644825100003,8.4780239250000591],[124.65638973700004,8.4778834920000463],[124.65633707500001,8.4777927960000738],[124.65632537200008,8.4777547620000746],[124.6562844120001,8.4775967750000518],[124.65634000000011,8.4773978280000506],[124.65630781800007,8.4772690970000326],[124.65624345300012,8.4771871780000652],[124.65624052700002,8.4769501970000647],[124.65629318900005,8.4765435260000572],[124.65630157300006,8.4764276920000725],[124.65688177200002,8.4764154790000248],[124.65751407200003,8.4764009450000231],[124.65805252900009,8.4763255210000352],[124.65855398200006,8.4762565710000217],[124.65902078000011,8.476329622000037],[124.66025110900011,8.4762048060000552],[124.66091085100004,8.4763474530000735],[124.66149965500006,8.4761219240000401],[124.66191440400007,8.4759509310000567],[124.66242374500007,8.4758199570000556],[124.66293308700006,8.4757071740000356],[124.66345174900005,8.4756431340000518],[124.66404119300012,8.4755562480000322],[124.66442115500001,8.4755271790000393],[124.66486227900009,8.4755161550000366],[124.66529928700004,8.4755158610000763],[124.66565231700008,8.4755199270000503],[124.66603833800002,8.4755380840000498],[124.66636329500011,8.4755227070000387],[124.6668931050001,8.4754469940000376],[124.66848005100007,8.4749923070000364],[124.66893794400005,8.4750394280000592],[124.66981507500009,8.4752863910000542],[124.67045850200009,8.4754218490000426],[124.67079010500004,8.4754881910000677],[124.67101726700002,8.4755319090000398],[124.67151676900005,8.475565773000028],[124.67159426800004,8.4757069500000739],[124.67182164200005,8.4761207700000227],[124.67172614500009,8.4764345460000641],[124.6714767420001,8.4768258350000565],[124.67108987200004,8.4778259050000315],[124.67101673900004,8.4780125180000709],[124.67137479400003,8.4780366780000236],[124.6715930790001,8.4791330770000286],[124.67178935300001,8.4801360960000238],[124.67169192600011,8.4801833770000599],[124.6718327960001,8.4805537530000379],[124.67198822700004,8.4808780140000408],[124.67204868100009,8.4809926590000373],[124.67208337500006,8.4810750580000445],[124.67240762400002,8.4814285520000681],[124.67209024400006,8.4815888130000303],[124.67170741300004,8.4817805010000598],[124.67137140200009,8.4819258130000321],[124.67113109700006,8.4820227000000727],[124.67077469900005,8.4821498930000416],[124.67027150800004,8.4823263860000679],[124.67025906700007,8.4823263890000362],[124.67025160300011,8.4823337740000397],[124.66859655500002,8.4829043540000271],[124.66744140200001,8.4832897340000386],[124.66658692400006,8.4836073550000606],[124.66655463600011,8.4839248490000614],[124.66652727200005,8.483969155000068],[124.66651980800009,8.4839765400000715],[124.66649244300004,8.484013462000064],[124.66647005200002,8.4840356170000746],[124.66644019500006,8.4840577730000746],[124.66640785000004,8.4840774680000663],[124.66640038600008,8.484079930000064],[124.66628220300004,8.4841480950000232],[124.66626976200007,8.4841530200000648],[124.66625981000004,8.4841604050000683],[124.66624985700003,8.4841628680000554],[124.66622995200009,8.484172716000046],[124.66621751000002,8.4841727190000711],[124.66621502200007,8.4841751800000225],[124.66615281500003,8.4841924200000562],[124.66613539900004,8.4842022680000468],[124.66611300500006,8.4842096550000292],[124.66607070500004,8.4842268910000485],[124.66604582400009,8.4842392010000367],[124.66602094100006,8.4842465890000653],[124.66601098900003,8.4842515130000606],[124.66598859500004,8.4842589010000324],[124.66597615400008,8.484263826000074],[124.66596869000011,8.484268749000023],[124.66594380800007,8.4842785980000599],[124.66593136600011,8.4842810620000364],[124.66590648500005,8.4842933720000246],[124.66589404300009,8.4842933740000603],[124.66588657800003,8.4842958370000474],[124.66587662600011,8.4843007610000427],[124.6658666730001,8.4843081460000462],[124.66532436500006,8.4851531780000755],[124.66496777900011,8.4857269850000421],[124.66466679300004,8.4863132880000762],[124.66438074300004,8.4869336270000417],[124.66403847100003,8.4876454320000221],[124.66389669700004,8.4880010400000288],[124.66383952100011,8.4883160770000359],[124.66382709000004,8.4883762230000457],[124.66382804700004,8.4884264660000213],[124.66382400700002,8.4884728090000294],[124.6638464560001,8.4885292080000454],[124.66384648900009,8.4885735340000679],[124.66387096500011,8.4886158280000359],[124.66385671700004,8.4886319560000629],[124.66384857700007,8.4886440510000511],[124.66384043300002,8.4886501010000757],[124.66382822500009,8.4886702580000701],[124.6638160120001,8.4886843700000441],[124.6638017570001,8.4886904250000725],[124.6637895340001,8.4886904340000342],[124.66378138400012,8.4886884250000207],[124.66375692800011,8.4886743380000667],[124.6637385790001,8.4886542030000669],[124.66372430300009,8.4886320500000352],[124.66371818100004,8.4886179510000375],[124.66371613400008,8.4886038490000715],[124.66371611900001,8.4885837010000387],[124.66371406000007,8.4885534800000642],[124.66371201600009,8.4885434070000656],[124.66368549200001,8.4884870120000642],[124.66366536100008,8.4884722360000637],[124.66362554600005,8.488472244000036],[124.66360812900007,8.4884820910000371],[124.66360066600009,8.4884919370000489],[124.66357578600002,8.4885165530000677],[124.66357081400008,8.4885411660000614],[124.66357081500007,8.4885485490000292],[124.66357330500011,8.4885559320000539],[124.66358077200005,8.4885657750000405],[124.66361561300005,8.4885854580000455],[124.66361810400008,8.4885953020000215],[124.66361811000002,8.4886322200000563],[124.66361562500003,8.4886494480000465],[124.66361811500008,8.4886568310000712],[124.66363553400004,8.4886568280000461],[124.66364300000009,8.4886642100000245],[124.66364549100001,8.4886765150000656],[124.6636454930001,8.4886888210000393],[124.66364051800008,8.4886962060000428],[124.66363056500006,8.4887035910000463],[124.66362061200005,8.4887060540000334],[124.66361314800008,8.4887109770000393],[124.66361066200011,8.4887232840000593],[124.66361066600007,8.4887454340000659],[124.66361315600011,8.4887552780000419],[124.6636181340001,8.488760199000069],[124.66362311300009,8.4887749660000509],[124.66363307500001,8.4888192640000284],[124.6636380540001,8.4888315690000695],[124.66364054500002,8.4888463360000515],[124.66364055500003,8.4889029420000384],[124.66363806900006,8.4889177100000666],[124.66363309400003,8.488927555000032],[124.66363060800006,8.4889398610000626],[124.66362314500009,8.4889497070000743],[124.6636156830001,8.4889718590000598],[124.66361568900004,8.4890063150000401],[124.66361817900008,8.4890136980000648],[124.66361818200005,8.4890284650000467],[124.66362067300008,8.4890407710000204],[124.66364556500002,8.4890875280000273],[124.66366049900012,8.4891047530000492],[124.66369285100006,8.4891195150000271],[124.66370529500011,8.4891318180000326],[124.66370778700002,8.4891465850000714],[124.66370778900011,8.4891588900000556],[124.66374528600011,8.4891891340000711],[124.66375524900002,8.489238356000044],[124.66375525400008,8.4892678890000752],[124.66374779000012,8.4892752740000219],[124.66373534900004,8.4892826600000717],[124.66370549100009,8.4892949710000494],[124.66369553800007,8.4892974340000364],[124.66367314200011,8.489297438000051],[124.66366318700011,8.489292517000024],[124.66365074200007,8.4892728300000613],[124.6636457620001,8.4892580640000688],[124.66363580800009,8.4892531440000312],[124.66361092300008,8.4892482260000293],[124.6635910120001,8.489228540000056],[124.66359100800003,8.4892063900000494],[124.66360593600007,8.4891916210000318],[124.66360842200004,8.4891817750000769],[124.66360842000006,8.489171931000044],[124.66360344200007,8.4891620870000679],[124.66358850800009,8.4891424010000378],[124.66358104200003,8.4891399410000759],[124.66355615800001,8.4891399450000335],[124.66353874100002,8.4891522540000324],[124.66353127800005,8.4891621000000441],[124.66352132600002,8.4891694850000476],[124.66351386100007,8.4891719480000347],[124.66350141900011,8.4891719500000704],[124.66347156100005,8.4891891830000645],[124.66346160700004,8.4891891850000434],[124.66345165300004,8.4891867260000708],[124.6634441870001,8.4891793440000356],[124.66343920700001,8.4891621170000349],[124.66343174100007,8.4891571960000647],[124.66341929900011,8.4891596590000518],[124.66340934600009,8.4891645830000471],[124.66339939500006,8.4891744290000588],[124.66337203000012,8.4892162740000572],[124.6633496390001,8.4892458110000462],[124.66334217700012,8.4892605800000638],[124.66333471300004,8.4892704260000755],[124.66330485800006,8.4892999650000434],[124.66329739500009,8.4893122720000633],[124.66329490800001,8.4893221170000288],[124.6632899330001,8.4893319620000511],[124.66327998600002,8.4893688810000754],[124.66327999100008,8.4893934930000228],[124.66327253100008,8.4894254890000411],[124.6632650680001,8.4894353350000529],[124.66325511800005,8.4894550260000301],[124.66325512900005,8.4895190150000417],[124.66325264300008,8.489528860000064],[124.66324766800005,8.4895387060000758],[124.66323771500004,8.4895460910000224],[124.66323771700002,8.4895559360000448],[124.66325016000008,8.4895583950000741],[124.66326260200003,8.489558392000049],[124.66327504300011,8.489555929000062],[124.66328250800007,8.4895510050000667],[124.66329495000002,8.489551003000031],[124.66332730200008,8.4895657640000763],[124.66333228000008,8.4895731470000442],[124.66333228400003,8.4895952970000508],[124.66331736100005,8.489637139000024],[124.66331487500008,8.4896469840000464],[124.66331487600007,8.4896543680000605],[124.66330990200004,8.4896691360000318],[124.66330244300002,8.4897060540000666],[124.66329498200002,8.4897282060000521],[124.66329498300001,8.4897355890000767],[124.66329249700004,8.4897454340000422],[124.66328005900004,8.4897675870000739],[124.66327259500008,8.4897774330000289],[124.66326513100012,8.4897823570000241],[124.66324074600004,8.4897898910000436],[124.66322581700001,8.4897972770000365],[124.66321088900008,8.4898120460000541],[124.66319347300009,8.4898243550000529],[124.66318601000012,8.4898366620000729],[124.66318352400003,8.4898489680000466],[124.66317854900001,8.4898588140000584],[124.66317108500004,8.4898661990000619],[124.66316611000002,8.4898760440000274],[124.66316611200011,8.4898883500000579],[124.66318602100012,8.4898981910000657],[124.66318851100004,8.4899080350000418],[124.66318602500007,8.4899178800000641],[124.66316612000003,8.4899301890000629],[124.66315865600006,8.4899375740000664],[124.66315119100011,8.4899400370000535],[124.66313625900011,8.4899351170000728],[124.66312381600005,8.4899277360000269],[124.66311386200005,8.489925276000065],[124.66309146700007,8.4899302030000285],[124.66308400300011,8.4899375870000426],[124.66307902900007,8.4899498940000626],[124.66308649500002,8.489957276000041],[124.66309893900007,8.48996465700003],[124.66310391700006,8.4899720400000547],[124.66310889600004,8.4899868060000472],[124.66311138700007,8.4900015720000397],[124.6631089010001,8.4900138780000702],[124.66310392600008,8.4900237240000251],[124.66309646200011,8.4900311090000287],[124.6630865090001,8.490036033000024],[124.66307655600008,8.4900384960000679],[124.66301434600007,8.4900385070000652],[124.66298697500008,8.4900483560000453],[124.66297204600005,8.4900557420000382],[124.66297205300009,8.4900926590000267],[124.66298201000006,8.4901148080000439],[124.6629845010001,8.4901271130000282],[124.66298947900009,8.4901344960000529],[124.66299944200011,8.4901837170000363],[124.66300442000011,8.4901910990000715],[124.66302432900011,8.4902009400000225],[124.66303428300012,8.490200939000033],[124.66305169900011,8.490186169000026],[124.66305667400002,8.4901787840000225],[124.66307657900006,8.4901640140000723],[124.66309897300005,8.4901541650000354],[124.66311887600011,8.4901295500000629],[124.66313380400004,8.4901147810000452],[124.66314375600007,8.4901073960000417],[124.66315371000007,8.4901073940000629],[124.66316366400008,8.4901123140000436],[124.66316864200007,8.4901172360000601],[124.66317362100006,8.4901320020000526],[124.66317362400002,8.4901443080000263],[124.66317113700006,8.4901566140000568],[124.66316118500004,8.4901615380000521],[124.66313630100001,8.4901640030000749],[124.66311390500005,8.4901640070000326],[124.66309897700012,8.4901763160000314],[124.66309649000004,8.4901861610000537],[124.66310395700009,8.4901960040000404],[124.66310644700002,8.490203387000065],[124.6631064500001,8.490218154000047],[124.66310396400002,8.4902304600000207],[124.66308654800002,8.490247691000036],[124.66307908300007,8.490250154000023],[124.66306912900006,8.4902501550000693],[124.66306166200002,8.4902403120000258],[124.66305170500004,8.4902206250000631],[124.66304175000005,8.4902132430000279],[124.66302930800009,8.4902132450000636],[124.66300940100007,8.4902157100000295],[124.6630019370001,8.490223095000033],[124.66299945100002,8.4902329400000554],[124.66299945300011,8.4902477070000373],[124.66300194300004,8.490255090000062],[124.66301189900003,8.4902673930000674],[124.66302185400002,8.4902723140000376],[124.66302932000008,8.4902796960000728],[124.66303927700005,8.4902969220000273],[124.66304923500002,8.4903215320000527],[124.66305172500006,8.4903289150000205],[124.66305173400008,8.4903805990000478],[124.66305671500004,8.4904002870000568],[124.66308409300007,8.4904347390000225],[124.66309654100007,8.490464270000075],[124.66311645300004,8.4904938010000706],[124.66312889800008,8.4905085650000274],[124.66314134200002,8.4905159460000732],[124.66317369600006,8.4905405520000272],[124.66318365000006,8.4905454730000542],[124.66319077700007,8.4905482910000387]]]},"properties":{"brgy_name":"Lapasan","city_name":"Cagayan de Oro City","prov_name":"Misamis Oriental"}},{"type":"Feature","geometry":{"type":"Polygon","coordinates":[[[124.57420586300009,8.4463661010000237],[124.57337869300011,8.4460914730000241],[124.57250686400005,8.4467017530000703],[124.57124271200007,8.4473992170000543],[124.57041447400002,8.4470504850000339],[124.56936827900006,8.4458735160000629],[124.56869261200006,8.4449798910000595],[124.56880159100001,8.4438247180000303],[124.56899775200009,8.4424515870000505],[124.56849645000011,8.4408822950000513],[124.5684528590001,8.4396181420000289],[124.56773360000011,8.4382668070000477],[124.56677458800004,8.4370244510000703],[124.56559761900007,8.4354333630000724],[124.5643334670001,8.4348012870000275],[124.56341804600004,8.4338858670000718],[124.5627641750001,8.4327742850000504],[124.5627641750001,8.4320550260000573],[124.5634834330001,8.4319460470000536],[124.56476938100002,8.4322075960000689],[124.56612071600011,8.4324909400000365],[124.56692715800011,8.4324909400000365],[124.56821310600003,8.4323819620000222],[124.56956444100001,8.4323165740000263],[124.57085038900004,8.4325781230000416],[124.57135169000003,8.4322729830000753],[124.57132989500008,8.4318370680000498],[124.5708285930001,8.4308562610000308],[124.57043627000007,8.4291126030000214],[124.57047986100008,8.4279138380000518],[124.57071961400004,8.426954826000042],[124.57056704400009,8.4262791580000567],[124.56939007500011,8.4264753200000655],[124.56847465500005,8.4265189110000733],[124.56800515100008,8.4264445780000301],[124.56716798600007,8.4264269250000439],[124.56654720900008,8.4262672970000381],[124.56639644800009,8.4256731240000704],[124.56663589100003,8.4250966880000533],[124.56707930300001,8.4241655220000666],[124.56719459100009,8.4233851160000768],[124.5667334420001,8.4230835950000369],[124.56603285000006,8.423003781000034],[124.56526131200008,8.4229505720000475],[124.56895388900011,8.4081848130000481],[124.56930502700004,8.408226950000028],[124.56948761900003,8.4080162670000504],[124.56961402900004,8.407777493000026],[124.5700353950001,8.4068926240000224],[124.57026012300003,8.4062043930000527],[124.57016180400001,8.4059234830000378],[124.57020394100005,8.4054037980000658],[124.57030226000006,8.4049683870000536],[124.57028821400002,8.4045329750000519],[124.57055507900009,8.4042801560000271],[124.56873365800004,8.3974772120000694],[124.56902509300005,8.386649430000034],[124.56988257300009,8.3779674850000561],[124.58417457600001,8.3751884940000423],[124.58418234100009,8.3751869850000276],[124.60269154400009,8.3765148110000496],[124.60269559200003,8.3765148380000483],[124.6119493540001,8.376577156000053],[124.61098752400005,8.3783339200000455],[124.61068458700004,8.3792702150000764],[124.61075721200007,8.3799746370000321],[124.61171296700002,8.3827985400000671],[124.61289117700005,8.3860138800000641],[124.61318476800011,8.387754611000048],[124.61333249600011,8.3886485470000594],[124.61358961500002,8.3941931000000523],[124.61359583300009,8.3943271890000233],[124.61317210300001,8.3969802150000419],[124.61330911000005,8.3978929210000501],[124.61387232400011,8.398917319000077],[124.61479513400002,8.4004517160000205],[124.61531879600011,8.4010116840000251],[124.61588486100004,8.4013644010000235],[124.61640929600003,8.4014785540000503],[124.61703875400008,8.4014578330000518],[124.61873479000008,8.4012607890000481],[124.61988320800003,8.4009184130000563],[124.6215048040001,8.3999239050000369],[124.62194532100011,8.399695735000023],[124.62255002800009,8.3997683810000581],[124.62317937400007,8.4001209900000617],[124.62344178000001,8.4005566940000449],[124.62358486400001,8.4022633040000301],[124.6233708310001,8.4036439850000306],[124.62321337500009,8.4041937940000366],[124.62290577900001,8.4046518080000396],[124.6224966640001,8.4048384830000487],[124.62205608200009,8.4049007040000561],[124.62066822600002,8.4046517310000581],[124.62030118900009,8.4045791230000759],[124.62007164800002,8.4046052800000552],[124.61908418700011,8.40727851500003],[124.61905225500004,8.4077970760000653],[124.61938854900006,8.4085665610000433],[124.62090858200008,8.4107258860000229],[124.62166354100009,8.4113500930000669],[124.62210334300005,8.4119201130000647],[124.62219731200003,8.412386682000033],[124.62213395100002,8.4128638020000608],[124.62199716500004,8.4132892200000242],[124.62161666000009,8.4136808880000444],[124.6201649090001,8.4144830950000369],[124.61986916700005,8.4147535410000387],[124.61978477000002,8.4152302230000373],[124.61976304500001,8.4159041230000753],[124.61970032700003,8.4168490040000279],[124.61938441400002,8.4176967300000456],[124.61900599600006,8.4184744110000338],[124.61805673700007,8.4200267710000389],[124.61804409100012,8.4200474500000269],[124.6180004900001,8.4202932010000495],[124.61788564500011,8.4209405110000262],[124.61809879000009,8.4213119920000281],[124.61838979200002,8.42181916800007],[124.61881220000009,8.4222710460000485],[124.6189971980001,8.4224689510000417],[124.61900917300011,8.4224817610000287],[124.61990223400005,8.4230003130000455],[124.61990747300001,8.422998180000036],[124.62012027300011,8.4229115760000468],[124.62114099600001,8.4224961650000409],[124.62299913800007,8.421430254000029],[124.62409984500005,8.4204283290000603],[124.62412266700005,8.4204075550000539],[124.62506614200004,8.4194496750000667],[124.62562070400008,8.4190751660000274],[124.62696749800011,8.4180956800000217],[124.62787496300007,8.4178147980000517],[124.62837338500003,8.4180384490000506],[124.62841349500002,8.4180571050000594],[124.62864414800003,8.4186978080000472],[124.62907982600007,8.419646048000061],[124.62954113300009,8.4207736850000288],[124.62996150900005,8.4218663600000241],[124.62938449300009,8.4221550580000439],[124.62894491500003,8.4223896070000706],[124.62870690900002,8.4225182400000449],[124.62851444100011,8.4226190570000767],[124.62827177300005,8.4227403910000476],[124.6278659300001,8.4228868290000491],[124.62746556400009,8.4229424710000558],[124.62681405800004,8.4230263000000605],[124.62661698900001,8.4230674780000641],[124.62643920500011,8.4231253140000604],[124.62629344200002,8.4231968970000253],[124.6262090890001,8.4232843040000489],[124.62604257600003,8.423466225000027],[124.6258952930001,8.4236190190000571],[124.62571119900008,8.4238533200000347],[124.62565370100003,8.4239969400000518],[124.62561496900003,8.4241420120000612],[124.62567772800003,8.4243261050000342],[124.62620373100003,8.4250411150000559],[124.62660081200011,8.4255587900000251],[124.62693791300001,8.4260935240000663],[124.62696406700002,8.4263264780000213],[124.62690671000007,8.426575021000076],[124.62682141200003,8.4267044400000373],[124.62670307000008,8.4267980520000378],[124.62479497600009,8.4277667770000448],[124.62354737500004,8.427986942000075],[124.62224106400004,8.4279722640000614],[124.62119895100011,8.4280309750000697],[124.62049442300008,8.4281483960000401],[124.61999538300006,8.4287648570000329],[124.61983392900004,8.4298363260000428],[124.61935322800002,8.4327053900000237],[124.61904133600001,8.4344891420000749],[124.61669226800007,8.4323472010000273],[124.61566473700009,8.4329288320000728],[124.60920861600005,8.4352494310000452],[124.60611595900002,8.4361483550000571],[124.60585071500009,8.4362348530000304],[124.59342527700005,8.4399246660000244],[124.59323491300006,8.4399811340000497],[124.58243447500001,8.4431765090000681],[124.57420586300009,8.4463661010000237]]]},"properties":{"brgy_name":"Lumbia","city_name":"Cagayan de Oro City","prov_name":"Misamis Oriental"}},{"type":"Feature","geometry":{"type":"Polygon","coordinates":[[[124.66241948000004,8.5070649890000709],[124.6615598410001,8.5071979110000484],[124.66137849100005,8.5072189060000483],[124.66086214800009,8.5071025290000648],[124.66052060000004,8.5068789720000382],[124.66049469200004,8.5068789770000421],[124.66048762500009,8.506871990000036],[124.66048055800002,8.5068626740000468],[124.66047584400008,8.5068417110000496],[124.66045464300009,8.5068207500000312],[124.66042637600003,8.5067997910000486],[124.66040517400006,8.5067718430000241],[124.66026329100009,8.5065372370000318],[124.65939022500004,8.5057296180000321],[124.6592700870001,8.505608513000027],[124.65910753600008,8.5053756070000759],[124.6588822970001,8.505029046000061],[124.65877629000011,8.5049009510000246],[124.65852229400002,8.5045263670000395],[124.65848459900008,8.5044564940000669],[124.6581256720001,8.5039090620000479],[124.65787122400002,8.5034039820000658],[124.6575280190001,8.502836999000067],[124.65768280300006,8.5028248010000311],[124.65883695800005,8.5020091980000529],[124.66019424300009,8.5010397090000538],[124.66151069700004,8.5001958190000551],[124.66153614000007,8.4998732430000246],[124.66156111300006,8.4995047060000388],[124.66161308400001,8.4987314000000538],[124.66209629000002,8.4988945200000217],[124.66333046600005,8.4993561820000423],[124.66369671700011,8.4997593670000242],[124.66383829400002,8.5003903040000637],[124.66395832600006,8.5009104430000662],[124.66411836800012,8.5014090380000766],[124.66413329400007,8.5014005870000346],[124.66429544000005,8.5013218950000464],[124.66429684200011,8.5013235580000241],[124.6643274600001,8.5013235520000308],[124.66433452700005,8.5013305390000369],[124.66433923800003,8.501337526000043],[124.6643415960001,8.5013491720000616],[124.66434160000006,8.5013701360000482],[124.66433453800005,8.5013934310000536],[124.66433925000001,8.5014027470000428],[124.66434867200007,8.5014074040000764],[124.66435809300003,8.5014097320000701],[124.66436751400011,8.5014097300000344],[124.66437693400007,8.50140274000006],[124.66438399500009,8.5013817750000271],[124.66439577000006,8.5013747850000527],[124.66440283500003,8.5013724540000339],[124.66443816300011,8.5013724480000405],[124.66444758500006,8.5013771050000742],[124.66446642700009,8.5013771010000596],[124.66450881500009,8.5013468130000547],[124.66451823500006,8.5013444820000359],[124.66452765500003,8.5013398210000446],[124.6645394300001,8.5013374900000258],[124.66457004800009,8.5013374840000324],[124.66460066800005,8.5013514550000764],[124.66461009000011,8.5013537820000238],[124.66463364200001,8.5013537780000661],[124.6646501240001,8.5013328110000543],[124.66465954300008,8.50132349200004],[124.66470664400003,8.5013048490000642],[124.6647184200001,8.5013048470000285],[124.66472548700006,8.5013118340000347],[124.66473491000011,8.5013258080000469],[124.66473726700008,8.5013351250000255],[124.66473726900006,8.501344442000061],[124.66473727100004,8.5013584180000521],[124.66473491700003,8.5013654060000476],[124.66472314300006,8.501372396000022],[124.66470901200012,8.5013723990000472],[124.66469959200003,8.501377059000049],[124.66469252600007,8.5013770610000279],[124.66466897600003,8.5013863820000211],[124.66464542400001,8.501388716000065],[124.66462422900008,8.5013980370000581],[124.66462423200005,8.5014166710000723],[124.66462187900004,8.5014259890000403],[124.66461481500005,8.5014329780000253],[124.66460539400009,8.5014353090000441],[124.66459833100009,8.5014469570000415],[124.66467609300003,8.5016659000000345],[124.66468080600009,8.50167521700007],[124.66469964700002,8.5016752130000555],[124.66472084300005,8.5016682220000348],[124.66472555500002,8.5016752090000409],[124.66472555600001,8.5016845260000764],[124.66473027100005,8.5017078190000461],[124.6647373400001,8.5017264520000708],[124.66473734400006,8.5017450870000744],[124.6647279230001,8.5017474180000363],[124.66471614700004,8.501747420000072],[124.66468317700003,8.5017614020000565],[124.6646619820001,8.5017730520000327],[124.66465020600003,8.5017730540000684],[124.66464078600006,8.5017753850000304],[124.66460781300009,8.5017753910000238],[124.66459368400001,8.5017870410000569],[124.66460075500004,8.5018204910000463],[124.66459604600004,8.5018274800000313],[124.66458427000009,8.5018298110000501],[124.6645772060001,8.501834471000052],[124.66457249700011,8.5018414600000369],[124.66457251000008,8.5019136690000323],[124.66457486700006,8.5019229860000678],[124.66457957900002,8.501932302000057],[124.6645819360001,8.5019416190000356],[124.66458900300006,8.5019509350000249],[124.66460078000011,8.5019532620000291],[124.6646078440001,8.5019462730000441],[124.66461490900008,8.5019439420000253],[124.66462197600003,8.5019486000000484],[124.66462198000011,8.501974222000058],[124.66463140900009,8.5020138190000694],[124.66463612100006,8.502023136000048],[124.66463612700011,8.5020557460000532],[124.6646384820001,8.5020580750000363],[124.66464084100005,8.5020767090000504],[124.66464555500011,8.5020930140000246],[124.66464556200003,8.5021326120000253],[124.66463850500008,8.5021768710000742],[124.6646385140001,8.5022304450000661],[124.6646526510001,8.5022607240000525],[124.66465265500005,8.5022793580000666],[124.66464559100007,8.5022886770000241],[124.66462910600001,8.5022979970000279],[124.66462204300001,8.5023096450000253],[124.66462204400011,8.5023189620000608],[124.66461498300009,8.5023399280000262],[124.66459614900009,8.5023818590000246],[124.66458202600006,8.502426119000063],[124.66457260900006,8.5024447550000559],[124.66453493400002,8.5024913490000245],[124.66450667600009,8.5025169760000381],[124.66445957700012,8.5025472660000219],[124.66444544700005,8.5025542570000425],[124.66443131900007,8.5025682350000693],[124.6644218990001,8.5025752250000437],[124.66441483400001,8.5025775560000625],[124.66440541500003,8.5025868750000768],[124.66438657600008,8.5026008540000362],[124.66433281500008,8.5026534270000411],[124.66430691500011,8.5026930310000353],[124.66428336700005,8.5027163280000764],[124.66427394700008,8.5027233180000508],[124.66426923800009,8.5027303070000357],[124.66425039900003,8.5027442860000519],[124.66424569100002,8.5027559330000599],[124.6642457050001,8.5028328010000678],[124.66423393800005,8.5028840480000554],[124.66421510500004,8.5029283090000263],[124.66420097800005,8.5029492750000486],[124.66419156100005,8.5029702410000709],[124.66417272500007,8.5030028550000338],[124.6641468250001,8.5030447870000216],[124.66413505200001,8.5030610950000209],[124.66410208600007,8.5030960400000595],[124.6640926660001,8.5031030300000339],[124.66408795700011,8.5031123480000588],[124.66407853900012,8.5031239960000562],[124.66406912000002,8.5031333150000705],[124.66406441000004,8.5031403040000555],[124.66403850800009,8.5031659310000691],[124.6640290900001,8.5031799090000391],[124.66401967000002,8.5031845690000409],[124.6639867020001,8.5032148570000459],[124.66397728200002,8.5032195170000477],[124.66395844400006,8.5032381550000764],[124.66394195900011,8.5032498050000527],[124.66392076500006,8.5032614550000289],[124.6639113440001,8.5032614570000646],[124.66386424300003,8.5032777700000679],[124.66381007300004,8.5032777800000758],[124.66378887500002,8.5032731250000211],[124.66377003100001,8.5032638110000676],[124.66376060900006,8.5032568250000509],[124.66375118800011,8.5032544980000466],[124.66374647700002,8.5032498400000236],[124.66322672400008,8.5037663880000309],[124.66332568700011,8.5040054740000528],[124.66333275300008,8.5040078020000465],[124.66334453100001,8.5040147870000737],[124.66336102000002,8.5040287600000397],[124.66336337700011,8.5040380770000752],[124.66336573400008,8.5040497230000369],[124.66336573900003,8.5040776750000759],[124.66337281000006,8.5041079550000518],[124.66337281500012,8.5041335780000509],[124.66337752900006,8.5041545410000481],[124.66338224100002,8.5041638570000373],[124.66338224500009,8.5041848210000239],[124.66337283200005,8.5042267510000329],[124.66337518900002,8.5042360680000684],[124.6633799010001,8.5042453840000576],[124.66338696800005,8.5042523710000637],[124.6633963920001,8.5042710040000316],[124.6633916830001,8.5042779930000734],[124.66337990800002,8.5042849830000478],[124.66337519900003,8.5042943010000727],[124.66336342600005,8.5043082790000426],[124.66335165600003,8.504343221000056],[124.66335166100009,8.5043711730000382],[124.66336108500002,8.5043851470000504],[124.66337286200007,8.5043921330000671],[124.66339641800005,8.5044130930000392],[124.6634270400001,8.5044363810000618],[124.66344588400011,8.5044480240000553],[124.66345766200004,8.5044596680000382],[124.66347179500008,8.5044666540000549],[124.6634882840001,8.5044829560000608],[124.66349770600004,8.5044899420000206],[124.66350241900011,8.5044992590000561],[124.66350242100009,8.5045109060000641],[124.66350006700009,8.5045202230000427],[124.66349064700012,8.504524884000034],[124.66347180500009,8.5045248870000592],[124.66346238400001,8.5045202300000255],[124.6634482500001,8.5045062570000596],[124.66343882800004,8.5045039290000659],[124.66341763100002,8.5045039330000236],[124.66340821100005,8.5045085930000255],[124.6633823090001,8.5045388790000516],[124.66336582600002,8.5045551870000509],[124.66335876200003,8.5045668350000483],[124.66332344000011,8.5045994520000363],[124.66331166700002,8.5046204180000586],[124.66330224900003,8.5046320670000455],[124.66328812300003,8.5046623510000359],[124.66326944800005,8.5047210240000481],[124.66326944900004,8.5047280120000437],[124.66325767800004,8.5047582950000447],[124.66322000500008,8.5048165350000318],[124.66321765200007,8.5048258520000672],[124.6632035240001,8.5048444890000496],[124.66319410600011,8.504863126000032],[124.66316585100003,8.5049050580000767],[124.66315407800005,8.504919037000036],[124.66314230800003,8.5049516490000769],[124.66312818000006,8.5049749450000718],[124.66312582700004,8.5049842630000398],[124.66311405500005,8.5050052290000622],[124.66311405500005,8.5050075580000453],[124.66308815400009,8.5050448320000669],[124.66307638300009,8.5050727860000279],[124.66306932300006,8.5051053970000225],[124.66305284400005,8.5051449990000378],[124.66304342600006,8.5051613060000477],[124.66302458900009,8.5051846020000426],[124.66301988000009,8.5051939210000569],[124.66301988400005,8.5052148840000541],[124.66302224000003,8.5052242010000327],[124.66303402000005,8.5052428340000574],[124.66303637800002,8.5052568090000591],[124.6630410890001,8.5052637970000546],[124.66304580200006,8.5052777720000563],[124.6630528710001,8.5052917460000685],[124.66306465300011,8.5053243550000275],[124.66306936900003,8.5053592940000726],[124.6630693940001,8.5054967250000573],[124.66306468700009,8.5055153600000608],[124.66306469400001,8.505554959000051],[124.66305530400007,8.5057244680000395],[124.66305532300009,8.50582928700004],[124.66306239400001,8.5058549090000497],[124.66306475300007,8.50587820100003],[124.66306946600002,8.5058898470000486],[124.66307182300011,8.5059038230000397],[124.66307889300003,8.5059224560000644],[124.66307889400002,8.505931773000043],[124.66308596400006,8.5059550650000233],[124.66308598100011,8.5060505680000347],[124.66309069300007,8.5060575550000408],[124.66309305200002,8.506078518000038],[124.66310954500011,8.5061134550000475],[124.66312839000011,8.5061274280000703],[124.66314252300003,8.5061414010000362],[124.66314959200008,8.5061553760000379],[124.66315901400003,8.5061646910000377],[124.66317785600006,8.5061646880000694],[124.66318963100002,8.5061576980000382],[124.6632037600001,8.5061460490000513],[124.66321318000007,8.5061413890000495],[124.66322260100003,8.5061413870000706],[124.66323202300009,8.5061460440000474],[124.66323202800004,8.506171666000057],[124.66322731900004,8.5061809850000714],[124.66322025400007,8.5061879740000563],[124.66320848000009,8.5061949640000307],[124.66280346400004,8.5066621450000639],[124.66241948000004,8.5070649890000709]]]},"properties":{"brgy_name":"Macabalan","city_name":"Cagayan de Oro City","prov_name":"Misamis Oriental"}},{"type":"Feature","geometry":{"type":"Polygon","coordinates":[[[124.64983980000011,8.4675072300000238],[124.64977548600007,8.4673324520000506],[124.64958872500006,8.4671534730000531],[124.64932414800012,8.4669783850000613],[124.64903644300011,8.4671545360000664],[124.64845607100006,8.4677742480000688],[124.64804369300009,8.4680778040000746],[124.64768286200001,8.4683030850000591],[124.64716548000001,8.4687326460000349],[124.64683901300009,8.4689789280000696],[124.64683802400009,8.468979690000026],[124.64652018400011,8.4692252090000579],[124.64619371700007,8.4694886730000576],[124.6461813300001,8.4694981210000719],[124.64617263600007,8.4695047990000489],[124.64588878000006,8.4697205900000654],[124.64587488800009,8.469731136000064],[124.64578706600003,8.4697693200000685],[124.64578108300009,8.469781967000074],[124.64569910500006,8.4699552680000352],[124.64496262800003,8.4701428990000522],[124.64461102400003,8.4702179720000572],[124.64392754500011,8.4704737990000467],[124.64317151800003,8.4707372630000464],[124.64284801000008,8.470826445000057],[124.64252621500009,8.4709511390000216],[124.64067735100002,8.4715131940000674],[124.64046721700004,8.4709926890000702],[124.63954618700006,8.4698118500000419],[124.63876759600009,8.4694733320000637],[124.63790679400006,8.4688301480000518],[124.63674421100006,8.4674829560000262],[124.63652676300001,8.4657213470000556],[124.63529245600012,8.463516051000056],[124.63432146800005,8.4620842550000361],[124.63399577200005,8.4611853790000282],[124.63397586200006,8.4600764480000521],[124.6343880280001,8.4573629720000554],[124.63416268900005,8.4548258280000255],[124.63346998200007,8.4529480080000212],[124.63256862900005,8.4512204140000335],[124.63252414400006,8.4502353970000286],[124.63308447200006,8.4498024160000682],[124.63603893300001,8.4501335190000759],[124.63759257200002,8.449649599000054],[124.63899339300008,8.4486308190000727],[124.63945514800002,8.4478533320000224],[124.64039421500001,8.4463130960000399],[124.64097012200011,8.4449165730000573],[124.64034511800003,8.443447681000066],[124.63950511600001,8.4424227590000669],[124.63743811200004,8.4402049260000354],[124.6366247310001,8.4387741270000447],[124.6363955060001,8.4368893850000291],[124.63652285300009,8.4350301130000389],[124.63877018200003,8.4368959780000523],[124.63924230100008,8.4375859980000314],[124.64390303700009,8.4408086520000438],[124.64614103300005,8.442807250000044],[124.64764563200004,8.4444322160000524],[124.64829046000011,8.4451458260000436],[124.64844521900011,8.4462033440000255],[124.64814233000004,8.4473849620000578],[124.64841005300002,8.4474217080000358],[124.64866727600008,8.4475686930000506],[124.64877226500005,8.4477314260000753],[124.64876285900004,8.4479030640000587],[124.6487145210001,8.4480831400000511],[124.64857803500001,8.448466351000036],[124.64863577900007,8.4488180650000686],[124.64874076900003,8.4494217520000348],[124.64882551300002,8.4497736070000542],[124.6489928630001,8.4496785080000336],[124.64909052300004,8.4494487190000314],[124.64906180000003,8.4488397780000355],[124.64921116300002,8.4485927550000497],[124.64964201700002,8.4485180740000487],[124.64992350900002,8.4483859450000409],[124.65014180800006,8.4481216870000253],[124.65025095800002,8.447782749000055],[124.65014180800006,8.4473518940000645],[124.65025095800002,8.4469842320000339],[124.6504922360001,8.4467601880000416],[124.65106625200008,8.4464827720000244],[124.65159200300002,8.4461816600000361],[124.65189789400006,8.4459498520000693],[124.65271280800005,8.4452353080000648],[124.65308083400009,8.4449222480000685],[124.65328874500005,8.4448816210000359],[124.65348709600005,8.4449246370000424],[124.6536257030001,8.4449246370000424],[124.65386468100007,8.4448242670000582],[124.65428528200005,8.4445351040000673],[124.65471305200003,8.4441909760000726],[124.6549376910001,8.4436915120000435],[124.65514799100004,8.4433473840000488],[124.65560204900009,8.4426328410000337],[124.65601236000009,8.4570153660000642],[124.65613015200006,8.4614273250000451],[124.65535736300001,8.4647635740000737],[124.6538569810001,8.4651042400000733],[124.65250877400001,8.4654070980000711],[124.65016482400006,8.4661992810000584],[124.65024227900005,8.4669125120000217],[124.64994859500007,8.4672578320000298],[124.64983980000011,8.4675072300000238]]]},"properties":{"brgy_name":"Macasandig","city_name":"Cagayan de Oro City","prov_name":"Misamis Oriental"}},{"type":"Feature","geometry":{"type":"Polygon","coordinates":[[[124.60957192400008,8.3449326190000761],[124.60973830800003,8.3456153120000636],[124.6016039110001,8.3458792560000461],[124.59647815700009,8.3460803890000648],[124.58792468200011,8.3433921540000711],[124.58376312500002,8.3345538560000705],[124.58464981900011,8.3290611550000335],[124.58953091100011,8.3166173150000304],[124.59238186100004,8.3162609460000567],[124.59242145700011,8.312499277000029],[124.59135235100007,8.3082624490000399],[124.59313419500006,8.3073913260000722],[124.59452007300001,8.3083812390000276],[124.59570796800006,8.310163082000031],[124.59669788100007,8.3115489600000387],[124.59820254900001,8.3139247520000481],[124.60170062000009,8.3134373360000495],[124.60190493100004,8.3148366930000748],[124.60410203000004,8.3189367640000569],[124.60452233500007,8.3199562780000633],[124.60475992700003,8.3211585590000254],[124.60460896900008,8.325129276000041],[124.60467245700011,8.3255213120000349],[124.60503743700008,8.3262508110000226],[124.60601595200001,8.3280200830000695],[124.6060523650001,8.3283431650000352],[124.60593348900011,8.3285627530000284],[124.6046883030001,8.3291274940000335],[124.60431546500001,8.32919808500003],[124.60401407200004,8.3290725160000534],[124.6037307250001,8.3287276180000731],[124.60342905000005,8.3283350210000435],[124.60320985300007,8.3282019970000647],[124.60260437700003,8.3283888280000724],[124.60219178200009,8.3286320970000247],[124.60189830100012,8.3291311680000604],[124.60162836300003,8.3298844830000576],[124.60163645900002,8.3308715700000562],[124.6017948650001,8.3316248060000362],[124.60192491400005,8.3319116840000333],[124.60379297500003,8.3337623430000463],[124.60393559000011,8.3342095460000678],[124.60387186300011,8.3349630340000544],[124.60348282300004,8.3354341470000577],[124.60299887100007,8.3354226240000457],[124.60171788000002,8.3354432540000403],[124.60102759100005,8.3356786320000538],[124.60079738800005,8.3358826910000516],[124.60069524900007,8.3361537130000443],[124.60078214400005,8.3408175580000261],[124.60095435200003,8.3415238510000336],[124.60145715400006,8.3420736530000568],[124.60193294100009,8.3423247960000708],[124.60257507200004,8.3422726020000368],[124.6042533640001,8.3409963540000263],[124.60472935200005,8.3409885440000266],[124.60529604200008,8.3412475750000681],[124.60837977500012,8.3428878990000612],[124.60957192400008,8.3449326190000761]]]},"properties":{"brgy_name":"Mambuaya","city_name":"Cagayan de Oro City","prov_name":"Misamis Oriental"}},{"type":"Feature","geometry":{"type":"Polygon","coordinates":[[[124.64983980000011,8.4675072300000238],[124.65041283500011,8.4682700120000618],[124.65072401900011,8.4686912490000736],[124.65172588200005,8.4700080910000679],[124.65245957900004,8.4707506280000757],[124.65207202000011,8.4711095500000511],[124.65146299800006,8.4716536600000723],[124.65174364400002,8.4721443140000474],[124.65195556100002,8.4724841440000205],[124.65216175000012,8.4728812500000572],[124.65238130300008,8.4733089010000526],[124.6524996710001,8.4736716420000562],[124.65206145200011,8.473859424000068],[124.65209857600007,8.474273983000046],[124.65210888900003,8.4745524180000302],[124.65213363800001,8.4749277890000485],[124.65211945200008,8.4756145870000523],[124.65140284000006,8.4755811300000232],[124.65066773500007,8.4755444770000281],[124.65008246500008,8.4755455750000692],[124.64950267800009,8.4755597160000207],[124.64940470700003,8.4755493560000446],[124.64979311100001,8.4747466540000573],[124.65024029000006,8.4745513590000314],[124.64998705900007,8.4741395190000617],[124.64940235300003,8.4743959130000235],[124.6488779980001,8.47427301700003],[124.6486490850001,8.4742193660000567],[124.64806765500009,8.4740451720000465],[124.64747916400006,8.474007509000046],[124.64705665700001,8.4740592010000455],[124.64701465600001,8.4742329350000318],[124.64656791300001,8.4743073920000711],[124.64653624700009,8.4747618410000314],[124.64584351100007,8.4747675430000413],[124.64551852400007,8.4747675430000413],[124.64538931200002,8.4747728480000433],[124.64465474300005,8.4748017520000758],[124.64458765500001,8.4741942440000457],[124.64378052300003,8.4742537040000343],[124.64168929700008,8.4741516210000327],[124.64086725700008,8.4742878820000556],[124.64099322300001,8.4728795510000623],[124.64067735100002,8.4715131940000674],[124.64252621500009,8.4709511390000216],[124.64284801000008,8.470826445000057],[124.64317151800003,8.4707372630000464],[124.64392754500011,8.4704737990000467],[124.64461102400003,8.4702179720000572],[124.64496262800003,8.4701428990000522],[124.64569910500006,8.4699552680000352],[124.64578108300009,8.469781967000074],[124.64578706600003,8.4697693200000685],[124.64587488800009,8.469731136000064],[124.64588878000006,8.4697205900000654],[124.64617263600007,8.4695047990000489],[124.6461813300001,8.4694981210000719],[124.64619371700007,8.4694886730000576],[124.64652018400011,8.4692252090000579],[124.64683802400009,8.468979690000026],[124.64683901300009,8.4689789280000696],[124.64716548000001,8.4687326460000349],[124.64768286200001,8.4683030850000591],[124.64804369300009,8.4680778040000746],[124.64845607100006,8.4677742480000688],[124.64903644300011,8.4671545360000664],[124.64932414800012,8.4669783850000613],[124.64958872500006,8.4671534730000531],[124.64977548600007,8.4673324520000506],[124.64983980000011,8.4675072300000238]]]},"properties":{"brgy_name":"Nazareth","city_name":"Cagayan de Oro City","prov_name":"Misamis Oriental"}},{"type":"Feature","geometry":{"type":"Polygon","coordinates":[[[124.56526131200008,8.4229505720000475],[124.56446999400009,8.4225842490000673],[124.56379929400009,8.4222921700000484],[124.5630853240001,8.4220541800000319],[124.5623389000001,8.4220649970000636],[124.56187373700004,8.4224868890000266],[124.56152757000007,8.4231143180000458],[124.56080278100001,8.423460485000021],[124.55939647600007,8.4237958350000213],[124.55809834700005,8.4237958350000213],[124.55776299700005,8.4237417460000756],[124.55793452700004,8.4231917120000617],[124.55783872200004,8.4230926820000604],[124.55749255400008,8.42267079100003],[124.55684349000012,8.4221731750000686],[124.55583744000012,8.4221407210000621],[124.55456094700003,8.4220758150000279],[124.55189635000011,8.4213294000000474],[124.55208262200006,8.4198092270000302],[124.55447387600009,8.417177951000042],[124.5569074660001,8.4141576140000325],[124.55697158000009,8.4129299730000753],[124.55227402700007,8.4098501190000547],[124.55086910500006,8.4089290110000547],[124.54958717300008,8.4093091600000207],[124.54914810200012,8.4105839270000615],[124.54907025400007,8.4134261810000339],[124.54814135600009,8.4141594530000248],[124.54713539900001,8.4136430290000703],[124.54640260600002,8.4084975220000615],[124.54360056400003,8.4029377900000668],[124.53777481400004,8.4009031060000439],[124.53675368000006,8.4011068310000496],[124.53655200900005,8.4018716490000429],[124.53876656700004,8.4061525870000651],[124.53837184100007,8.4070982890000323],[124.53698233700004,8.408255069000063],[124.53554779000001,8.4079266360000702],[124.53476116700006,8.4059738840000477],[124.53171147300009,8.4042272140000591],[124.53368141200008,8.3956220730000268],[124.53379154900006,8.3950148320000721],[124.53802585800008,8.3760126690000334],[124.56988257300009,8.3779674850000561],[124.56902509300005,8.386649430000034],[124.56873365800004,8.3974772120000694],[124.57055507900009,8.4042801560000271],[124.57028821400002,8.4045329750000519],[124.57030226000006,8.4049683870000536],[124.57020394100005,8.4054037980000658],[124.57016180400001,8.4059234830000378],[124.57026012300003,8.4062043930000527],[124.5700353950001,8.4068926240000224],[124.56961402900004,8.407777493000026],[124.56948761900003,8.4080162670000504],[124.56930502700004,8.408226950000028],[124.56895388900011,8.4081848130000481],[124.56526131200008,8.4229505720000475]]]},"properties":{"brgy_name":"Pagalungan","city_name":"Cagayan de Oro City","prov_name":"Misamis Oriental"}},{"type":"Feature","geometry":{"type":"Polygon","coordinates":[[[124.58601436900005,8.4716369400000531],[124.58538572300006,8.471591859000057],[124.58470200300007,8.471415415000024],[124.58441528200001,8.4711066380000375],[124.58420575500008,8.4705331960000763],[124.58405136600004,8.469860504000053],[124.58380875600005,8.469441449000044],[124.58349997900007,8.4690554780000298],[124.58283831500012,8.4689341730000365],[124.58240823300002,8.4694083660000388],[124.58227590000001,8.4699818090000463],[124.58232001100009,8.4705111400000419],[124.58223178900005,8.4710956110000666],[124.58193404000008,8.471591859000057],[124.58141573600005,8.471966802000054],[124.58082023800011,8.4722645510000234],[124.58036810100009,8.4724079120000511],[124.57959615900006,8.4724851060000219],[124.57915504900006,8.4721983850000697],[124.57878010600007,8.4716028870000741],[124.57823974600001,8.4710294440000666],[124.57768835900004,8.4706655290000299],[124.57708183300008,8.4704229180000539],[124.5763981130001,8.4700369470000396],[124.57595700400009,8.4696178930000769],[124.57573644900003,8.4691767840000693],[124.57597905900002,8.4684158690000686],[124.57642016900002,8.4677983160000281],[124.57694950000007,8.4672359010000378],[124.57742369300001,8.4666955420000249],[124.57771041500007,8.4658684610000705],[124.57755602600002,8.465295018000063],[124.57694950000007,8.4646995200000674],[124.57611139200003,8.4645671870000569],[124.57494245100008,8.4644458820000636],[124.57422564800004,8.4644348540000465],[124.57344267800011,8.4643466320000584],[124.57275895800001,8.4642143000000374],[124.57239504300003,8.4636959960000695],[124.57238401500001,8.4631997470000329],[124.57239504300003,8.4625380830000267],[124.57251634800002,8.4619646400000761],[124.5729354020001,8.4615455860000566],[124.57353090000004,8.4612588650000475],[124.57453442500002,8.4609831710000662],[124.57515197900011,8.4608177550000505],[124.57568131000005,8.46068542200004],[124.57614447500009,8.4605751450000639],[124.57662969600005,8.4604428120000534],[124.57710388900011,8.4603656180000257],[124.57763322000005,8.4602994510000258],[124.57811844100002,8.4602222570000549],[124.57861469000011,8.4601450630000272],[124.57908888200006,8.4600237580000339],[124.57977260200005,8.4598914250000234],[124.58014754600003,8.4597701200000301],[124.58072098800005,8.4596157310000422],[124.58118415300009,8.4594503150000264],[124.58168040200007,8.4591966770000226],[124.58181273500009,8.4586783730000548],[124.58185684600005,8.4580608190000248],[124.58182376200011,8.4574101830000359],[124.58174656800009,8.4566713240000695],[124.58140470800004,8.4561419920000276],[124.58107387600012,8.4556236880000597],[124.58072098800005,8.4552377180000349],[124.58036810100009,8.4547414690000551],[124.57975054700012,8.4541349430000423],[124.57926532600004,8.4537158890000228],[124.57882421700003,8.4532747790000258],[124.57827283000006,8.4528116140000407],[124.57776555300006,8.4522933100000728],[124.5773954550001,8.451967990000071],[124.57714082400003,8.4515123340000287],[124.57702020900001,8.451043276000064],[124.5768191840001,8.4498907350000536],[124.5767789790001,8.4491670460000705],[124.57652434800002,8.4485237670000402],[124.57615581500011,8.4478321820000701],[124.57558623300008,8.4473176180000564],[124.57494295400011,8.4467279460000668],[124.57420586300009,8.4463661010000237],[124.58243447500001,8.4431765090000681],[124.59323491300006,8.4399811340000497],[124.59342527700005,8.4399246660000244],[124.60585071500009,8.4362348530000304],[124.60611595900002,8.4361483550000571],[124.60920861600005,8.4352494310000452],[124.60966132500005,8.4361556260000725],[124.61065447100009,8.445666501000062],[124.60847189000003,8.4480294600000434],[124.60632482800008,8.4501272130000302],[124.60136648600007,8.4530760940000391],[124.60115850200009,8.4529786010000407],[124.59735896300003,8.4517678670000578],[124.59634371800007,8.4555438650000383],[124.5949860500001,8.4597216680000429],[124.59185596100008,8.4663949820000539],[124.5882519810001,8.4686494320000634],[124.58794850300001,8.4690849490000346],[124.58601436900005,8.4716369400000531]]]},"properties":{"brgy_name":"Pagatpat","city_name":"Cagayan de Oro City","prov_name":"Misamis Oriental"}},{"type":"Feature","geometry":{"type":"Polygon","coordinates":[[[124.63313451100009,8.4868547330000297],[124.63310504800006,8.4883478990000754],[124.63353635300007,8.4886327450000749],[124.63301217800006,8.488915286000065],[124.63190059600004,8.4897258140000531],[124.63126375200011,8.4903395000000614],[124.63089990900005,8.4904601510000361],[124.63203655000007,8.4916064580000352],[124.63065563400005,8.4930024780000508],[124.63002085400001,8.4937181660000647],[124.62957824300008,8.4942926870000406],[124.62969118700005,8.4944103320000295],[124.62986314600005,8.4945898010000747],[124.62952533300006,8.494968315000051],[124.62885377500004,8.4959939660000714],[124.62871132400005,8.4963602700000251],[124.62865022800008,8.4968570240000645],[124.62829081700011,8.4967424300000403],[124.62787931800005,8.4970184980000454],[124.62746438300007,8.4975727950000532],[124.6265660570001,8.4984043880000399],[124.62643863800008,8.5000401860000352],[124.62602029200002,8.4998260630000573],[124.6259835940001,8.4998136070000214],[124.62598336800011,8.4997686750000412],[124.62598329800005,8.4997375160000388],[124.62554605000003,8.499531844000046],[124.62538603900009,8.499512472000049],[124.62532769900008,8.499505384000031],[124.62531234400001,8.4994854400000577],[124.62518751300001,8.4992662630000382],[124.62503857100012,8.4991761730000235],[124.62484167300011,8.4991073340000298],[124.62471241100002,8.4990517200000681],[124.62454072900005,8.4988971760000709],[124.62404039900002,8.4982582040000239],[124.62348748300008,8.4978188960000693],[124.62310578100005,8.4973894810000274],[124.62265251000008,8.4967215030000602],[124.62162668600001,8.4954094020000639],[124.62099051600001,8.4945823810000434],[124.62054519700007,8.4945346680000284],[124.62040926300006,8.4941996610000388],[124.6202931360001,8.4942369870000221],[124.61999452400005,8.493614879000063],[124.61991987100009,8.4936065840000765],[124.61984160500003,8.4935147080000206],[124.61961553600008,8.4935470040000496],[124.61944598400009,8.4935308560000635],[124.61900191900008,8.4932240480000587],[124.61903421500006,8.49140742000003],[124.6186628160001,8.4913670510000543],[124.61838022900008,8.4915285290000497],[124.61797653400004,8.4911813510000229],[124.61742750900009,8.4916092680000475],[124.61744365700008,8.4923116970000478],[124.61743558300009,8.4927073180000434],[124.61721758800002,8.4932563430000414],[124.61608724200005,8.4921421450000594],[124.61597544900008,8.491955631000053],[124.61596613300003,8.4919402980000314],[124.61593383800005,8.4917707460000429],[124.61512060200005,8.4916394730000206],[124.61468617800006,8.4907775930000753],[124.61461441200004,8.4904181430000563],[124.61416565400009,8.4904708480000295],[124.61325383300004,8.4866429300000732],[124.61256682100009,8.4838809450000667],[124.61227388900011,8.4811928620000572],[124.61139851000007,8.4805297000000337],[124.61131879000004,8.4804354860000331],[124.61097817200005,8.4803630140000337],[124.6105215980001,8.4803485200000637],[124.61065451200011,8.480226617000028],[124.61073829100008,8.4801083420000509],[124.61072843500006,8.4799703530000556],[124.61064958400004,8.4798372930000596],[124.61057566200009,8.4796697360000621],[124.61054609300004,8.4794726110000624],[124.61070872200003,8.4793494070000293],[124.61098469800004,8.4792459160000249],[124.61140359100011,8.4790586460000554],[124.61202453700002,8.4787875980000535],[124.61245821400007,8.478555975000063],[124.61304959200004,8.4783292800000254],[124.61361140100007,8.478087801000072],[124.61529495500008,8.4775230260000285],[124.61816140900009,8.4800909910000541],[124.61887427000011,8.4800909910000541],[124.61918500400009,8.4799995990000525],[124.61934951100011,8.4799082060000615],[124.61958713100012,8.4799264850000213],[124.62044621900009,8.4799752270000681],[124.62118345100009,8.480005692000077],[124.62150637100001,8.4802372190000597],[124.62176227000009,8.4807063670000389],[124.62206081900001,8.481120679000071],[124.62235327400003,8.481309556000042],[124.6232993750001,8.4822171890000391],[124.62360997300004,8.4837047860000325],[124.62493409700005,8.485028911000029],[124.62557273700008,8.4852416250000715],[124.62658516700003,8.485535675000051],[124.6277748550001,8.4857284850000383],[124.62813637600004,8.4857775330000322],[124.63102025300009,8.4868820840000581],[124.63187971200011,8.4869758430000388],[124.63247333900006,8.4869915280000328],[124.63269957600005,8.4869447200000536],[124.63313451100009,8.4868547330000297]]]},"properties":{"brgy_name":"Patag","city_name":"Cagayan de Oro City","prov_name":"Misamis Oriental"}},{"type":"Feature","geometry":{"type":"Polygon","coordinates":[[[124.5470387580001,8.3245833600000765],[124.54701491700007,8.324602761000051],[124.53702395000005,8.3327330530000268],[124.52707897000005,8.3409084990000224],[124.50155812600008,8.3712523940000665],[124.50082766100002,8.3712562070000445],[124.50042907800002,8.3691249170000219],[124.49923179300004,8.3683720820000644],[124.49614107900004,8.3688780730000758],[124.49452010200002,8.3674171370000749],[124.49289744400005,8.3675877730000252],[124.49129065000011,8.3673762090000423],[124.49116350200006,8.3666948200000206],[124.49121099800004,8.3661966330000723],[124.49200523100001,8.3657883460000448],[124.49463939100008,8.3656501360000561],[124.49563341400005,8.3643308730000285],[124.49567768000009,8.3619545380000204],[124.49609782800007,8.3612281160000634],[124.49858711700006,8.3614605600000687],[124.49888576500007,8.3606719500000395],[124.49929453600009,8.3594716440000525],[124.50028759400004,8.3589808910000443],[124.50032565600009,8.3577971700000262],[124.49883956400004,8.3571510320000471],[124.49641012500001,8.357925357000056],[124.49582892000001,8.3581765020000489],[124.49364931100001,8.3573360850000427],[124.49139289900006,8.3588776190000544],[124.49126201800004,8.3603242650000311],[124.48983971100006,8.3604074240000728],[124.48598612600006,8.3549310490000721],[124.48623319500007,8.3540743190000626],[124.48780406700007,8.3536936760000344],[124.48922359000005,8.3546415810000667],[124.49021928700006,8.3549301930000297],[124.48998455200001,8.3535261030000356],[124.48851661000003,8.3511798820000536],[124.48758823800006,8.3490102420000767],[124.48712555800012,8.3484376230000521],[124.48623967900005,8.3488239990000466],[124.48587917100008,8.3500093140000331],[124.48570643200003,8.3525607480000303],[124.48479528200005,8.3534758940000415],[124.48370792000003,8.3529464960000723],[124.48393051900007,8.3512034790000484],[124.48369796600002,8.3492579230000388],[124.48205783000003,8.3485185240000419],[124.48283907500002,8.3467150910000214],[124.48267399100007,8.3459172700000295],[124.48245737400009,8.3457200130000615],[124.48150226600001,8.3462154420000729],[124.48057514900006,8.3469948790000217],[124.47967922300006,8.3472585510000386],[124.47908326600009,8.3464363190000768],[124.47782064600005,8.3450449170000525],[124.47695156200007,8.3448556260000259],[124.47670017900009,8.3454332770000406],[124.47715554200011,8.3467377610000426],[124.47786303900011,8.3479727900000285],[124.47790720100011,8.3486258840000573],[124.47721576400011,8.348734433000061],[124.47582459700004,8.3479239210000742],[124.47522079100008,8.3470826710000665],[124.47473135000007,8.3471198800000366],[124.47413600700008,8.3472343690000343],[124.47321150800008,8.3471599510000374],[124.47283083200011,8.3466619240000455],[124.47290238700009,8.3462325900000565],[124.47294532100011,8.3457460110000738],[124.47315140100011,8.3450590770000304],[124.47276213800001,8.3440744700000664],[124.47212099900003,8.3432043530000328],[124.47170883900003,8.3426777040000388],[124.47136537100005,8.3420823600000631],[124.47111349500005,8.3416930980000643],[124.47067843700006,8.3414641190000225],[124.47026627600007,8.3414183240000739],[124.47022948200004,8.3408606060000352],[124.47017359300003,8.3388700140000651],[124.47017052800004,8.338696366000022],[124.47098074500002,8.3371495880000452],[124.51421687300001,8.31468447900005],[124.52590807200011,8.3089822000000595],[124.53578222400006,8.3160915890000524],[124.54703724500007,8.3245822190000354],[124.5470387580001,8.3245833600000765]]]},"properties":{"brgy_name":"Pigsag-an","city_name":"Cagayan de Oro City","prov_name":"Misamis Oriental"}},{"type":"Feature","geometry":{"type":"Polygon","coordinates":[[[124.78466056600007,8.4806974720000312],[124.77188834600008,8.4893835450000665],[124.76602573300011,8.4957052930000714],[124.75769634400001,8.4996737860000735],[124.75636997800007,8.5013075880000315],[124.75547034600004,8.5007588320000309],[124.75522628200008,8.5007854140000632],[124.75355173600008,8.5015982370000529],[124.75240640700008,8.5025948040000685],[124.7516887920001,8.5027728450000382],[124.75109563900003,8.5034276240000395],[124.75106998000001,8.5034022680000589],[124.75105254800008,8.5033727420000673],[124.75105005600005,8.5033628980000344],[124.75104258600004,8.5033530560000372],[124.75102516000004,8.5033358350000299],[124.7509778650001,8.5033038590000274],[124.75095545500005,8.5032718730000738],[124.7509504730001,8.5032595700000684],[124.75094548900006,8.5032423440000571],[124.75094548400011,8.5032300380000265],[124.75094049800009,8.5032078890000662],[124.75093551800012,8.5032005080000204],[124.75093302300002,8.5031857420000279],[124.75092306300007,8.5031709790000605],[124.75090313900012,8.503131609000036],[124.75089317900006,8.5031168460000686],[124.7508707720001,8.503092243000026],[124.75084837600002,8.5030922520000445],[124.75083842100003,8.5030897950000508],[124.75080855400006,8.5030775010000639],[124.75079859700008,8.5030701210000643],[124.75077371100008,8.503067670000064],[124.75076126800002,8.503067675000068],[124.75073639100003,8.5030873740000743],[124.75072643700003,8.503087378000032],[124.75071399400008,8.5030849220000277],[124.75069905600003,8.5030701610000392],[124.75069158600002,8.5030578580000338],[124.75068162900004,8.5030504790000236],[124.75064925900006,8.5030037300000458],[124.75063930300007,8.5029988110000545],[124.75061800600008,8.5029762780000624],[124.75061798800004,8.5029319780000492],[124.75060553800006,8.502914755000063],[124.75059807000002,8.502907374000074],[124.75058313800002,8.5029049190000592],[124.75056074100007,8.5029049280000208],[124.75054829700002,8.5029000110000652],[124.75052589100005,8.5028778690000308],[124.75052091000009,8.5028680260000442],[124.75050597200004,8.5028508040000474],[124.75050099000009,8.502838501000042],[124.75048605100005,8.5028188170000476],[124.75047609300009,8.5028089770000292],[124.7504661370001,8.5028040580000379],[124.75045618000001,8.5027966790000278],[124.75043378100008,8.5027917660000298],[124.75042382700008,8.5027917700000444],[124.75041387400006,8.5027942350000671],[124.75040890100001,8.5028040810000221],[124.75040143800004,8.502809007000053],[124.75038899500009,8.502809012000057],[124.75037655100004,8.5028040940000551],[124.75035912600003,8.5027917950000642],[124.75034916800007,8.5027819550000459],[124.75034418700011,8.5027721120000592],[124.75033671900007,8.5027647320000597],[124.75033671400001,8.5027524260000291],[124.75034666700003,8.5027499610000632],[124.75035412900002,8.5027425750000702],[124.75034914700007,8.5027302710000754],[124.75033172300004,8.5027179720000277],[124.75032674200008,8.502708129000041],[124.75033171400003,8.5026982830000293],[124.75034415400012,8.5026908940000681],[124.75034414900006,8.5026785890000269],[124.75033668000003,8.502671208000038],[124.75031178900008,8.502656451000064],[124.75030432000005,8.5026466100000562],[124.75029685300001,8.5026441520000731],[124.75028939600008,8.5026638440000397],[124.75027695600011,8.5026712320000684],[124.75026949500011,8.502681080000059],[124.75026203200002,8.5026860050000437],[124.75025705500002,8.5026860070000225],[124.75024460800012,8.502676167000061],[124.75023962800003,8.502668786000072],[124.75022220400001,8.5026564870000243],[124.75020976000008,8.5026540310000769],[124.75019980600007,8.5026540350000346],[124.75019483300002,8.5026638810000463],[124.75018985800011,8.5026688060000311],[124.75016745900007,8.5026614310000355],[124.7501575010001,8.5026515910000739],[124.75014505100012,8.5026343680000309],[124.75014255800011,8.5026220630000466],[124.75013508800009,8.5026122210000494],[124.75014006000004,8.5025999140000295],[124.75014752400011,8.5025949880000553],[124.75015249700004,8.5025851420000436],[124.75015000400003,8.5025752980000675],[124.75011515300002,8.5025457780000693],[124.75009772900012,8.5025334800000678],[124.75008777300002,8.5025285610000765],[124.75006039100003,8.5025088830000755],[124.75001807000001,8.5024670600000718],[124.74995832800005,8.5024227840000322],[124.74995085800003,8.5024129420000349],[124.7499334260001,8.5023809540000457],[124.7499309320001,8.5023686490000614],[124.74993839400008,8.5023588020000602],[124.74994336700001,8.502348955000059],[124.74995331900004,8.5023440290000281],[124.74995829200009,8.5023341820000269],[124.74995828700003,8.5023218770000426],[124.74994335200006,8.5023120380000705],[124.7499333940001,8.5023021970000627],[124.74992343800011,8.5022972790000608],[124.74991596900009,8.5022898990000613],[124.74989108400007,8.5022899080000229],[124.74986371600005,8.5023022250000508],[124.74984878400005,8.502299770000036],[124.74984380500007,8.5022948500000552],[124.74983135900004,8.5022874710000451],[124.74981393300004,8.5022702500000378],[124.74979899500011,8.502253028000041],[124.74979401400003,8.5022431850000544],[124.74978405700006,8.5022358060000442],[124.7497616500001,8.5022112030000585],[124.7497516950001,8.5022087460000648],[124.74974423300011,8.5022161320000578],[124.74973179700009,8.5022333650000519],[124.74972682500004,8.5022456730000613],[124.7497069210001,8.5022555260000559],[124.74970194000002,8.502243222000061],[124.74970193500008,8.5022333770000387],[124.74969944300005,8.502223534000052],[124.74969197200005,8.5022112310000466],[124.74966708000011,8.5021940130000644],[124.74965463600006,8.5021890950000625],[124.74964219300011,8.5021891000000664],[124.74963473100001,8.5021964870000488],[124.74963224600003,8.5022063320000711],[124.74963225200008,8.5022186380000448],[124.7496297670001,8.5022284840000566],[124.74962479300007,8.5022358690000601],[124.74958870700004,8.502228012000046],[124.74957128100004,8.5022132520000469],[124.74954888500008,8.5022132610000654],[124.74952897500009,8.5022083470000211],[124.74951653100004,8.5022034290000761],[124.74949661700009,8.5021886700000664],[124.74949163200006,8.5021689830000469],[124.7494916280001,8.5021591390000708],[124.7494891340001,8.5021468340000297],[124.74948911200011,8.502092689000051],[124.74948164400007,8.502085308000062],[124.74946919900003,8.5020803910000495],[124.74944181900003,8.5020631740000567],[124.74940946200002,8.502048420000051],[124.74939950500004,8.5020410400000515],[124.7493497260001,8.5020164490000525],[124.74933478800006,8.5019992260000663],[124.74933229500004,8.5019893830000228],[124.74932482600002,8.5019795410000256],[124.74931486900005,8.5019721620000723],[124.74929993700005,8.5019697070000575],[124.74868255400008,8.5025433980000571],[124.74864023200007,8.5024991140000452],[124.74904568300008,8.5020707140000695],[124.74900832700007,8.5019993560000557],[124.74898840700007,8.5019698300000641],[124.74898342400002,8.501955065000061],[124.74897595300001,8.5019427620000556],[124.74896847900004,8.5019206150000741],[124.74894607200008,8.5018935510000233],[124.74894109200011,8.5018861700000343],[124.74893611000005,8.5018738660000395],[124.74892864200001,8.5018689470000481],[124.74890623300007,8.5018369610000377],[124.74889876400005,8.5018295800000487],[124.74889378300009,8.5018197380000515],[124.74888631400006,8.5018098960000543],[124.74888382200004,8.5018000520000214],[124.74886888200001,8.5017779080000651],[124.74886638900011,8.5017680640000322],[124.7488589190001,8.501755762000073],[124.74885393700004,8.5017434580000213],[124.74882156600006,8.5016942480000353],[124.7488165850001,8.5016844050000486],[124.74880662900011,8.5016770250000491],[124.74877426500007,8.5016450430000532],[124.74875434400008,8.5016130560000533],[124.74875433500006,8.5015909060000467],[124.7487493540001,8.5015810630000601],[124.74875183900008,8.5015712180000378],[124.74875183600011,8.5015638340000237],[124.74876675400003,8.5015318330000582],[124.74876923700003,8.5015195260000382],[124.74876922100009,8.5014801480000415],[124.74877170500008,8.5014678410000215],[124.74877169300009,8.5014383070000576],[124.74875962800002,8.5013877380000622],[124.74875961700002,8.5013606650000497],[124.74875214000008,8.5013311340000541],[124.74872973000004,8.5012966870000355],[124.74870980500009,8.5012548550000702],[124.74869735300001,8.5012327100000675],[124.7486923670001,8.5012105620000398],[124.74868738600003,8.5012007190000531],[124.74867991700012,8.5011908770000559],[124.7486624930001,8.5011785790000545],[124.74864009600003,8.5011785870000267],[124.74863512100001,8.5011835120000683],[124.74863263800012,8.501195818000042],[124.74863264400005,8.5012105850000239],[124.74862767200011,8.5012228930000333],[124.74861772200006,8.5012327410000239],[124.74860777000004,8.5012376680000443],[124.74859781700002,8.5012401330000671],[124.74856546700005,8.5012401460000433],[124.74855800000012,8.5012376870000708],[124.74854555600007,8.5012327700000583],[124.74853808700004,8.5012253890000693],[124.74853310700007,8.5012180080000235],[124.74852812500001,8.5012057040000286],[124.74852812000006,8.5011933990000443],[124.74854304100006,8.5011687810000467],[124.7485430370001,8.5011589370000706],[124.74853805600003,8.5011490940000272],[124.74853307700005,8.5011441740000464],[124.74852063200001,8.5011367950000363],[124.74850320600001,8.5011195740000289],[124.74846835900007,8.501099899000053],[124.74846089100004,8.501092518000064],[124.74843849100012,8.5010851440000579],[124.74842853400003,8.5010777640000583],[124.74839866800005,8.5010679310000228],[124.74837129000002,8.5010556360000464],[124.7483588450001,8.5010482580000257],[124.7483488900001,8.501045801000032],[124.7483389360001,8.5010458040000572],[124.74829628500004,8.5010403980000433],[124.74828384200009,8.5010404030000473],[124.74827637900012,8.501045328000032],[124.74827638800002,8.501067479000028],[124.74826892500005,8.501074865000021],[124.74825897100004,8.5010748690000355],[124.74824652700011,8.501069952000023],[124.74824154800001,8.5010650310000528],[124.74823656600006,8.501052727000058],[124.74822162800001,8.5010355050000612],[124.74819923000007,8.5010305920000633],[124.74818678700001,8.5010305970000672],[124.74815692400011,8.5010256860000482],[124.74814696700003,8.501018307000038],[124.74814198700005,8.5010109250000596],[124.74814197900002,8.5009912360000612],[124.74815192900007,8.5009813870000244],[124.74815690200012,8.5009715410000695],[124.7481568930001,8.5009493900000734],[124.74814942300009,8.5009395490000657],[124.74813946100005,8.500919864000025],[124.74813945800008,8.5009100190000595],[124.74813447700001,8.5009001760000729],[124.74813198400011,8.5008903330000294],[124.74812451500009,8.5008804910000322],[124.74812202200008,8.5008706470000561],[124.74811455300005,8.5008608060000483],[124.74811205900005,8.5008485010000641],[124.74810459000003,8.5008386590000669],[124.74810209800012,8.5008288160000234],[124.74807471100007,8.5007968320000487],[124.74806973000011,8.500786989000062],[124.7480672370001,8.5007746840000209],[124.74806225500004,8.5007623810000723],[124.74805727600005,8.5007574600000453],[124.74803238900006,8.5007525480000368],[124.7480199470001,8.5007525530000407],[124.74800999200011,8.5007500950000576],[124.74800003500002,8.5007427160000475],[124.74799007900003,8.5007377980000456],[124.7479751410001,8.5007205750000594],[124.74797016000002,8.5007107330000622],[124.74796020200006,8.5007008920000544],[124.74795522200009,8.5006910490000678],[124.74792784800002,8.5006910600000651],[124.74791790000006,8.5007058310000616],[124.74790795000001,8.5007156800000416],[124.74790048700004,8.5007206050000264],[124.74788804400009,8.5007206100000303],[124.74787808800011,8.500715691000039],[124.74786563900011,8.5006984680000528],[124.74786314800008,8.5006910860000744],[124.74786563200007,8.5006812400000626],[124.74787309500005,8.5006738540000697],[124.74787557900004,8.5006640080000579],[124.74788055200008,8.5006541620000462],[124.74789050400011,8.5006492350000258],[124.74789547700004,8.5006393890000709],[124.74791040200012,8.5006246160000387],[124.74791039700006,8.500612310000065],[124.74790044200006,8.5006098530000713],[124.74786560400003,8.500609867000037],[124.74784569800011,8.5006147970000256],[124.74783574600008,8.5006197230000566],[124.74782579000009,8.5006148050000547],[124.74782080900002,8.5006049620000681],[124.74781333900012,8.5005951210000603],[124.74781084800009,8.5005877380000356],[124.74779839700011,8.500565593000033],[124.74778345800007,8.5005459090000386],[124.74778345400011,8.5005360650000625],[124.74779091700009,8.500531140000021],[124.74780087000011,8.500528675000055],[124.74780584400003,8.5005212890000621],[124.74780583500001,8.5004991390000555],[124.74780085500004,8.5004892960000689],[124.74779338500002,8.5004794550000611],[124.74778342800005,8.5004720750000615],[124.74777346600001,8.5004523900000208],[124.74776351000003,8.5004474710000295],[124.74768389900009,8.5004967260000512],[124.74766397400003,8.5004548940000291],[124.74765401600007,8.5004450530000213],[124.74764903500011,8.5004352110000241],[124.7476515190001,8.500422904000061],[124.74766644800002,8.5004179760000511],[124.74768137400008,8.5004056640000272],[124.74768883500008,8.500395817000026],[124.74769630000003,8.5003933530000495],[124.74773361600012,8.5003662650000251],[124.74774356600005,8.5003564170000345],[124.74774356100011,8.5003441110000608],[124.74773857900004,8.500331807000066],[124.74772862400005,8.5003293500000723],[124.74771866800006,8.5003244320000704],[124.74771120000003,8.5003170510000245],[124.74770373000001,8.5003072100000736],[124.74769874700007,8.5002899840000623],[124.74770869700001,8.5002801350000254],[124.74771118100011,8.5002702890000705],[124.74772113200004,8.5002629020000313],[124.74772112200003,8.5002382910000733],[124.74771614100007,8.5002284480000299],[124.74770618400009,8.5002210680000303],[124.74768129900008,8.5002210780000382],[124.74766636300001,8.5002063170000497],[124.74765639700001,8.5001767870000435],[124.74765141600005,8.5001669450000463],[124.74763149400007,8.5001324960000488],[124.74762402600004,8.5001251160000493],[124.74747720800008,8.500132557000029],[124.74746922000008,8.5001186400000392],[124.74748911300003,8.5000817150000216],[124.74749657400002,8.5000718680000205],[124.74750403200005,8.5000521750000644],[124.7475040170001,8.5000152580000758],[124.74752391400011,8.4999881780000237],[124.74754381700006,8.4999758640000209],[124.7475487910001,8.4999684790000742],[124.74754877000009,8.4999167950000469],[124.74756369000011,8.4998897160000411],[124.74757115300008,8.4998823300000481],[124.74758109600009,8.4998552540000674],[124.7475835780001,8.4998404860000392],[124.74758357000007,8.4998207970000408],[124.74758605500006,8.499810951000029],[124.74759351600005,8.4998011030000384],[124.74760594800011,8.4997740260000683],[124.74760593100007,8.4997321870000633],[124.74759596800004,8.4997100400000249],[124.74758849900002,8.499700199000074],[124.74757355700001,8.4996731320000549],[124.74755861800008,8.4996534480000605],[124.74754616600001,8.4996288420000496],[124.74751628800004,8.499587014000042],[124.74747893600011,8.4995255000000611],[124.74746399800006,8.4995082780000644],[124.7474590170001,8.4994984350000209],[124.74744657200006,8.499491057000057],[124.74742914600006,8.4994762970000579],[124.7474067500001,8.4994763050000302],[124.74739430900001,8.4994787710000423],[124.74738684700003,8.4994886190000329],[124.74738436200005,8.499496003000047],[124.74737938800001,8.49950338900004],[124.74737192500004,8.4995107750000329],[124.74736197400011,8.4995181620000722],[124.74735202200009,8.4995230890000357],[124.74732216400002,8.4995329450000554],[124.74730724000005,8.499550179000039],[124.74730475600006,8.4995600240000613],[124.74729978300002,8.4995698710000624],[124.74729231900005,8.4995747960000472],[124.74726992700005,8.4995846490000417],[124.74724007200007,8.4996018890000755],[124.74721021400001,8.4996117450000384],[124.74720275100003,8.4996166710000693],[124.74715298500007,8.4996265350000613],[124.74713059300007,8.4996388490000641],[124.7471231290001,8.4996413130000406],[124.7470865250001,8.4996453140000767],[124.74707905600008,8.4996354730000689],[124.74707158800004,8.4996305530000313],[124.74706411900002,8.4996207120000236],[124.74705913800005,8.4996108690000369],[124.74705664600003,8.4996010260000503],[124.74705664200008,8.499591181000028],[124.74705912500008,8.4995788740000648],[124.74706907700011,8.4995739480000339],[124.74707404900005,8.4995616400000245],[124.74707404500009,8.4995517960000484],[124.74706408300005,8.4995296490000669],[124.74705412600008,8.4995222700000568],[124.74689987900001,8.4996183150000206],[124.74688992500012,8.4996183190000352],[124.74687002100006,8.4996281710000403],[124.74686255800009,8.4996355570000333],[124.74685260400008,8.4996355610000478],[124.74685011300005,8.4996281790000694],[124.7468501080001,8.4996158730000388],[124.74686503200007,8.4995986390000553],[124.74685756500003,8.499593720000064],[124.74684512200008,8.4995937250000679],[124.74683517000005,8.4995986510000421],[124.74681775500005,8.4996085020000578],[124.74680034200003,8.4996232760000225],[124.74679039000011,8.4996282020000535],[124.74678542400011,8.4996577380000531],[124.74677796200001,8.499665124000046],[124.74674561800009,8.499679904000061],[124.74672073300007,8.4996799130000227],[124.74670082000011,8.4996676160000675],[124.74669335200008,8.4996602350000217],[124.74667841300004,8.4996405520000735],[124.74666845000002,8.4996184050000352],[124.74666844600006,8.4996085610000591],[124.74667093100004,8.4995987150000474],[124.74667839300002,8.4995888680000462],[124.74669331700011,8.4995740950000709],[124.74672565800006,8.499549471000023],[124.74674804500012,8.4995273120000547],[124.74675799700003,8.4995223860000237],[124.74676794800007,8.4995149980000519],[124.74678785200001,8.4995051460000468],[124.7467953150001,8.4994977600000539],[124.74683761200004,8.499480515000073],[124.74686000300005,8.4994682010000702],[124.74688985700004,8.4994485000000282],[124.74689981000006,8.4994460350000622],[124.74690976200009,8.4994411090000312],[124.74691722400007,8.4994337220000489],[124.74691970900005,8.4994238770000266],[124.74691471900007,8.4993918840000333],[124.74690476300009,8.499386965000042],[124.7468973010001,8.4993943520000244],[124.74689232800006,8.4994041980000361],[124.74688486600007,8.4994140460000267],[124.74685003100001,8.4994239040000252],[124.74684256300009,8.4994165230000362],[124.74684255700004,8.4994017570000437],[124.7468325960001,8.4993845320000219],[124.74682015100007,8.499377154000058],[124.7468151700001,8.4993673110000714],[124.74681018500007,8.4993476240000518],[124.74680768300004,8.499313169000061],[124.74681514600002,8.499305783000068],[124.74682758100005,8.4992885500000739],[124.74684250700011,8.4992762380000499],[124.74687982600005,8.4992565340000397],[124.74689226700002,8.4992516070000761],[124.74693954800011,8.4992515890000391],[124.74694950100002,8.4992491240000732],[124.74697437900011,8.4992318860000751],[124.74698433000003,8.4992269600000441],[124.74699179600009,8.4992269570000758],[124.74701418500001,8.4992097200000671],[124.74698430700005,8.4991678920000595],[124.74707386700004,8.499106328000039],[124.74708382000006,8.499103863000073],[124.74710621700001,8.4991038540000545],[124.7471136800001,8.4990989290000698],[124.74712612000008,8.4990940020000494],[124.74713358200006,8.4990841550000482],[124.7471286010001,8.4990743120000616],[124.74712113300006,8.4990669310000726],[124.7471161520001,8.4990570890000754],[124.74711614300008,8.4990349380000225],[124.74710867400006,8.4990250970000716],[124.74709373500002,8.4990059560000759],[124.7470887610001,8.4990133410000226],[124.74708129700002,8.4990182660000642],[124.74707134300002,8.4990158090000705],[124.7470638740001,8.4990084280000247],[124.74705640000002,8.4989862810000432],[124.74705141900006,8.4989764380000565],[124.74704892700004,8.4989665950000699],[124.74705887400012,8.4989493630000652],[124.74708126600001,8.4989395100000706],[124.74707628500005,8.4989296670000272],[124.74706881900011,8.4989272090000441],[124.74705886100003,8.4989173680000363],[124.74705388000007,8.4989075250000496],[124.74704639200002,8.498850922000031],[124.74703892400009,8.498843541000042],[124.74702398500006,8.498823858000037],[124.74702149200004,8.498814014000061],[124.74702148900008,8.4988041700000281],[124.74702646200001,8.4987967850000246],[124.74702645800005,8.4987844790000509],[124.74702147800008,8.4987770970000724],[124.74700156600011,8.4987672610000686],[124.74699658500003,8.4987574180000252],[124.74699409300001,8.4987475740000491],[124.74699408400011,8.4987254240000425],[124.74699905600005,8.4987131160000331],[124.74701647000006,8.498700804000066],[124.74701895500004,8.4986909580000543],[124.7470189500001,8.4986786520000237],[124.74701396900002,8.4986688100000265],[124.7470065010001,8.4986614290000375],[124.74699654700009,8.4986614330000521],[124.74698908300002,8.4986663580000368],[124.74698660000001,8.4986786650000568],[124.74696669400009,8.4986835950000454],[124.74696171200003,8.4986712910000506],[124.74695424300012,8.4986614500000428],[124.74695174900012,8.4986491450000585],[124.74694428000009,8.4986393030000613],[124.74693431700007,8.4986171570000693],[124.74693431300011,8.4986073120000469],[124.74694177800006,8.4986048480000704],[124.74694426100007,8.4985925410000505],[124.74693928000011,8.4985826990000533],[124.74693181100008,8.498572857000056],[124.74693180800011,8.4985654740000314],[124.74692185000004,8.4985556330000236],[124.7469143830001,8.4985507140000323],[124.74689198300007,8.4985408780000284],[124.74688202600009,8.4985334980000289],[124.74687207000011,8.498528580000027],[124.74686211500011,8.4985261220000439],[124.74684220800009,8.498526130000073],[124.74681981500009,8.4985359840000569],[124.74680985900011,8.4985310650000656],[124.74679242700006,8.4984990770000763],[124.74678993500004,8.4984892330000434],[124.74682476200007,8.4984596860000465],[124.74682475400004,8.4984399970000482],[124.74682226000004,8.4984276920000639],[124.74681479100002,8.4984178500000667],[124.74681229900011,8.4984080070000232],[124.74680731800004,8.4983981640000366],[124.74680730900002,8.49837601400003],[124.74681477100012,8.4983686270000476],[124.7468172560001,8.4983587820000253],[124.74682471800008,8.4983513950000429],[124.74683467200009,8.4983513910000283],[124.74684462400012,8.4983464650000542],[124.74685706700006,8.4983464600000502],[124.7468670180001,8.4983415340000761],[124.74687448100008,8.4983341480000263],[124.7468694910001,8.4983008410000593],[124.74685206600009,8.4982860810000602],[124.74684459900004,8.4982836230000771],[124.7468436370001,8.4982829100000572],[124.74705126600008,8.498244259000046],[124.74747189300001,8.4983116440000686],[124.74786257400001,8.4978007320000302],[124.7478357650001,8.4973192410000706],[124.74910331000001,8.4969432880000682],[124.74951010900008,8.4962636860000771],[124.74977061300001,8.4955203560000427],[124.75160630400001,8.4949525020000465],[124.75393210400011,8.4953597080000236],[124.75420906900001,8.4952090590000466],[124.75523873900011,8.4947826570000302],[124.75547869200011,8.4943913050000219],[124.75623832500003,8.4932223950000321],[124.75645627100005,8.4931352420000508],[124.7566365560001,8.4929082990000211],[124.75701590000006,8.4925217630000702],[124.75766244200008,8.4919713360000628],[124.75775720800004,8.4917310400000474],[124.75777168200011,8.4914281180000444],[124.75783666500001,8.4912531610000315],[124.75816738100002,8.4912215980000383],[124.75872482700004,8.4912410840000234],[124.75930488900008,8.4907900520000226],[124.75936705100003,8.4906334640000409],[124.75914302700005,8.4903909550000662],[124.75883057700003,8.4900220560000434],[124.75881555300009,8.4897366000000716],[124.75900335300003,8.4895187510000483],[124.75929632200007,8.4891206150000471],[124.75970197100003,8.4887525260000416],[124.75994235500002,8.4885572140000249],[124.7600024510001,8.4881140050000567],[124.76016771500008,8.4877985000000535],[124.76049073200011,8.4875506040000346],[124.7616025100001,8.4872726600000306],[124.76186543000006,8.4870022270000618],[124.76248141500002,8.4867768670000601],[124.76263165600005,8.4863712180000448],[124.76291711200008,8.4858904490000668],[124.76371338600006,8.4857402090000278],[124.76442702700001,8.4858378650000645],[124.76541861300007,8.4859204970000519],[124.76592191800012,8.4857702570000697],[124.76624493400004,8.485439728000074],[124.76653039100006,8.4853570960000297],[124.76659799900006,8.4847561350000547],[124.7665078550001,8.4843429740000715],[124.76711632800004,8.4840950780000526],[124.76739427200005,8.4838622050000367],[124.76743183200006,8.4834640690000356],[124.76755953600002,8.483253732000037],[124.76770977700005,8.4831786120000743],[124.76776236100011,8.4827278910000246],[124.76801776900004,8.4823297550000234],[124.76825064200011,8.4821720020000271],[124.76861121800005,8.4819616660000747],[124.76910701100007,8.4819992260000276],[124.76948261200005,8.4816536740000288],[124.76952768400008,8.4811954410000681],[124.76976055600005,8.4806696000000557],[124.77010610900004,8.4804817990000743],[124.77082299400001,8.4804625400000759],[124.77141799100002,8.4798195840000403],[124.77325598500011,8.4794066080000334],[124.77388998300012,8.4790846290000559],[124.77550697800007,8.4785866590000296],[124.77679597000008,8.4771617580000225],[124.77765096600001,8.4763488130000724],[124.77821496400009,8.4760978290000253],[124.77945096300004,8.4764877970000612],[124.78064196100001,8.476741774000061],[124.78126695800006,8.4763278020000712],[124.78102295700012,8.4758318390000227],[124.78064195600007,8.4754328690000307],[124.78073295400009,8.474717920000046],[124.78190794900001,8.4741909540000506],[124.78238894700007,8.4738749750000579],[124.78178594600001,8.4732310240000288],[124.78131294600007,8.472882051000056],[124.78152694300002,8.4723230910000211],[124.78144994100012,8.4716371410000306],[124.78214493500002,8.4703022350000765],[124.78232793200004,8.4695842860000425],[124.78273192800009,8.4686733510000636],[124.78360192300011,8.467699418000052],[124.78423492000002,8.4673314420000452],[124.78528791500003,8.4664875000000279],[124.7867679090001,8.4657205500000714],[124.78696003500011,8.4651157950000311],[124.78743798800008,8.4636819330000321],[124.78798763600003,8.4627618720000441],[124.78877436800008,8.4612842280000677],[124.78860504900001,8.4613714310000319],[124.78599490400006,8.4620790240000474],[124.7852708260001,8.4613941520000253],[124.78428790200007,8.4604899540000247],[124.78505211900006,8.4595049800000766],[124.78486344900011,8.4593441670000402],[124.78468478200011,8.4591519510000239],[124.78445771000008,8.4589976190000584],[124.78435637200005,8.4591284990000304],[124.78412599300009,8.4589351980000629],[124.78383182900006,8.4587240580000298],[124.78328143900001,8.4581680450000363],[124.78299948500012,8.4579154480000511],[124.78262850400006,8.4576389810000592],[124.78221788500002,8.4572745610000766],[124.78458327600003,8.4532533760000206],[124.78490704900003,8.4501775340000336],[124.78888945500012,8.442748745000074],[124.79008861400007,8.44294061100004],[124.79186336900011,8.443228409000028],[124.79574864400001,8.4446194330000708],[124.79839577000007,8.4461972400000604],[124.79525249900007,8.4528158140000755],[124.79380609900011,8.4556840120000629],[124.80294577500001,8.4641170500000271],[124.79774098900009,8.4707895780000513],[124.79606708300003,8.4729400510000232],[124.78466056600007,8.4806974720000312]]]},"properties":{"brgy_name":"Puerto","city_name":"Cagayan de Oro City","prov_name":"Misamis Oriental"}},{"type":"Feature","geometry":{"type":"Polygon","coordinates":[[[124.66429544000005,8.5013218950000464],[124.66413329400007,8.5014005870000346],[124.66411836800012,8.5014090380000766],[124.66395832600006,8.5009104430000662],[124.66383829400002,8.5003903040000637],[124.66369671700011,8.4997593670000242],[124.66333046600005,8.4993561820000423],[124.66209629000002,8.4988945200000217],[124.66161308400001,8.4987314000000538],[124.66156111300006,8.4995047060000388],[124.66153614000007,8.4998732430000246],[124.66151069700004,8.5001958190000551],[124.66019424300009,8.5010397090000538],[124.65883695800005,8.5020091980000529],[124.65768280300006,8.5028248010000311],[124.6575280190001,8.502836999000067],[124.65742447300011,8.5026659390000532],[124.65696744000002,8.5019299470000647],[124.65632763200006,8.5008838530000617],[124.65492231000007,8.5013959760000262],[124.65453704900006,8.5007829220000417],[124.65328318500008,8.4990824770000586],[124.65197779300001,8.4976396750000731],[124.65119201100003,8.4967099490000351],[124.64968418400008,8.4955168340000569],[124.64850740000008,8.4948630650000609],[124.64912449100007,8.4944542930000466],[124.6494854880001,8.4940321780000545],[124.6495156740001,8.4939424040000517],[124.64955564600007,8.4938824460000433],[124.64977105000003,8.49360486300003],[124.64993760000004,8.4933783550000612],[124.65000422000003,8.4932051430000683],[124.65002864700011,8.4930918890000271],[124.65004292900005,8.4929788530000678],[124.65019442900007,8.4924272330000576],[124.65045921700005,8.492360905000055],[124.65055009600007,8.4927830890000564],[124.65107220300001,8.4926859360000435],[124.65159442300001,8.4924823820000483],[124.65151299100012,8.4921572600000559],[124.65149714500001,8.4921219380000252],[124.65150659000005,8.4921199490000276],[124.65224533600008,8.4919665670000768],[124.6530866280001,8.4919836670000564],[124.65370904700001,8.4919870860000515],[124.65398292600003,8.4922744120000289],[124.65424323700006,8.4918971330000659],[124.65452705200005,8.4915817840000614],[124.65498255600005,8.4912313960000461],[124.65543455600005,8.490923055000053],[124.65563368200003,8.4907957870000246],[124.65614620700001,8.4912551360000634],[124.65690686100004,8.4919301310000606],[124.65701678200003,8.4919737060000671],[124.65743428300004,8.4920983510000383],[124.65784228700011,8.4919113490000768],[124.65796857400005,8.4918287770000234],[124.65807543200003,8.4917923480000468],[124.65813466400004,8.4917920370000388],[124.65855872300006,8.4918020620000334],[124.65887201200007,8.4918214910000529],[124.65896429800011,8.4922586380000666],[124.65974086900007,8.4921961930000407],[124.65991345300006,8.4920189750000645],[124.65991634800002,8.4918597880000561],[124.66000028300004,8.4918337390000715],[124.66004659200007,8.4916398210000352],[124.66011026700005,8.491506682000022],[124.66026655900009,8.4913909100000637],[124.66039969800011,8.4913474950000705],[124.66050968100001,8.4913272350000284],[124.66063360200008,8.4912721340000417],[124.66059318700002,8.4911473560000559],[124.66066083100009,8.4911266220000243],[124.66082734000008,8.4910867820000249],[124.66085696400012,8.4911082340000235],[124.66088658900003,8.4911072120000313],[124.66094685900009,8.4911644180000394],[124.66100815100003,8.4911725900000761],[124.66104696900004,8.4911868920000302],[124.66115422900009,8.4911102770000753],[124.6612065170001,8.4910336870000265],[124.66131300000006,8.490932813000029],[124.66136258300003,8.490894456000035],[124.66140094100001,8.4908598410000309],[124.66149355900006,8.4908860360000631],[124.66154782000001,8.490932813000029],[124.66158524200011,8.4909084890000486],[124.66160301700006,8.4908504860000562],[124.66164605200004,8.4908261620000758],[124.66170877700006,8.4908308510000552],[124.66181019600003,8.4909057070000244],[124.66193334600007,8.4909032920000413],[124.66204442300011,8.4909057070000244],[124.66205891100003,8.4909950520000734],[124.66209030300001,8.4910336870000265],[124.66214342600006,8.4910892250000529],[124.66220379400011,8.4911447640000688],[124.66225208900005,8.491176155000062],[124.66236799500007,8.4912099610000382],[124.66236873200012,8.4911454050000543],[124.66241923600012,8.4910443970000529],[124.66252024300002,8.4909602240000481],[124.66254830100002,8.4909882820000462],[124.66254830100002,8.4910500080000588],[124.66259880500002,8.4910387850000575],[124.66268297800002,8.4910163390000548],[124.66275031600003,8.4910163390000548],[124.66289060400004,8.4910612320000496],[124.66290182700004,8.4909938930000521],[124.66286815800004,8.4909826700000508],[124.66284571200003,8.4909153320000428],[124.66281765400004,8.490831159000038],[124.66277276200003,8.49080310100004],[124.66270542400002,8.49080310100004],[124.66267515000004,8.4907512030000589],[124.66285039900004,8.4907171280000284],[124.66286815800004,8.4907301510000366],[124.66291866200004,8.4907638200000406],[124.66298038900004,8.4908255470000427],[124.66301967000004,8.490870439000048],[124.66301405800004,8.490702094000028],[124.66300844600005,8.4906628130000286],[124.66301967000004,8.4906179210000232],[124.66304211600004,8.4905898630000252],[124.66308139600005,8.4905786400000238],[124.66319362700006,8.4906852590000312],[124.66320715600011,8.4906028810000294],[124.66321121300007,8.490570430000048],[124.66319077700007,8.4905482910000387],[124.66319609300001,8.490550393000035],[124.66324088600004,8.4905602290000388],[124.66325084100004,8.4905651500000658],[124.66325581800004,8.4905651490000764],[124.66333794700006,8.4906242020000491],[124.66378327100006,8.4900605200000427],[124.66453684800001,8.4906362930000228],[124.66474022800003,8.4908026630000677],[124.66335739200008,8.4925937190000695],[124.66335991200003,8.4927684600000362],[124.66332275500008,8.4937016580000204],[124.66328179700008,8.4951283370000397],[124.66322092300004,8.4971102250000285],[124.66321150700003,8.4971383790000345],[124.66320679800003,8.4971453680000764],[124.66320680500007,8.4971803080000541],[124.66320916200004,8.4971896250000327],[124.66321387400001,8.4971989410000219],[124.66322330200001,8.4972431970000457],[124.66322095200007,8.4972711490000279],[124.66322341400007,8.4978558090000433],[124.66344487600009,8.4982693980000477],[124.66417227000011,8.4996651480000764],[124.66445914400003,8.5002018890000386],[124.6643979160001,8.5002438280000661],[124.66428257300004,8.5005746130000261],[124.66429200400012,8.5006305150000685],[124.66440040500004,8.5009682480000492],[124.66439571500007,8.5010789610000757],[124.66439336100007,8.5010859490000712],[124.66439336400003,8.5010975960000223],[124.66438865700002,8.5011162310000259],[124.66438394800002,8.5011278790000233],[124.66437688500002,8.5011395270000207],[124.66437453200001,8.5011488440000562],[124.66435334200003,8.5011884470000609],[124.66435098900001,8.5012000940000689],[124.66433215300003,8.5012327080000318],[124.66432508900004,8.5012396970000736],[124.66427328200007,8.501276975000053],[124.66427092800006,8.5012839640000379],[124.66427328500004,8.5012956100000565],[124.66429544000005,8.5013218950000464]]]},"properties":{"brgy_name":"Puntod","city_name":"Cagayan de Oro City","prov_name":"Misamis Oriental"}},{"type":"Feature","geometry":{"type":"Polygon","coordinates":[[[124.51402905000009,8.3798349890000736],[124.51281855800005,8.379305190000025],[124.50883085800001,8.3806535100000588],[124.5080033480001,8.3802826070000265],[124.50660016100005,8.3775780510000573],[124.50506785200002,8.3776461450000284],[124.50220132300001,8.3791564990000325],[124.50122189500007,8.3806369570000356],[124.50042678900002,8.380957962000025],[124.49969228100008,8.3806430630000364],[124.49786032700001,8.3767223500000227],[124.49614854200001,8.37666379500007],[124.49526730100001,8.3760105430000635],[124.49430613700008,8.3740672830000449],[124.49489414600009,8.3729358840000714],[124.49713810000003,8.3731016260000501],[124.50000495100005,8.3751539480000474],[124.50135408300002,8.3751840980000338],[124.50082766100002,8.3712562070000445],[124.50155812600008,8.3712523940000665],[124.52707897000005,8.3409084990000224],[124.53702395000005,8.3327330530000268],[124.54701491700007,8.324602761000051],[124.5470387580001,8.3245833600000765],[124.55309215600005,8.3482244180000293],[124.55309316900002,8.3482283710000615],[124.54670852400011,8.3490892220000319],[124.53783515900011,8.3614415950000307],[124.51402905000009,8.3798349890000736]]]},"properties":{"brgy_name":"Tuburan","city_name":"Cagayan de Oro City","prov_name":"Misamis Oriental"}},{"type":"Feature","geometry":{"type":"Polygon","coordinates":[[[124.5767789790001,8.4491670460000705],[124.57519253900011,8.4499849810000569],[124.56859979300009,8.4568891950000307],[124.55914532800011,8.4584098880000624],[124.55882532600003,8.457761936000054],[124.55866432300002,8.4567230120000545],[124.55875632200002,8.4565390250000405],[124.55932031800012,8.4556650860000673],[124.55948831400008,8.4546041620000665],[124.55874831500012,8.4544391770000402],[124.55868031200009,8.4537702250000279],[124.55881731200009,8.4536322350000432],[124.55923730900008,8.453196265000031],[124.55963330600002,8.4525753080000641],[124.55954930300004,8.4515823800000476],[124.55945830100006,8.4509584260000565],[124.5590462990001,8.4501494860000435],[124.55856529800008,8.4496615230000316],[124.55773429600004,8.4488275860000499],[124.5578482950001,8.4483446200000571],[124.55806229300003,8.4481146360000707],[124.55841328800011,8.4469397200000458],[124.55781828700003,8.4462207740000395],[124.55705528700003,8.4458018070000662],[124.55640628600008,8.4451298580000298],[124.55588028500006,8.4447108900000671],[124.55518528500011,8.4442469260000621],[124.55477328400002,8.4438289580000401],[124.55542228100012,8.4433939870000358],[124.55609327800005,8.4429350180000711],[124.55478127800006,8.4420060890000741],[124.55425527700004,8.4416801150000538],[124.55374327700008,8.4412851450000517],[124.55358327600004,8.4409851680000543],[124.5532632820001,8.4406602010000711],[124.55324727100003,8.4392062970000552],[124.55320226900005,8.4387683290000268],[124.55299626800002,8.4384893500000544],[124.55250726800011,8.438234370000032],[124.55175226800009,8.4376764130000765],[124.55101226600004,8.4367954790000681],[124.55076026500001,8.4363555120000342],[124.55053126200005,8.4355005750000487],[124.55081425900005,8.4346716340000398],[124.55098225600011,8.4339346860000433],[124.55093625500001,8.4335417150000467],[124.55038625400005,8.4329627590000769],[124.54955525300011,8.4322878110000374],[124.54854025400005,8.4320298330000583],[124.54830425400007,8.4319588390000604],[124.54768625200006,8.4310789050000494],[124.54750243300009,8.4305180440000527],[124.55189635000011,8.4213294000000474],[124.55456094700003,8.4220758150000279],[124.55583744000012,8.4221407210000621],[124.55684349000012,8.4221731750000686],[124.55749255400008,8.42267079100003],[124.55783872200004,8.4230926820000604],[124.55793452700004,8.4231917120000617],[124.55776299700005,8.4237417460000756],[124.55809834700005,8.4237958350000213],[124.55939647600007,8.4237958350000213],[124.56080278100001,8.423460485000021],[124.56152757000007,8.4231143180000458],[124.56187373700004,8.4224868890000266],[124.5623389000001,8.4220649970000636],[124.5630853240001,8.4220541800000319],[124.56379929400009,8.4222921700000484],[124.56446999400009,8.4225842490000673],[124.56526131200008,8.4229505720000475],[124.56603285000006,8.423003781000034],[124.5667334420001,8.4230835950000369],[124.56719459100009,8.4233851160000768],[124.56707930300001,8.4241655220000666],[124.56663589100003,8.4250966880000533],[124.56639644800009,8.4256731240000704],[124.56654720900008,8.4262672970000381],[124.56716798600007,8.4264269250000439],[124.56800515100008,8.4264445780000301],[124.56847465500005,8.4265189110000733],[124.56939007500011,8.4264753200000655],[124.57056704400009,8.4262791580000567],[124.57071961400004,8.426954826000042],[124.57047986100008,8.4279138380000518],[124.57043627000007,8.4291126030000214],[124.5708285930001,8.4308562610000308],[124.57132989500008,8.4318370680000498],[124.57135169000003,8.4322729830000753],[124.57085038900004,8.4325781230000416],[124.56956444100001,8.4323165740000263],[124.56821310600003,8.4323819620000222],[124.56692715800011,8.4324909400000365],[124.56612071600011,8.4324909400000365],[124.56476938100002,8.4322075960000689],[124.5634834330001,8.4319460470000536],[124.5627641750001,8.4320550260000573],[124.5627641750001,8.4327742850000504],[124.56341804600004,8.4338858670000718],[124.5643334670001,8.4348012870000275],[124.56559761900007,8.4354333630000724],[124.56677458800004,8.4370244510000703],[124.56773360000011,8.4382668070000477],[124.5684528590001,8.4396181420000289],[124.56849645000011,8.4408822950000513],[124.56899775200009,8.4424515870000505],[124.56880159100001,8.4438247180000303],[124.56869261200006,8.4449798910000595],[124.56936827900006,8.4458735160000629],[124.57041447400002,8.4470504850000339],[124.57124271200007,8.4473992170000543],[124.57250686400005,8.4467017530000703],[124.57337869300011,8.4460914730000241],[124.57420586300009,8.4463661010000237],[124.57494295400011,8.4467279460000668],[124.57558623300008,8.4473176180000564],[124.57615581500011,8.4478321820000701],[124.57652434800002,8.4485237670000402],[124.5767789790001,8.4491670460000705]]]},"properties":{"brgy_name":"San Simon","city_name":"Cagayan de Oro City","prov_name":"Misamis Oriental"}},{"type":"Feature","geometry":{"type":"Polygon","coordinates":[[[124.73442400500005,8.4886452260000738],[124.73441654400006,8.4886550730000749],[124.73441157000002,8.4886649200000761],[124.73440908600003,8.4886747650000416],[124.73439167800007,8.4887043050000557],[124.73434441200004,8.4887437000000432],[124.73433446100012,8.4887510870000256],[124.73432451000008,8.4887560130000566],[124.73431704800009,8.4887658610000472],[124.73430958500012,8.4887707860000319],[124.73430212300002,8.488780633000033],[124.73429466000005,8.4887855580000746],[124.73428470900001,8.4887954060000652],[124.73426232300005,8.4888200250000523],[124.73425984200003,8.4888397150000401],[124.73425486800011,8.4888495620000413],[124.7342523850001,8.4888643300000695],[124.73424492300012,8.4888717160000624],[124.73424243900001,8.4888840220000361],[124.73423746600008,8.4888938690000373],[124.73422254400009,8.4889160240000479],[124.73421508100012,8.4889234100000408],[124.73420513000008,8.4889307970000232],[124.73417278400007,8.4889406540000323],[124.73413545800008,8.4889406670000653],[124.73412550300009,8.488935748000074],[124.73410559100012,8.4889234500000725],[124.7340831890001,8.4889062300000546],[124.73405829600006,8.4888816270000689],[124.7340309110001,8.4888471810000397],[124.73401099200009,8.4888151930000504],[124.73398609100002,8.488768440000058],[124.73397613400005,8.4887610600000585],[124.73395870900004,8.4887438390000511],[124.73393879700006,8.488729079000052],[124.73393381700009,8.4887216970000736],[124.73390394900002,8.4887020190000726],[124.73384420900004,8.4886528170000588],[124.73383673900003,8.4886405140000534],[124.73381184600009,8.4886159110000676],[124.73380437600008,8.4886036080000622],[124.73377948100006,8.48857408300006],[124.73376952500007,8.4885667030000604],[124.73376205500006,8.488554400000055],[124.73374214300009,8.4885396400000559],[124.73372720500004,8.4885199560000615],[124.7337147610001,8.4885150380000596],[124.73367743500012,8.4885150520000252],[124.73366747800003,8.4885076720000257],[124.73366747400007,8.4884953660000519],[124.73366249300011,8.4884855230000653],[124.73365501600006,8.4884535310000615],[124.73364505400002,8.4884313840000232],[124.7336375860001,8.488421542000026],[124.73363011200001,8.4883993940000551],[124.73361268100007,8.4883649440000681],[124.7336077010001,8.4883575620000329],[124.73358778800002,8.4883428020000338],[124.7335803200001,8.4883354210000448],[124.73355791900008,8.4883206620000351],[124.73353053800008,8.488298521000047],[124.73351809100006,8.488283759000069],[124.73348362200011,8.4882678230000579],[124.73347615400007,8.4882604430000583],[124.73345873100004,8.4882481430000212],[124.73343882000006,8.4882383060000279],[124.73340397900006,8.4882309350000469],[124.73337411900002,8.4882309450000548],[124.73336665500005,8.4882358700000395],[124.73336168200001,8.4882457170000407],[124.73335919700003,8.488255562000063],[124.73335920600005,8.4882801740000673],[124.73333931200011,8.4883170980000386],[124.73332936300005,8.4883294070000375],[124.73330945900011,8.4883392590000426],[124.73328955700003,8.488351572000056],[124.73326467600009,8.4883614250000505],[124.73323979200006,8.488361434000069],[124.73322734800001,8.4883565160000671],[124.73320494400002,8.4883319130000245],[124.73319250200007,8.4883319170000391],[124.73317508800005,8.4883466900000712],[124.73316015800003,8.4883466950000752],[124.73313776000009,8.488341781000031],[124.73313029200006,8.488334400000042],[124.73310789100003,8.4883196410000323],[124.73309793300007,8.4883073390000732],[124.73309294900002,8.4882876520000536],[124.73309792300006,8.4882778050000525],[124.73310040800004,8.4882679600000301],[124.73310040300009,8.4882556540000564],[124.73310288900007,8.4882482700000423],[124.73312527600001,8.4882261120000635],[124.73312776000012,8.4882138050000435],[124.73312775600004,8.4882014990000698],[124.73310784100011,8.4881818170000543],[124.73308792900002,8.4881670570000551],[124.7330754840001,8.488159678000045],[124.73306801800004,8.4881572200000619],[124.73305557200001,8.4881473800000435],[124.7330257000001,8.4881153960000688],[124.73299832000009,8.4880932550000239],[124.7329460520001,8.4880637400000296],[124.73293361000003,8.4880612830000359],[124.73291120900001,8.4880489850000345],[124.73290125500012,8.4880465280000408],[124.73285396500012,8.4880194720000759],[124.73283156400009,8.488002252000058],[124.73278676400002,8.4879801170000633],[124.73276934100011,8.4879678180000724],[124.7327643640001,8.4879678200000512],[124.73272951700005,8.4879407590000255],[124.73271707200001,8.4879333800000722],[124.73270462500011,8.4879186180000374],[124.73269217900008,8.4879087770000297],[124.7326697740001,8.4878817130000357],[124.73266230400009,8.4878694100000303],[124.73265483600005,8.4878620290000413],[124.73264985500009,8.4878497250000464],[124.73263242900009,8.4878300420000414],[124.73262247000002,8.4878152780000278],[124.73260753700004,8.4878079000000639],[124.73257268900011,8.4877808400000276],[124.73256024500006,8.4877734610000743],[124.73255277700002,8.4877660800000285],[124.73252788600007,8.4877488610000569],[124.73252041800004,8.4877414800000679],[124.7325079740001,8.4877341010000578],[124.73247810300006,8.4877070390000426],[124.73244076800006,8.4876824400000714],[124.73242583600006,8.487677523000059],[124.73240592800005,8.4876775300000418],[124.73237607500005,8.4876972300000375],[124.73235616800002,8.4876996980000285],[124.73234372500008,8.4876972410000349],[124.73232630000007,8.4876800190000381],[124.7323213200001,8.4876701760000515],[124.73231882800007,8.4876603330000648],[124.73230139700001,8.4876283440000293],[124.73226903400007,8.4875914380000381],[124.73225907800008,8.4875840580000386],[124.73224663400003,8.4875791400000367],[124.73223667800005,8.4875717600000371],[124.73222672200006,8.4875668410000458],[124.73221676800006,8.4875643830000627],[124.73219437200009,8.4875643910000349],[124.73218690800002,8.4875668550000682],[124.73217198000009,8.48757424300004],[124.73216451700011,8.487581629000033],[124.73215705300004,8.4875840930000663],[124.7321471030001,8.4875939410000569],[124.73213963800004,8.4875964050000334],[124.7320837530001,8.4875988850000681],[124.73206384200012,8.4875890470000286],[124.73203148400012,8.487564447000068],[124.73201655100002,8.4875570690000472],[124.73199414500004,8.4875300040000639],[124.73198916100012,8.4875103170000443],[124.73198915900002,8.4875029340000765],[124.73198168800002,8.4874881690000734],[124.73197421900011,8.4874783270000762],[124.73193688300012,8.4874512680000294],[124.73189457300009,8.4874291330000347],[124.73187217500003,8.4874242180000579],[124.73185973300008,8.4874242230000618],[124.73184978000006,8.4874266870000383],[124.73183983000001,8.4874340740000207],[124.73182988500002,8.4874586890000501],[124.73182740000004,8.4874685350000618],[124.73181247800005,8.4874931510000238],[124.73180750400002,8.4875005370000736],[124.7317975520001,8.4875030010000501],[124.73082438400002,8.4869372780000276],[124.72962421600005,8.4862348430000338],[124.72911685000008,8.4869930520000594],[124.72917160300005,8.4870151830000395],[124.72913679700002,8.4871037970000316],[124.72897930500005,8.4870275550000542],[124.72899920300006,8.4870004760000484],[124.72900914100001,8.4869586330000288],[124.72903401100007,8.4869167850000622],[124.72906883000007,8.4868650890000481],[124.72910365400003,8.4868281590000265],[124.72916336600008,8.486801066000055],[124.72954387400011,8.4861881090000679],[124.72869881800011,8.4857811860000538],[124.72844993900003,8.4856680590000337],[124.72843002500008,8.485648377000075],[124.72839767000005,8.4856311600000254],[124.72838771500005,8.4856287020000423],[124.72837776000006,8.4856237830000509],[124.72836780600005,8.4856237860000761],[124.72833544900004,8.4855991860000586],[124.72832798000002,8.4855893440000614],[124.72832050800002,8.4855696570000418],[124.72832299300001,8.4855598120000764],[124.72833294300005,8.4855499640000289],[124.72834537800009,8.4855302700000266],[124.72834536900007,8.4855056590000686],[124.72834287700005,8.4854958150000357],[124.72834284900011,8.4854170580000527],[124.72834035800008,8.4854072140000767],[124.72834034300001,8.4853653750000717],[124.72833286900004,8.4853407660000357],[124.72818271900007,8.4853420060000531],[124.72816032100002,8.4853370910000763],[124.72815285400009,8.4853321720000281],[124.72814041100003,8.4853272540000262],[124.72812298700001,8.4853124930000376],[124.72808067500011,8.4852854350000371],[124.72807071800003,8.4852755930000399],[124.72806076300003,8.485270675000038],[124.72800849500004,8.4852362360000484],[124.72799107300011,8.485228859000074],[124.72798360600007,8.4852239390000364],[124.72793632000003,8.4852042660000393],[124.72786911800006,8.4851599890000671],[124.72780192300002,8.4851329390000387],[124.72778948000007,8.485130482000045],[124.72776708000004,8.4851181840000436],[124.72775712600003,8.4851157260000605],[124.7277197950001,8.4851009720000548],[124.72770735000006,8.4850935930000446],[124.72767250900006,8.4850812990000577],[124.72764762300005,8.4850763860000598],[124.72763020200011,8.485069008000039],[124.72761527200009,8.485069013000043],[124.72760780500005,8.4850640930000623],[124.72758043200008,8.4850641030000702],[124.72757296600003,8.4850616440000408],[124.72756301300001,8.4850616480000554],[124.72753066100006,8.4850542750000386],[124.72750826300012,8.4850468990000536],[124.72747342300011,8.4850395280000726],[124.72744356300007,8.4850395380000236],[124.72741370000006,8.485034626000072],[124.72737388300004,8.4850247950000721],[124.72728181200011,8.4850248260000285],[124.72726688100011,8.4850223700000242],[124.72711508900011,8.4850224220000428],[124.72708771500004,8.4850175090000448],[124.72704596100004,8.4850212210000677],[124.72702107700002,8.48502122900004],[124.72698623700012,8.4850138580000589],[124.72696632700001,8.4850064810000276],[124.72696135100011,8.4850064830000633],[124.72695388400007,8.4850015630000257],[124.72690162100002,8.4849843520000263],[124.72687922200009,8.4849745150000331],[124.72686926600011,8.4849671350000335],[124.72685931100011,8.4849622160000422],[124.72681700400005,8.4849499250000235],[124.72678216100007,8.4849351700000284],[124.72675976300002,8.4849277940000434],[124.72674980700003,8.4849204140000438],[124.72673985200004,8.4849154950000525],[124.72672242800002,8.4849007340000639],[124.72670998400008,8.484895816000062],[124.72669256200004,8.4848859770000331],[124.72665771700008,8.4848638390000701],[124.7266378060001,8.4848540010000306],[124.72662785000011,8.4848466210000311],[124.72657807400003,8.4848220260000744],[124.72656811700006,8.4848121850000666],[124.72610769200003,8.4845957600000474],[124.72585159300002,8.4851889830000573],[124.72582173500007,8.4851963760000331],[124.72580182800004,8.4851963830000727],[124.72578440400002,8.4851816220000273],[124.72575204100008,8.4851422550000279],[124.72573212900011,8.4851274940000394],[124.72571719300004,8.4851102710000532],[124.72570225800007,8.4850979710000729],[124.7253786230001,8.4846772230000624],[124.72468837100007,8.4837625130000447],[124.7246684700001,8.4837822090000259],[124.72408146900011,8.4845355160000508],[124.72402173000012,8.4844863130000476],[124.72463857900004,8.4836936170000286],[124.72458630100004,8.4836271830000669],[124.72405912900001,8.4829210940000621],[124.72431533500003,8.4826372110000534],[124.72433274200012,8.4826052110000205],[124.72427548600001,8.4825338570000213],[124.72350855000002,8.4818352690000438],[124.72330208700009,8.4820445340000674],[124.72329962600008,8.4821282140000562],[124.72320759200011,8.4822316130000672],[124.72287828200001,8.4819117720000463],[124.72296782800004,8.481808375000071],[124.72313459800012,8.4819559880000384],[124.72315948200003,8.4819559800000661],[124.7233709190001,8.4817368680000413],[124.72326637300011,8.4816351610000424],[124.72327383300001,8.4816203910000354],[124.72305478900012,8.4814161890000719],[124.72343537200004,8.4810148960000333],[124.72341545800009,8.4809938800000282],[124.72340301600002,8.4809938840000427],[124.72339555000008,8.4809914250000702],[124.72337812700005,8.4809766640000248],[124.72335572300005,8.4809520600000496],[124.7233333150001,8.4809151510000333],[124.72331091300009,8.4808930080000664],[124.72328353400007,8.4808733280000297],[124.72326611500011,8.4808708720000254],[124.72323127800007,8.4808708840000691],[124.72322132300008,8.4808659650000209],[124.7232014110001,8.4808512040000323],[124.72318398300001,8.4808241380000595],[124.72313918000009,8.4807872350000366],[124.72310682500006,8.4807675570000356],[124.72310184500009,8.480757714000049],[124.72308442300005,8.4807454140000686],[124.72304958300003,8.4807380420000413],[124.72304212100005,8.4807478890000425],[124.72303217500007,8.480767581000066],[124.72302222400003,8.4807749680000484],[124.72301227100002,8.4807774320000249],[124.72300231800011,8.4807774360000394],[124.72298987400006,8.4807725180000375],[124.72298240800001,8.4807675980000568],[124.7229649840001,8.4807528370000682],[124.72293511200007,8.4807183900000496],[124.72298236800009,8.480649463000077],[124.72297738400005,8.4806273140000599],[124.7229475150001,8.480602713000053],[124.72289276300012,8.4805781190000289],[124.72284049600012,8.4805436800000393],[124.72279320600001,8.4805092400000603],[124.72275586900003,8.480477257000075],[124.72274342500009,8.4804698780000649],[124.72266129000002,8.4804108370000222],[124.72265133400003,8.4804059180000309],[124.72264137900004,8.4803985380000313],[124.7226339130001,8.4803960790000588],[124.72261400000002,8.4803788580000514],[124.72258662200011,8.4803616390000229],[124.72257417900005,8.4803567200000316],[124.72254928900009,8.4803395000000705],[124.72252191200005,8.4803247420000503],[124.72250946700001,8.4803149020000319],[124.72248457900002,8.4803001430000222],[124.72245720700005,8.4803001520000407],[124.72244725500002,8.4803050770000254],[124.72242983600006,8.4803050830000757],[124.72240246100012,8.4802952480000613],[124.7223900140001,8.4802804850000371],[124.72239001100002,8.4802706400000716],[124.72238503000005,8.4802583360000767],[124.72238502700009,8.4802509520000626],[124.72238004700012,8.4802386480000678],[124.72237257800009,8.4802288060000706],[124.72235764300001,8.4802140440000358],[124.72231533200011,8.4801869850000458],[124.72229542100001,8.4801771470000631],[124.72228048700003,8.4801648460000365],[124.72223070900009,8.480135328000074],[124.72218967300012,8.4801166680000506],[124.72217723100005,8.4801142110000569],[124.72216976300001,8.4801068300000679],[124.72214985300002,8.4800969920000284],[124.7221448790001,8.4801043770000319],[124.72214239400012,8.4801142220000543],[124.72213244300008,8.4801216090000366],[124.72212249000006,8.48012407300007],[124.72208516500007,8.4801240850000568],[124.72208018600008,8.4801167040000678],[124.72206774000006,8.4801044020000518],[124.72206027100003,8.4800920990000463],[124.72205280300011,8.4800847180000574],[124.72204284200006,8.4800601090000214],[124.72202790200004,8.4800305810000509],[124.72202043300001,8.4800207380000643],[124.72200052000005,8.4800010560000487],[124.72199056400007,8.4799936760000492],[124.72196318600004,8.479973995000023],[124.72192834200007,8.4799543180000683],[124.72189847200002,8.4799247940000555],[124.72187357700011,8.4798903460000474],[124.72186362100001,8.4798829660000479],[124.72185117700008,8.4798755860000483],[124.72181882400002,8.4798608300000637],[124.72178896300011,8.4798583790000635],[124.72177901100008,8.4798633040000482],[124.72176657500006,8.4798805360000529],[124.72175662300003,8.479885462000027],[124.72173174000011,8.4798854700000561],[124.72172427400005,8.4798830110000267],[124.72171431800007,8.4798756310000272],[124.72167698700002,8.4798584150000238],[124.72166703100004,8.4798510350000242],[124.72165458800009,8.4798461170000223],[124.72164463200011,8.4798387360000334],[124.72160730200005,8.4798264430000359],[124.72158988100011,8.479819065000072],[124.72158241500006,8.4798141450000344],[124.72157246000006,8.4798116870000513],[124.72153512600005,8.4797846270000719],[124.72151272700012,8.4797723280000241],[124.72150774900001,8.4797674080000434],[124.72147290400005,8.4797452690000341],[124.72146543800011,8.4797428100000616],[124.72144552600002,8.4797255880000648],[124.7214131720001,8.4797108320000234],[124.71996365500002,8.4788749660000349],[124.71938195500002,8.4785774090000245],[124.71935210600009,8.478609413000072],[124.71933966400002,8.4786094170000297],[124.71932971000001,8.4786069590000466],[124.71931477500004,8.4785921970000686],[124.71930730700001,8.4785823550000714],[124.71927992900009,8.4785651360000429],[124.71927743800006,8.4785552920000669],[124.71928241100011,8.4785454460000551],[124.71929733600007,8.478528213000061],[124.71908081000004,8.4784052250000741],[124.71906090900006,8.4784224590000576],[124.7190484680001,8.4784273860000212],[124.71901612000011,8.4784273960000291],[124.71900616900007,8.4784347830000684],[124.7189987050001,8.4784372460000554],[124.71898875000011,8.4784323270000641],[124.71897879400001,8.4784249470000645],[124.71896883400007,8.4784052610000344],[124.71896136800001,8.4784003410000537],[124.7189439440001,8.4783831180000675],[124.71893646900003,8.4783535870000719],[124.71893646100011,8.4783289760000571],[124.71892899200009,8.4783166720000622],[124.71892152500004,8.4783092910000732],[124.71891157000005,8.4783043720000251],[124.71890161500005,8.478301914000042],[124.71888917100011,8.4782945350000318],[124.7188742400001,8.4782896170000299],[124.71884188600006,8.4782748600000559],[124.71880953100003,8.4782527200000573],[124.71878215600009,8.4782428850000429],[124.71874980300004,8.4782281280000689],[124.71874233500012,8.478220747000023],[124.71871993500008,8.4782059870000239],[124.71870251200005,8.4781912260000354],[124.71864029100004,8.4781543280000733],[124.71861291300002,8.4781346480000366],[124.71859051500007,8.4781248100000539],[124.71856811700002,8.4781174340000689],[124.71854571800009,8.4781051350000212],[124.71853576400008,8.4781026770000381],[124.71852580900008,8.4780977580000467],[124.71850340900005,8.4780829980000476],[124.71847852300004,8.4780756220000626],[124.71796620200007,8.477841521000073],[124.71796371700009,8.4778513660000385],[124.71795127500002,8.4778513700000531],[124.71793883400005,8.4778538350000758],[124.71791643900008,8.4778538420000586],[124.71790648400008,8.4778489230000673],[124.71789154300006,8.4778144720000341],[124.71788407500003,8.4778046290000475],[124.71787412000003,8.4777997100000562],[124.71783679500004,8.4777997220000429],[124.71782684100003,8.4777972640000598],[124.71780693100004,8.4777874260000203],[124.71779448400002,8.4777702020000447],[124.71776710300003,8.4777431380000507],[124.71770985900002,8.4777037780000342],[124.71767501700003,8.4776890220000496],[124.71766008600002,8.4776865650000559],[124.71764515300003,8.4776767250000375],[124.71763519900003,8.4776742670000544],[124.71762524300004,8.4776668870000549],[124.7176128000001,8.477661969000053],[124.71760533300005,8.4776570490000722],[124.71758044700005,8.4776472120000221],[124.71757049100006,8.4776398320000226],[124.71755804800011,8.4776349130000312],[124.71754560500005,8.4776324560000376],[124.71752569900002,8.477632462000031],[124.71752072100003,8.4776300030000584],[124.7174809280001,8.477691544000038],[124.71711508100009,8.4775046110000289],[124.71710272200005,8.4774929960000236],[124.71713256800001,8.4774486860000593],[124.71692600400002,8.4773478440000645],[124.71691356400004,8.4773527700000386],[124.71690361000003,8.4773527740000532],[124.71689116900006,8.4773552390000759],[124.71686877400009,8.4773552460000587],[124.71685881800011,8.4773454040000615],[124.7168513470001,8.477325717000042],[124.71684387800008,8.4773158750000448],[124.71683143600001,8.4773134180000511],[124.71681152700012,8.4773060410000767],[124.71678913200003,8.4773060480000595],[124.71677420100002,8.4773035910000658],[124.71676424600003,8.4772986720000745],[124.71675429200002,8.4772962140000345],[124.71672940300004,8.4772789940000735],[124.71670949300005,8.4772691550000445],[124.71669705200009,8.4772691590000591],[124.71668958700002,8.4772716230000356],[124.71666968400007,8.4772814740000513],[124.71665973300003,8.4772888600000442],[124.7166298730001,8.4772888700000522],[124.71660996100002,8.4772741090000636],[124.71657760700009,8.4772568910000246],[124.71654525500003,8.4772445950000588],[124.71653778900009,8.4772396750000212],[124.71652534600003,8.4772372180000275],[124.71650294800008,8.4772273810000343],[124.71646313200006,8.4772200090000638],[124.71644498300009,8.4772194400000558],[124.71627546800005,8.4776384630000621],[124.71624561200008,8.4776532400000519],[124.71623565900006,8.4776532430000771],[124.71621325800004,8.4776360220000697],[124.71620827900006,8.4776261790000262],[124.71620578700004,8.4776163350000502],[124.71621076000008,8.4776040280000302],[124.71621075700011,8.4775941830000647],[124.71622070400008,8.4775744910000412],[124.71623314100009,8.4775597200000448],[124.71636241600004,8.4771905080000352],[124.71634001600012,8.477175748000036],[124.7163300630001,8.4771757510000612],[124.71630019800011,8.4771609930000409],[124.71629024400011,8.4771585350000578],[124.71626038000011,8.4771462390000352],[124.71624793600006,8.4771388590000356],[124.71623051600011,8.4771339420000231],[124.71620811700006,8.4771216440000217],[124.71616829900006,8.4771068890000265],[124.71615585500001,8.477099509000027],[124.71615087800001,8.4770995110000626],[124.71612350200007,8.4770847530000424],[124.71610359300007,8.4770773750000217],[124.71607372700009,8.4770601570000395],[124.71604137400004,8.4770454000000655],[124.71603390900009,8.4770454020000443],[124.71601897700009,8.4770380230000342],[124.71598164900001,8.4770306510000637],[124.71595925200006,8.4770232750000218],[124.71594929600008,8.4770158940000329],[124.71593934200007,8.4770134360000498],[124.71592938800006,8.4770134390000749],[124.71591943300007,8.4770085200000267],[124.71590947900006,8.4770060620000436],[124.71590201300012,8.4770011420000628],[124.71585970800004,8.4769937720000712],[124.7158373100001,8.4769839340000317],[124.71581491100005,8.4769716350000408],[124.71579002800001,8.4769716430000699],[124.71577759100012,8.4769888750000746],[124.71577510500003,8.4769962590000318],[124.71577013100011,8.4770036440000354],[124.71549737100008,8.4775304150000466],[124.71546253500003,8.4775328870000521],[124.71536058300001,8.477751961000024],[124.71501963500009,8.4776093210000454],[124.71506191200001,8.4775330120000376],[124.71506439700011,8.4775207050000745],[124.71506439100006,8.4775034770000275],[124.71505941100008,8.4774911730000326],[124.71505194300005,8.4774837920000436],[124.71502954800008,8.4774837990000265],[124.7150220850001,8.4774887230000218],[124.71501462300012,8.4774985700000229],[124.71500964900008,8.4775059550000265],[124.71500467600004,8.4775182630000359],[124.71499223900003,8.4775330330000429],[124.71497482400002,8.4775453450000668],[124.71496487200011,8.4775502700000516],[124.71494994200009,8.4775502750000555],[124.71491260900007,8.4775256750000381],[124.71489518500005,8.4775059910000437],[124.71488522900006,8.4774986100000547],[124.71486763500002,8.4774891860000707],[124.71487509300005,8.4774670340000284],[124.71488006700008,8.4774571880000735],[124.71488006400011,8.4774473430000512],[124.71487508500002,8.4774399610000728],[124.71486512900003,8.4774325810000732],[124.7148526850001,8.4774252010000737],[124.7148377530001,8.4774202830000718],[124.71480789200007,8.4774153700000738],[124.7147481720001,8.4774153890000434],[124.71471084900008,8.4774227840000549],[124.7146710400001,8.4774375630000236],[124.71466108700008,8.4774375660000487],[124.71461381200004,8.4774474250000367],[124.71458892800001,8.4774474330000658],[124.71457897400012,8.4774449750000258],[124.71457150800006,8.477440055000045],[124.71456403900004,8.4774302120000584],[124.71455657000001,8.4774154480000448],[124.71455655900002,8.4773809920000645],[124.71454909200008,8.4773736110000755],[124.71453913700009,8.4773686910000379],[124.7145341590001,8.4773637710000571],[124.71452917700003,8.4773490050000646],[124.71452916500004,8.4773096270000678],[124.71453413800009,8.4772997810000561],[124.71454160000008,8.4772899340000549],[124.71455652100008,8.4772603960000765],[124.71455900600006,8.4772505500000648],[124.71455900300009,8.4772407060000319],[124.71455651100007,8.4772284010000476],[124.7145515310001,8.477218558000061],[124.71454406400005,8.4772111760000257],[124.7145440590001,8.4771964100000332],[124.71454654400009,8.4771865640000215],[124.71455400500008,8.4771742560000689],[124.71456146800006,8.4771668710000654],[124.71457390800003,8.477161944000045],[124.71458883300011,8.4771471730000485],[124.71458882700006,8.4771250230000419],[124.71458633500004,8.4771151790000658],[124.71459379400005,8.4770954870000423],[124.71460125600004,8.4770856400000412],[124.71460374200001,8.4770782560000271],[124.71461120300012,8.4770659480000745],[124.71462115300005,8.4770561010000733],[124.71463358900007,8.4770388690000686],[124.71466840700009,8.4769797900000299],[124.71466839900006,8.4769527180000637],[124.71467337000001,8.4769354880000378],[124.71467833300005,8.476893647000054],[124.71467832900009,8.4768788800000721],[124.71468081400008,8.4768690350000497],[124.71469822600011,8.4768493410000474],[124.71470319700006,8.4768296500000702],[124.71471065800006,8.4768173420000608],[124.71472807200007,8.4768050310000262],[124.71474050900008,8.4767902600000298],[124.71474548000003,8.4767705690000525],[124.71474547000003,8.4767385740000236],[124.71474049000005,8.476728731000037],[124.71473799500006,8.4767065820000767],[124.71474048000005,8.4766967360000649],[124.71474545400008,8.4766893510000614],[124.71475042400004,8.4766671990000759],[124.7147504190001,8.4766524320000372],[124.71474295000007,8.4766376680000235],[124.7147105900001,8.4766032220000511],[124.71470810000005,8.4765958390000264],[124.71469067500004,8.476576155000032],[124.71467325300011,8.4765638550000517],[124.71466578700006,8.4765613960000223],[124.71462347800002,8.4765367980000406],[124.71458116600002,8.4765048160000447],[124.71453886000006,8.476490062000039],[124.71451895000007,8.4764802230000669],[124.71450401600009,8.4764679220000403],[124.71449903700011,8.4764580790000537],[124.71449156900007,8.4764482370000565],[124.71448410200003,8.4764433170000757],[124.71447165900008,8.4764383980000275],[124.71445423700004,8.4764260980000472],[124.71444179300011,8.4764211790000559],[124.71443183800011,8.4764137990000563],[124.71357203000002,8.4760269800000287],[124.71355958800007,8.4760269840000433],[124.7135521240001,8.4760294470000304],[124.71354217800001,8.4760516010000515],[124.71354218500005,8.4760762120000663],[124.71353969900008,8.4760835960000236],[124.71352477800008,8.47611067400004],[124.71351482800003,8.4761205210000412],[124.71350985200002,8.4761229840000283],[124.7128095920001,8.4758748740000556],[124.71278968600006,8.475874880000049],[124.71277973200006,8.4758724220000659],[124.71276728900011,8.4758675040000639],[124.71274489000007,8.4758552050000731],[124.7127025850001,8.4758453730000269],[124.71268267900007,8.4758453790000203],[124.71264783900006,8.475833084000044],[124.71263539600011,8.4758306270000503],[124.71262544100011,8.4758257070000695],[124.71261548600012,8.47581832700007],[124.71260055100004,8.4758035650000352],[124.71258063700009,8.4757789590000243],[124.71255823800004,8.4757666600000334],[124.71254579700008,8.4757691250000562],[124.71253833500009,8.4757765110000491],[124.71251843300001,8.4757912840000245],[124.71251097100003,8.4758011310000256],[124.71250101900011,8.4758060560000672],[124.71248857800003,8.4758085210000331],[124.71247613700007,8.4758085250000477],[124.71246618300006,8.4758060670000646],[124.71244129600007,8.4757937680000737],[124.71243134000008,8.4757863880000741],[124.71242387200004,8.4757765460000769],[124.71242386500012,8.475754395000024],[124.71240892900005,8.4757347110000296],[124.71239648400001,8.4757224090000705],[124.71192797300012,8.4756019540000693],[124.71189810900012,8.4755896570000573],[124.71187322500009,8.4755872040000213],[124.71186576100001,8.4755896670000652],[124.7118533260001,8.4756118210000295],[124.71184337500006,8.4756167470000605],[124.71182098000008,8.4756167530000539],[124.71180355800004,8.475606914000025],[124.71179359900009,8.4755872280000517],[124.71179359600001,8.4755773830000294],[124.7117861270001,8.475565080000024],[124.71178363600006,8.4755552360000479],[124.71177368100007,8.4755503170000566],[124.7117562630001,8.4755503220000605],[124.7117413310001,8.4755454040000586],[124.71170898600008,8.4755552580000426],[124.71167166100008,8.4755552700000294],[124.71161691600003,8.4755479030000629],[124.71157212300011,8.4755380710000736],[124.71154972500005,8.4755282330000341],[124.71153977000006,8.4755208530000345],[124.71154474000002,8.4755011620000573],[124.71153478500003,8.4754937820000578],[124.71152483100002,8.4754913240000747],[124.71148501700009,8.4754913360000614],[124.71147755100003,8.4754864150000344],[124.71143027300002,8.4754864300000463],[124.71142031800002,8.4754839710000738],[124.71140787700006,8.4754839750000315],[124.71139543300001,8.4754765950000319],[124.71135810300007,8.4754618400000368],[124.71133570800009,8.4754618460000302],[124.71132077800007,8.4754593900000259],[124.71129340400012,8.4754520140000409],[124.71128096100006,8.475447096000039],[124.7112585640001,8.4754421800000728],[124.71124114300005,8.4754348020000521],[124.71117395400006,8.4754225160000374],[124.71116897700006,8.4754200560000754],[124.71038220000003,8.4752266130000748],[124.71037224500003,8.4752192330000753],[124.71034984700009,8.4752093950000358],[124.71032247000005,8.4751897140000665],[124.71030753900004,8.4751872570000728],[124.71026274900009,8.475187270000049],[124.7102403560001,8.4751921990000483],[124.71022791600001,8.4751971250000224],[124.71011843000008,8.4751971580000713],[124.71006368400003,8.4751873290000503],[124.71004875200003,8.4751824110000484],[124.71002138100005,8.4751824200000669],[124.70999152000002,8.475179967000031],[124.70996414700005,8.4751750530000436],[124.70995170500009,8.4751750570000581],[124.70993677500007,8.4751726000000644],[124.70985714800008,8.4751726230000486],[124.70984221700007,8.4751677060000361],[124.70976394500008,8.4751578840000548],[124.70972413200002,8.4751578960000415],[124.70969924800011,8.4751529810000648],[124.70965445400009,8.4751406890000567],[124.70962210500011,8.4751357760000587],[124.70958726800006,8.4751357870000561],[124.70957731300007,8.4751308670000753],[124.70950515200002,8.4751308890000701],[124.70949271100005,8.4751333530000466],[124.70948027100007,8.4751382790000207],[124.70945290100008,8.4751432100000557],[124.7094354840001,8.4751481370000761],[124.70942553300006,8.4751530620000608],[124.70940313900007,8.4751579910000601],[124.70937576800009,8.4751579990000323],[124.70936332700012,8.4751604640000551],[124.70927623600005,8.4751604900000643],[124.70924886300008,8.475155576000077],[124.70923890800009,8.4751506560000394],[124.70919660200002,8.4751359020000336],[124.70918167100001,8.47513344500004],[124.70917420500007,8.4751285250000592],[124.70915927400006,8.4751260680000655],[124.70914434300005,8.4751211500000636],[124.70912941200004,8.4751186930000699],[124.70911697100007,8.4751186970000276],[124.70910701600008,8.4751137780000363],[124.70909457400012,8.4751113200000532],[124.70907217600006,8.4751014820000705],[124.70905973400011,8.4751014860000282],[124.70905476000007,8.47511133200004],[124.70905725200009,8.4751211760000729],[124.70906472000001,8.4751310180000701],[124.70907716200009,8.4751334760000532],[124.70908711700008,8.4751383950000445],[124.70909458400001,8.4751457760000335],[124.70910454300008,8.475165463000053],[124.70910454600005,8.4751753070000291],[124.70909957400011,8.4751900760000467],[124.7090821590001,8.4751999250000267],[124.70906225400006,8.4752073150000342],[124.70904981500007,8.4752147020000734],[124.7090423520001,8.475222087000077],[124.70903240000007,8.4752270120000617],[124.70899609600008,8.4752344060000269],[124.70889656300005,8.4752344360000507],[124.70888412200009,8.4752369010000734],[124.70884679500011,8.4752295280000567],[124.70880698200006,8.4752295400000435],[124.70876965600007,8.4752246290000244],[124.70869500600008,8.4752246510000759],[124.70865768300007,8.4752320450000411],[124.70864773200003,8.4752369700000258],[124.70863280200001,8.475239436000038],[124.70861787300009,8.4752394400000526],[124.70858055000008,8.475246835000064],[124.70855566700004,8.4752468420000469],[124.70855069200002,8.4752517660000422],[124.70853576200011,8.4752542310000649],[124.70851834600012,8.4752616200000261],[124.70850590600003,8.4752640840000595],[124.70841632600002,8.4752641110000582],[124.7083839820001,8.4752788870000586],[124.70833671300011,8.4753084350000449],[124.7083143210001,8.4753182860000607],[124.70830437000006,8.4753256720000536],[124.70829441800004,8.4753281360000301],[124.70828446700011,8.475335522000023],[124.70826207500011,8.4753478350000364],[124.70824229800007,8.4757810020000761],[124.70821748600008,8.4758001390000572],[124.70820504500011,8.4758026040000232],[124.70819509400008,8.4758075290000647],[124.70818514200005,8.4758149160000471],[124.70816523700012,8.4758198440000569],[124.70815279600004,8.4758198480000715],[124.7081279140001,8.4758247770000708],[124.70811547200003,8.4758247810000285],[124.70808063800007,8.4758321740000611],[124.70803336000006,8.4758346490000349],[124.70800101500004,8.4758445030000757],[124.70795871900009,8.4758617440000421],[124.70781937300001,8.4758617840000738],[124.70778453200012,8.4758470280000324],[124.70775964100005,8.4758224230000678],[124.70774968700005,8.4758175040000765],[124.70773724600008,8.4758224300000506],[124.7077347610001,8.475832275000073],[124.70772978700006,8.4758421210000279],[124.70772979100002,8.4758544270000584],[124.70772730500005,8.4758618110000725],[124.70771487000002,8.4758839650000368],[124.70769247700002,8.4758913550000443],[124.70767008200005,8.4758913620000271],[124.70763524800009,8.4758987550000597],[124.7076178320001,8.475906144000021],[124.70759544100008,8.4759209170000531],[124.70757553700003,8.4759283060000712],[124.70753572500007,8.4759332400000744],[124.70750337700008,8.4759332490000361],[124.70748097800004,8.4759209500000452],[124.70745858100008,8.4759111120000625],[124.70743618300003,8.4759037350000312],[124.70742871700008,8.4758988150000505],[124.70741627500001,8.4758963580000568],[124.70740880200003,8.4758692870000232],[124.70738888400001,8.475832376000028],[124.70738639300009,8.475822532000052],[124.70736398800011,8.4757905430000733],[124.70736397400003,8.4757437810000624],[124.70736646000012,8.4757339360000401],[124.70736645300008,8.4757093250000253],[124.70736893700007,8.4756970180000621],[124.7073739110001,8.4756871720000504],[124.70737388600003,8.475603493000051],[124.70737139400001,8.4755911880000667],[124.70735645500008,8.4755591970000523],[124.70735645100001,8.4755468920000681],[124.70734399300011,8.4754927500000576],[124.70733154100003,8.4754582970000456],[124.70733153600008,8.4754410690000554],[124.70732654800008,8.4754041530000563],[124.70731409600012,8.4753672390000361],[124.70729373900008,8.4753104160000703],[124.70727880400011,8.4752956530000461],[124.70727133600008,8.4752858110000489],[124.70725639900002,8.4752612040000486],[124.70725141900004,8.4752488990000643],[124.70724643500012,8.4752242890000389],[124.70724643200003,8.4752144450000628],[124.70724394000001,8.4752021400000217],[124.70724392400007,8.4751479940000536],[124.70724640900005,8.4751381490000313],[124.70725138300008,8.4751283030000764],[124.70725635400004,8.4751086120000423],[124.70725883800003,8.4750938450000604],[124.7072588310001,8.4750692330000561],[124.70725384700006,8.4750470850000283],[124.70724886800008,8.4750372410000523],[124.70724388600001,8.475020015000041],[124.70723143800001,8.4749978680000595],[124.7072264520001,8.4749658750000663],[124.70721649300003,8.4749461880000467],[124.70720403200005,8.4748822020000603],[124.70720402400002,8.4748551300000372],[124.70719157600001,8.4748329830000557],[124.7071890850001,8.4748231390000228],[124.70718410600011,8.4748157570000444],[124.7071716480001,8.4747591540000258],[124.70717164500002,8.4747493100000497],[124.70718159600005,8.4747419230000673],[124.70719154800008,8.4747369980000258],[124.70720398900005,8.4747369950000575],[124.70721394100008,8.4747320690000265],[124.7072139280001,8.4746877690000701],[124.70721143700007,8.4746779250000372],[124.7072064570001,8.4746680820000506],[124.7071965020001,8.4746631620000699],[124.70718157300007,8.4746631670000738],[124.70716664700001,8.4746779380000703],[124.7071566940001,8.4746804020000468],[124.70713181100007,8.4746804090000296],[124.70712185700006,8.4746779510000465],[124.70710692200009,8.4746607270000709],[124.70710443100006,8.474650883000038],[124.70707206700001,8.474596747000021],[124.70705215200007,8.4745672190000505],[124.70704966100004,8.4745598370000721],[124.70703223600003,8.4745352300000718],[124.70701481200001,8.4745155460000205],[124.70699738600001,8.4744884780000689],[124.70698991800009,8.4744810970000231],[124.70696004300009,8.4744294220000711],[124.70695257300008,8.4744121960000598],[124.70694509800012,8.4743777420000583],[124.70694507900009,8.4743137520000573],[124.70694258800006,8.4743039080000244],[124.70693760900008,8.474296526000046],[124.70674471600012,8.4745180730000698],[124.70675218700001,8.4745402210000407],[124.70675219900011,8.4745820610000351],[124.70674722900003,8.4746042120000311],[124.70673230900002,8.474636212000064],[124.70672484700003,8.4746460580000758],[124.70670495200011,8.4746879040000636],[124.70669500600002,8.4747125180000467],[124.70668505700007,8.4747272880000537],[124.70667510700002,8.4747371350000549],[124.7066651560001,8.4747445220000373],[124.70665769200002,8.4747469850000243],[124.70663032500011,8.4747642210000436],[124.70658802900005,8.4747814610000205],[124.70656812200002,8.4747814670000707],[124.70655568100005,8.4747839310000472],[124.70654075100003,8.4747839360000512],[124.70653080000011,8.4747888610000359],[124.70629689800012,8.4747889280000663],[124.70628196700011,8.4747864710000727],[124.70627201200011,8.4747815520000245],[124.70625708200009,8.4747790950000308],[124.70624215100008,8.4747741770000289],[124.70619237800008,8.474754502000053],[124.70613016100003,8.4747225250000611],[124.70612020600004,8.4747151450000615],[124.70610029400007,8.4746979220000753],[124.70609282600003,8.4746880800000213],[124.70606793700006,8.4746659370000543],[124.70604055600006,8.4746339500000545],[124.70602811200001,8.4746265700000549],[124.70601815600003,8.4746167280000577],[124.70601068800011,8.4746044240000629],[124.70600073200001,8.4745970440000633],[124.70598828600009,8.4745822810000391],[124.70597348400008,8.4745713070000761],[124.70597899400002,8.4742301050000606],[124.70585085500011,8.4738627160000419],[124.7059809210001,8.4737413240000592],[124.70580225700007,8.473272330000043],[124.70537792900006,8.4727586700000757],[124.70508759900008,8.4722785090000343],[124.70524393100004,8.4721110110000382],[124.70580225700007,8.4716755170000511],[124.7061790890001,8.4710694500000727],[124.70628241700001,8.4709050260000254],[124.70659492700008,8.4701992070000642],[124.70669637100002,8.4697728600000346],[124.70689461800009,8.4689110910000522],[124.70707713400009,8.4683479010000724],[124.70720228700009,8.4678472870000405],[124.70726486400008,8.4673101710000651],[124.70725693300005,8.4668800840000245],[124.70762938500002,8.4662032810000483],[124.70800798700009,8.4659934530000669],[124.70851431000006,8.4660892440000453],[124.70925782900008,8.4662580180000759],[124.70972766000011,8.4656011670000453],[124.70958625500009,8.4651039670000614],[124.70905256300011,8.4647390490000589],[124.7090388790001,8.4640958820000378],[124.70977327500009,8.4637857030000418],[124.71084522000001,8.4634481540000479],[124.71126005000008,8.463211000000058],[124.71149751000007,8.4629737610000575],[124.71173470600002,8.4623442790000354],[124.71208137800011,8.4616007600000671],[124.71239155800004,8.4610807520000435],[124.71286595000004,8.4603509170000279],[124.71332753500008,8.4600294480000571],[124.71387879300005,8.4598682020000524],[124.7143150280001,8.459331551000048],[124.71471116500004,8.4586713230000328],[124.71481786200002,8.4583177960000739],[124.71513371100002,8.4582487770000512],[124.71595239400006,8.458460050000042],[124.71641236100004,8.4587397830000555],[124.71680413700005,8.4590017340000259],[124.71692780100011,8.4591666200000759],[124.71719574100007,8.4593795970000656],[124.71749116100011,8.4594517340000266],[124.71851139100011,8.4595822690000659],[124.7200458100001,8.4597276880000436],[124.72157754000011,8.4598333250000337],[124.7229508150001,8.4600974160000533],[124.7235601000001,8.4601495160000582],[124.72448254400001,8.4602030530000434],[124.72535842100001,8.4598936280000316],[124.72603036700002,8.4594279820000224],[124.72612963600011,8.4591538920000744],[124.72669641900006,8.4586794100000589],[124.72719457400001,8.4583793920000403],[124.72782811700006,8.4583552260000374],[124.72987932000001,8.4590389600000435],[124.73126447200002,8.45968143500005],[124.73154150200003,8.4598287910000636],[124.73178906100009,8.4597639550000281],[124.73213201200008,8.4594927360000725],[124.73276750800005,8.4589623350000238],[124.73336872300001,8.457860108000034],[124.73329376200002,8.4558864700000527],[124.73295491800002,8.4544584850000319],[124.74253935800004,8.4520623750000254],[124.7453418660001,8.421931728000061],[124.7453473700001,8.4219139860000496],[124.77101278400005,8.4219807720000404],[124.76968224900008,8.4252470790000302],[124.76334586600001,8.4404524620000529],[124.76265892000004,8.4552853910000749],[124.75909311300006,8.4648737820000406],[124.75848592400007,8.4649621410000577],[124.75811715400005,8.4652820920000522],[124.75794396700007,8.4658176450000724],[124.75743995800008,8.4659592880000218],[124.75617519400009,8.4663875150000649],[124.75509964700007,8.4665866900000424],[124.75438261600004,8.4666066080000633],[124.75363570900004,8.4669651230000227],[124.7527991720001,8.4678116180000416],[124.75280913100005,8.4683792680000352],[124.75318756400009,8.4687377830000514],[124.75382703700006,8.4687341450000417],[124.75452203900011,8.4688672470000483],[124.75524298500011,8.4692474070000685],[124.75570713200011,8.4694448560000524],[124.75618515300005,8.4699228770000445],[124.75599593600009,8.4704008970000473],[124.75585651400002,8.470759413000053],[124.75525898800004,8.4713071450000257],[124.7545884860001,8.4717186520000496],[124.75391455400006,8.472163599000055],[124.7532871520001,8.4722532280000564],[124.75273942000001,8.4723926510000638],[124.75199251200002,8.4720938880000745],[124.75191284200002,8.4714664850000645],[124.75149457400005,8.4708590010000648],[124.75105638800005,8.4703909390000263],[124.75060824400009,8.4704108560000577],[124.75033935700003,8.4706598250000411],[124.7497318720001,8.4714366090000226],[124.74953979300005,8.4715923080000266],[124.74897500600002,8.4719146300000716],[124.7487260370001,8.4718648360000657],[124.74871607800003,8.4709585880000304],[124.74897174900002,8.469373408000024],[124.74896338100007,8.4686202600000229],[124.74861191100001,8.4683106320000547],[124.74813491700002,8.4682604220000712],[124.74752403000002,8.468896414000028],[124.74694661600006,8.4691558320000695],[124.74667046200011,8.4693315670000402],[124.74662862000002,8.4696997720000695],[124.74759100500012,8.4706833300000426],[124.74761065500002,8.4715361970000345],[124.74753014700002,8.4723515070000417],[124.74703890000001,8.4729767310000739],[124.74660482000002,8.4730200530000275],[124.7463006050001,8.473099965000074],[124.74616663400002,8.4734283620000497],[124.74619038300011,8.4737359300000321],[124.74612679900008,8.4741852290000566],[124.74626622200003,8.4749520540000276],[124.74651519100007,8.4756890020000242],[124.7469215110001,8.4764781080000375],[124.7469736490001,8.4773303510000346],[124.74610026000005,8.4779126100000326],[124.74564952800006,8.4785785550000696],[124.74543964400004,8.4788758080000548],[124.74515579700005,8.4789132880000579],[124.74472064400004,8.4786120290000326],[124.74418918700007,8.4780484200000501],[124.74386707600002,8.4778839850000622],[124.74333150400003,8.4776998820000244],[124.7427289850001,8.4777249870000446],[124.74243609400003,8.4783024010000645],[124.74246681900001,8.4787754290000521],[124.74268106600005,8.4790351480000368],[124.74288539700001,8.4797356960000343],[124.74268841900005,8.4803266290000465],[124.74223701200003,8.4808601100000374],[124.74216354100008,8.4816031810000254],[124.74204193800006,8.4822076690000472],[124.7415475900001,8.4822553690000291],[124.74110605900012,8.4821535240000685],[124.74080071600008,8.4820583910000664],[124.74016053800005,8.4820912210000756],[124.73954498300009,8.4823948950000272],[124.73892253700001,8.4825746260000301],[124.73882751600001,8.4826001290000477],[124.73822383300001,8.4824095820000593],[124.73780811300003,8.4821657020000316],[124.7374897090001,8.4819425380000553],[124.73703783300004,8.4818039420000559],[124.7363392530001,8.4822459370000729],[124.73625446100004,8.4832468690000269],[124.73613716900002,8.4836847640000315],[124.73594444000003,8.4842701610000404],[124.73574849500005,8.4846596320000458],[124.73545630700005,8.4849716060000446],[124.73520465900003,8.4852466320000417],[124.73508564300005,8.4856856980000543],[124.73511569800007,8.4861575920000405],[124.73520341900007,8.4864276930000528],[124.73517148300004,8.4866559010000628],[124.73500280500002,8.4873543280000376],[124.73468940300006,8.4883133760000646],[124.73455375000003,8.4887466620000396],[124.73443644700001,8.4886452210000698],[124.73442400500005,8.4886452260000738]]]},"properties":{"brgy_name":"Tablon","city_name":"Cagayan de Oro City","prov_name":"Misamis Oriental"}},{"type":"Feature","geometry":{"type":"Polygon","coordinates":[[[124.55309316900002,8.3482283710000615],[124.56132827600004,8.3470571810000251],[124.56135154500009,8.3470538720000604],[124.56734500700009,8.3506343600000719],[124.56969742400008,8.364091123000037],[124.56988257300009,8.3779674850000561],[124.53802585800008,8.3760126690000334],[124.53927101500005,8.368142257000045],[124.53783515900011,8.3614415950000307],[124.54670852400011,8.3490892220000319],[124.55309316900002,8.3482283710000615]]]},"properties":{"brgy_name":"Tagpangi","city_name":"Cagayan de Oro City","prov_name":"Misamis Oriental"}},{"type":"Feature","geometry":{"type":"Polygon","coordinates":[[[124.53171147300009,8.4042272140000591],[124.5303677820001,8.4044455420000759],[124.52998397400006,8.4060805940000591],[124.52949501400008,8.4081116670000711],[124.52820500900009,8.4105705340000441],[124.52695172900007,8.4090084190000312],[124.52405762500007,8.4075822570000582],[124.52239670400002,8.4058559970000601],[124.52300135200005,8.402987625000037],[124.52444962600009,8.4008466690000319],[124.52468004200011,8.398114000000021],[124.52422690900005,8.3968806080000604],[124.52245223300008,8.3959474150000233],[124.51852198100005,8.3958586680000735],[124.51763865100008,8.3948080040000264],[124.51855023500002,8.3929255700000454],[124.51710835900008,8.3922276640000746],[124.51486451500011,8.3926451190000648],[124.51319380000007,8.3916425620000723],[124.50994200800005,8.3911058360000652],[124.50748497600011,8.3894830400000728],[124.50716477200001,8.3872584090000259],[124.50923365400001,8.3838500330000443],[124.51244087000009,8.3835958540000206],[124.51431462700009,8.3823708200000624],[124.51498384400008,8.3802528740000639],[124.51402905000009,8.3798349890000736],[124.53783515900011,8.3614415950000307],[124.53927101500005,8.368142257000045],[124.53802585800008,8.3760126690000334],[124.53379154900006,8.3950148320000721],[124.53368141200008,8.3956220730000268],[124.53171147300009,8.4042272140000591]]]},"properties":{"brgy_name":"Taglimao","city_name":"Cagayan de Oro City","prov_name":"Misamis Oriental"}},{"type":"Feature","geometry":{"type":"Polygon","coordinates":[[[124.58271630700006,8.2886920710000709],[124.58210168300002,8.2891040570000314],[124.58132830800002,8.2893312720000267],[124.58018302800008,8.2886802770000259],[124.57913571300003,8.2875771960000293],[124.57807368100009,8.2863852680000605],[124.57601368100006,8.2851293660000351],[124.57499067900005,8.2841804390000675],[124.5705126040001,8.2815061620000279],[124.5653221980001,8.2790614050000499],[124.56137268700002,8.2788638710000555],[124.52719171100011,8.2693868490000568],[124.5176137840001,8.2694855910000342],[124.50823333900007,8.2756075650000298],[124.50703357400005,8.2399158080000348],[124.51008559800005,8.2261817000000406],[124.51507276400002,8.1944484020000345],[124.52852482100002,8.1939636450000535],[124.52831242600007,8.1949361600000543],[124.52873794000004,8.19600381500004],[124.54355285300005,8.197531065000021],[124.55652163100001,8.2007553960000337],[124.56652873900009,8.2030751750000377],[124.56607925600008,8.2034984250000207],[124.56586454800004,8.2048110110000607],[124.56590791200006,8.2063699720000614],[124.5665421110001,8.2088891450000574],[124.56684116400004,8.2095877680000626],[124.56789012900003,8.2098995330000548],[124.56876709800008,8.2100901590000603],[124.56977476300005,8.2103866200000652],[124.57052296900008,8.2113393160000214],[124.57145332900006,8.212572347000048],[124.57149558800006,8.2134611720000521],[124.57141243000001,8.2148115780000239],[124.57074871300006,8.2159544970000411],[124.56961404800006,8.217012976000035],[124.56550882700003,8.2189943350000476],[124.56471686600003,8.2198191680000718],[124.56450219100009,8.2207712560000346],[124.5649506420001,8.2217872060000445],[124.56537822000007,8.2222318100000393],[124.56595535600002,8.2230999460000476],[124.56621160000009,8.2239894000000504],[124.5662753470001,8.2247519300000249],[124.56548328400004,8.2269925950000697],[124.5653330240001,8.2276068550000332],[124.56571806300008,8.2279458820000286],[124.56625304000011,8.228179027000067],[124.56716434800001,8.2280659830000218],[124.56857628400007,8.2281720750000318],[124.56917505600006,8.2284473350000553],[124.56951711600004,8.2287225650000551],[124.56932394600005,8.229336437000029],[124.56925899100008,8.2300986560000524],[124.56945088700002,8.2308187160000443],[124.56996403300002,8.2313695030000531],[124.57041365000009,8.2312001220000752],[124.57077776900007,8.2308612960000573],[124.57118466800011,8.2305013310000277],[124.57178385600002,8.2305437830000301],[124.57214743400004,8.2309250560000464],[124.57223268500002,8.2315181480000206],[124.57205917100009,8.2322772050000594],[124.57175633200006,8.2369558590000338],[124.57204040400006,8.2377092370000469],[124.57291932200008,8.2386706790000517],[124.57351810800003,8.2390305590000708],[124.57360345900008,8.239390386000025],[124.57332509200012,8.2397290190000376],[124.57341034300009,8.2402371070000413],[124.57379518300002,8.2407664850000515],[124.57453300100008,8.2413145330000361],[124.57788184800006,8.2432168030000526],[124.57835235500011,8.2435555010000598],[124.57843761300012,8.2442540260000214],[124.57838175400002,8.2446186450000596],[124.57801914800007,8.2452604050000673],[124.5777466080001,8.2463055160000636],[124.57752118400003,8.2477247400000238],[124.57773171500003,8.2484562390000633],[124.57818610400011,8.2495505950000734],[124.57927950400006,8.2508682610000506],[124.57979212300006,8.2512862840000594],[124.58101404800004,8.2515701010000271],[124.58215035100011,8.251730579000025],[124.58260270800008,8.2519992620000266],[124.58290409800009,8.252506770000025],[124.58293388000004,8.2531337790000521],[124.58276749000004,8.2537609120000752],[124.58249725300004,8.2542388070000356],[124.58181431200001,8.2551209080000376],[124.58077312300009,8.2560162700000319],[124.57964095400007,8.2570313870000405],[124.57917228800011,8.2582561530000476],[124.57915644700006,8.259302200000036],[124.57941240000002,8.2603487110000628],[124.57980657500002,8.2611566470000639],[124.58034965200011,8.2614254880000431],[124.58368266900004,8.261316296000075],[124.58431622800003,8.2613313010000411],[124.58488941200005,8.2616596910000339],[124.58522126100002,8.2623612730000673],[124.58519104000004,8.2630928610000751],[124.58487407400003,8.2637200630000507],[124.5843305840001,8.2645266700000661],[124.5837119360001,8.2655175520000626],[124.58325896000008,8.2661745660000747],[124.58327379900004,8.2667571130000397],[124.58348471000011,8.2677582290000373],[124.5837722870001,8.2688717180000708],[124.58389266300003,8.2698118220000651],[124.58414887100002,8.2707970660000569],[124.58514156900003,8.2726029110000354],[124.58763601400005,8.2757708260000413],[124.58778684600009,8.2764281010000218],[124.58760563100009,8.2769360750000374],[124.58721302800006,8.2774142330000586],[124.58679705300005,8.2776379420000694],[124.58602896600007,8.2777271990000258],[124.58453146400007,8.2774440570000252],[124.58338701800005,8.2774290030000657],[124.58292003400004,8.2776225400000385],[124.58266353400006,8.2781736080000314],[124.58267794400001,8.2789036280000232],[124.58285807200002,8.2796338720000335],[124.58342997300008,8.2803941860000236],[124.58599057800006,8.2837078680000218],[124.58632146700006,8.2850637970000207],[124.58618543600005,8.2863159880000694],[124.58580837900001,8.2871212490000516],[124.58463019900012,8.2878278570000248],[124.58384662900005,8.2882003340000665],[124.58327408100001,8.2882896840000626],[124.58271630700006,8.2886920710000709]]]},"properties":{"brgy_name":"Tignapoloan","city_name":"Cagayan de Oro City","prov_name":"Misamis Oriental"}},{"type":"Feature","geometry":{"type":"Polygon","coordinates":[[[124.47026627600007,8.3414183240000739],[124.46985411500009,8.3415328130000717],[124.46976252400009,8.3424487250000539],[124.47019758300007,8.3432272510000303],[124.47047235600007,8.3437996970000654],[124.47063264100007,8.3444637330000546],[124.47003729800008,8.3455399310000757],[124.4693045680001,8.3465016390000528],[124.46815967700002,8.3476694280000743],[124.46685450100006,8.3484937490000561],[124.46488528900011,8.3486540340000488],[124.46449602600001,8.3480128950000676],[124.46465631100011,8.3473717560000296],[124.46454182200011,8.3466619240000455],[124.46438153700001,8.3461810700000569],[124.46385488700002,8.3458605000000716],[124.46351142000003,8.3457002150000221],[124.46324237100009,8.3450733880000598],[124.46328244200004,8.3446927120000396],[124.46362590900003,8.3444637330000546],[124.46406096800001,8.3441660620000562],[124.46458761800011,8.3436394120000728],[124.46470210700011,8.3430440690000296],[124.46449602600001,8.3425632150000411],[124.46412966100002,8.3422884410000506],[124.46353431800003,8.3423571340000535],[124.46307636200004,8.3427463970000417],[124.46245812100005,8.3431356600000299],[124.46181698200007,8.3432730470000251],[124.4612216380001,8.3432501490000277],[124.4608781710001,8.3430440690000296],[124.46084668700007,8.3425231430000508],[124.46117584300009,8.3419220760000599],[124.46142771900008,8.3413267320000273],[124.46149641200009,8.3408687760000362],[124.46158800400008,8.3405940020000457],[124.46138764800003,8.3399728990000312],[124.46106135400009,8.3396551920000661],[124.4607865800001,8.3395407030000683],[124.46055760200011,8.339334622000024],[124.46028282800012,8.3391743380000207],[124.45996225900001,8.3393804180000757],[124.45966458700002,8.3396093960000712],[124.45938981300003,8.3397925790000613],[124.45884026600004,8.3397696810000639],[124.45849679800006,8.3397009870000716],[124.45824492200006,8.3394262140000706],[124.45813043300006,8.3391285420000258],[124.45797014800007,8.3388537680000354],[124.45783276200007,8.3386476880000373],[124.45762668100008,8.338556097000037],[124.45721452100008,8.3385045770000374],[124.4567794620001,8.3384416080000392],[124.45636730100011,8.3382584250000491],[124.45602383400001,8.338075242000059],[124.45570326500001,8.3378920600000583],[124.45561167300002,8.3376401840000653],[124.45565746900002,8.3371822280000742],[124.45600093600001,8.3368616580000321],[124.45652758600011,8.3365868840000417],[124.45712292900009,8.3364266000000384],[124.45799304600007,8.3361747240000454],[124.45849679800006,8.336151826000048],[124.4589146830001,8.335722492000059],[124.45941271100003,8.334755059000031],[124.46001785700003,8.3339496200000553],[124.46022120700002,8.3332175600000369],[124.46026187700011,8.3326075100000594],[124.45985517700001,8.3320788000000334],[124.45883842700005,8.3314280800000233],[124.45822837700007,8.33094004000003],[124.45765899700007,8.3304520000000366],[124.45729296700006,8.3299639600000432],[124.45717095700002,8.3293539100000658],[124.45680492700001,8.3285811800000715],[124.45717095700002,8.3278084500000205],[124.45782167700008,8.3271577300000672],[124.45859440700008,8.3267103600000496],[124.45961115700004,8.3269137100000421],[124.46070924700007,8.3268730400000663],[124.46083723900006,8.3266157040000621],[124.47745729200005,8.3042721880000272],[124.50703357400005,8.2399158080000348],[124.50823333900007,8.2756075650000298],[124.50520190800012,8.2890147370000591],[124.51089936000005,8.2927885900000433],[124.51307167400012,8.2970344750000322],[124.51813530900006,8.302500847000033],[124.52590807200011,8.3089822000000595],[124.51421687300001,8.31468447900005],[124.47098074500002,8.3371495880000452],[124.47017052800004,8.338696366000022],[124.47017359300003,8.3388700140000651],[124.47022948200004,8.3408606060000352],[124.47026627600007,8.3414183240000739]]]},"properties":{"brgy_name":"Tumpagon","city_name":"Cagayan de Oro City","prov_name":"Misamis Oriental"}}]}